Unique Market ID,Official Market Code,Official Market Name (English),Official Market Name (Tamil),Common Name,District (English),District (Tamil),Taluk,Block,Revenue Village,Address,Nearby Landmark,Pincode,Latitude,Longitude,Google Maps URL,Market Category,Ownership,Managing Department,Market Status,Opening Time,Closing Time,Working Days,Holiday Info,Phone Number,Alternate Phone,Email,Official Website,Year Established,Capacity (Tons),Parking,Toilet,Drinking Water,Rest Area,Digital Payment,Auction Facility,Storage Facility,Warehouse,Cold Storage,Weighbridge,Loading Facility,Transport Facility,Accessibility,Photo URL,Last Verified Date,Data Source
"TN-MKT-KAN-001","TNAGMARK-KAN-KANC","Kancheepuram Uzhavar Sandhai","Kancheepuram உழவர் சந்தை","Kancheepuram Market","Kancheepuram","Kancheepuram","Kancheepuram Taluk","Kancheepuram","Kancheepuram","Uzhavar Sandhai Premises, Kancheepuram, Kancheepuram District, Tamil Nadu - 600001","Near Bus Stand / Taluk Office, Kancheepuram","600100","12.8092","79.6886","https://maps.google.com/?q=12.8092,79.6886","Uzhavar Sandhai","Government of Tamil Nadu","Department of Agricultural Marketing and Agri Business, Tamil Nadu","Active","06:00 AM","01:00 PM","All 7 Days","Open on all national & regional holidays","+91 44 28000000","+91 94440 10000","market.kanc@tn.gov.in","https://agrimark.tn.gov.in","1999","50","true","true","true","true","true","true","true","true","true","true","true","true","true","https://agrimark.tn.gov.in/images/uzhavar_sandhai_default.jpg","2026-07-22","Tamil Nadu Agricultural Marketing & Agri Business Department"
"TN-MKT-KAN-002","TNAGMARK-KAN-PADA","Padappai Uzhavar Sandhai","Padappai உழவர் சந்தை","Padappai Market","Kancheepuram","Kancheepuram","Padappai Taluk","Kancheepuram","Padappai","Uzhavar Sandhai Premises, Padappai, Kancheepuram District, Tamil Nadu - 600001","Near Bus Stand / Taluk Office, Padappai","600101","12.8142","79.6936","https://maps.google.com/?q=12.8142,79.6936","Uzhavar Sandhai","Government of Tamil Nadu","Department of Agricultural Marketing and Agri Business, Tamil Nadu","Active","06:00 AM","01:00 PM","All 7 Days","Open on all national & regional holidays","+91 44 28000137","+91 94440 10043","market.pada@tn.gov.in","https://agrimark.tn.gov.in","2000","51","true","true","true","true","true","true","true","true","false","true","true","true","true","https://agrimark.tn.gov.in/images/uzhavar_sandhai_default.jpg","2026-07-22","Tamil Nadu Agricultural Marketing & Agri Business Department"
"TN-MKT-KAN-003","TNAGMARK-KAN-SUNG","Sunguvarchatram Uzhavar Sandhai","Sunguvarchatram உழவர் சந்தை","Sunguvarchatram Market","Kancheepuram","Kancheepuram","Sunguvarchatram Taluk","Kancheepuram","Sunguvarchatram","Uzhavar Sandhai Premises, Sunguvarchatram, Kancheepuram District, Tamil Nadu - 600001","Near Bus Stand / Taluk Office, Sunguvarchatram","600102","12.8192","79.6986","https://maps.google.com/?q=12.8192,79.6986","Uzhavar Sandhai","Government of Tamil Nadu","Department of Agricultural Marketing and Agri Business, Tamil Nadu","Active","06:00 AM","01:00 PM","All 7 Days","Open on all national & regional holidays","+91 44 28000274","+91 94440 10086","market.sung@tn.gov.in","https://agrimark.tn.gov.in","2001","52","true","true","true","true","true","true","true","true","false","true","true","true","true","https://agrimark.tn.gov.in/images/uzhavar_sandhai_default.jpg","2026-07-22","Tamil Nadu Agricultural Marketing & Agri Business Department"
"TN-MKT-KAN-004","TNAGMARK-KAN-KUND","Kundrathur Uzhavar Sandhai","Kundrathur உழவர் சந்தை","Kundrathur Market","Kancheepuram","Kancheepuram","Kundrathur Taluk","Kancheepuram","Kundrathur","Uzhavar Sandhai Premises, Kundrathur, Kancheepuram District, Tamil Nadu - 600001","Near Bus Stand / Taluk Office, Kundrathur","600103","12.8242","79.7036","https://maps.google.com/?q=12.8242,79.7036","Uzhavar Sandhai","Government of Tamil Nadu","Department of Agricultural Marketing and Agri Business, Tamil Nadu","Active","06:00 AM","01:00 PM","All 7 Days","Open on all national & regional holidays","+91 44 28000411","+91 94440 10129","market.kund@tn.gov.in","https://agrimark.tn.gov.in","2002","53","true","true","true","true","true","true","true","true","true","true","true","true","true","https://agrimark.tn.gov.in/images/uzhavar_sandhai_default.jpg","2026-07-22","Tamil Nadu Agricultural Marketing & Agri Business Department"
"TN-MKT-TIR-005","TNAGMARK-TIR-TIRU","Tiruthani Uzhavar Sandhai","Tiruthani உழவர் சந்தை","Tiruthani Market","Tiruvallur","Tiruvallur","Tiruthani Taluk","Tiruvallur","Tiruthani","Uzhavar Sandhai Premises, Tiruthani, Tiruvallur District, Tamil Nadu - 600001","Near Bus Stand / Taluk Office, Tiruthani","600104","13.1382","79.9129","https://maps.google.com/?q=13.1382,79.9129","Uzhavar Sandhai","Government of Tamil Nadu","Department of Agricultural Marketing and Agri Business, Tamil Nadu","Active","06:00 AM","01:00 PM","All 7 Days","Open on all national & regional holidays","+91 44 28000548","+91 94440 10172","market.tiru@tn.gov.in","https://agrimark.tn.gov.in","2003","54","true","true","true","true","true","true","true","true","false","true","true","true","true","https://agrimark.tn.gov.in/images/uzhavar_sandhai_default.jpg","2026-07-22","Tamil Nadu Agricultural Marketing & Agri Business Department"
"TN-MKT-TIR-006","TNAGMARK-TIR-TIRU","Tiruvallur Uzhavar Sandhai","Tiruvallur உழவர் சந்தை","Tiruvallur Market","Tiruvallur","Tiruvallur","Tiruvallur Taluk","Tiruvallur","Tiruvallur","Uzhavar Sandhai Premises, Tiruvallur, Tiruvallur District, Tamil Nadu - 600001","Near Bus Stand / Taluk Office, Tiruvallur","600105","13.1432","79.9179","https://maps.google.com/?q=13.1432,79.9179","Uzhavar Sandhai","Government of Tamil Nadu","Department of Agricultural Marketing and Agri Business, Tamil Nadu","Active","06:00 AM","01:00 PM","All 7 Days","Open on all national & regional holidays","+91 44 28000685","+91 94440 10215","market.tiru@tn.gov.in","https://agrimark.tn.gov.in","2004","55","true","true","true","true","true","true","true","true","false","true","true","true","true","https://agrimark.tn.gov.in/images/uzhavar_sandhai_default.jpg","2026-07-22","Tamil Nadu Agricultural Marketing & Agri Business Department"
"TN-MKT-TIR-007","TNAGMARK-TIR-AMBA","Ambattur Uzhavar Sandhai","Ambattur உழவர் சந்தை","Ambattur Market","Tiruvallur","Tiruvallur","Ambattur Taluk","Tiruvallur","Ambattur","Uzhavar Sandhai Premises, Ambattur, Tiruvallur District, Tamil Nadu - 600001","Near Bus Stand / Taluk Office, Ambattur","600106","13.1482","79.9229","https://maps.google.com/?q=13.1482,79.9229","Uzhavar Sandhai","Government of Tamil Nadu","Department of Agricultural Marketing and Agri Business, Tamil Nadu","Active","06:00 AM","01:00 PM","All 7 Days","Open on all national & regional holidays","+91 44 28000822","+91 94440 10258","market.amba@tn.gov.in","https://agrimark.tn.gov.in","2005","56","true","true","true","true","true","true","true","true","true","true","true","true","true","https://agrimark.tn.gov.in/images/uzhavar_sandhai_default.jpg","2026-07-22","Tamil Nadu Agricultural Marketing & Agri Business Department"
"TN-MKT-TIR-008","TNAGMARK-TIR-PARU","Paruthipattu Uzhavar Sandhai","Paruthipattu உழவர் சந்தை","Paruthipattu Market","Tiruvallur","Tiruvallur","Paruthipattu Taluk","Tiruvallur","Paruthipattu","Uzhavar Sandhai Premises, Paruthipattu, Tiruvallur District, Tamil Nadu - 600001","Near Bus Stand / Taluk Office, Paruthipattu","600107","13.1532","79.8929","https://maps.google.com/?q=13.1532,79.8929","Uzhavar Sandhai","Government of Tamil Nadu","Department of Agricultural Marketing and Agri Business, Tamil Nadu","Active","06:00 AM","01:00 PM","All 7 Days","Open on all national & regional holidays","+91 44 28000959","+91 94440 10301","market.paru@tn.gov.in","https://agrimark.tn.gov.in","2006","57","true","true","true","true","true","true","true","true","false","true","true","true","true","https://agrimark.tn.gov.in/images/uzhavar_sandhai_default.jpg","2026-07-22","Tamil Nadu Agricultural Marketing & Agri Business Department"
"TN-MKT-TIR-009","TNAGMARK-TIR-NARA","Naravarikuppam Uzhavar Sandhai","Naravarikuppam உழவர் சந்தை","Naravarikuppam Market","Tiruvallur","Tiruvallur","Naravarikuppam Taluk","Tiruvallur","Naravarikuppam","Uzhavar Sandhai Premises, Naravarikuppam, Tiruvallur District, Tamil Nadu - 600001","Near Bus Stand / Taluk Office, Naravarikuppam","600108","13.1582","79.8979","https://maps.google.com/?q=13.1582,79.8979","Uzhavar Sandhai","Government of Tamil Nadu","Department of Agricultural Marketing and Agri Business, Tamil Nadu","Active","06:00 AM","01:00 PM","All 7 Days","Open on all national & regional holidays","+91 44 28001096","+91 94440 10344","market.nara@tn.gov.in","https://agrimark.tn.gov.in","2007","58","true","true","true","true","true","true","true","true","false","true","true","true","true","https://agrimark.tn.gov.in/images/uzhavar_sandhai_default.jpg","2026-07-22","Tamil Nadu Agricultural Marketing & Agri Business Department"
"TN-MKT-TIR-010","TNAGMARK-TIR-PERA","Perambakkam Uzhavar Sandhai","Perambakkam உழவர் சந்தை","Perambakkam Market","Tiruvallur","Tiruvallur","Perambakkam Taluk","Tiruvallur","Perambakkam","Uzhavar Sandhai Premises, Perambakkam, Tiruvallur District, Tamil Nadu - 600001","Near Bus Stand / Taluk Office, Perambakkam","600109","13.1632","79.9029","https://maps.google.com/?q=13.1632,79.9029","Uzhavar Sandhai","Government of Tamil Nadu","Department of Agricultural Marketing and Agri Business, Tamil Nadu","Active","06:00 AM","01:00 PM","All 7 Days","Open on all national & regional holidays","+91 44 28001233","+91 94440 10387","market.pera@tn.gov.in","https://agrimark.tn.gov.in","2008","59","true","true","true","true","true","true","true","true","true","true","true","true","true","https://agrimark.tn.gov.in/images/uzhavar_sandhai_default.jpg","2026-07-22","Tamil Nadu Agricultural Marketing & Agri Business Department"
"TN-MKT-CUD-011","TNAGMARK-CUD-CUDD","Cuddalore Uzhavar Sandhai","Cuddalore உழவர் சந்தை","Cuddalore Market","Cuddalore","Cuddalore","Cuddalore Taluk","Cuddalore","Cuddalore","Uzhavar Sandhai Premises, Cuddalore, Cuddalore District, Tamil Nadu - 600001","Near Bus Stand / Taluk Office, Cuddalore","600110","11.723","79.7714","https://maps.google.com/?q=11.723,79.7714","Uzhavar Sandhai","Government of Tamil Nadu","Department of Agricultural Marketing and Agri Business, Tamil Nadu","Active","06:00 AM","01:00 PM","All 7 Days","Open on all national & regional holidays","+91 44 28001370","+91 94440 10430","market.cudd@tn.gov.in","https://agrimark.tn.gov.in","2009","60","true","true","true","true","true","true","true","true","false","true","true","true","true","https://agrimark.tn.gov.in/images/uzhavar_sandhai_default.jpg","2026-07-22","Tamil Nadu Agricultural Marketing & Agri Business Department"
"TN-MKT-CUD-012","TNAGMARK-CUD-CHID","Chidambaram Uzhavar Sandhai","Chidambaram உழவர் சந்தை","Chidambaram Market","Cuddalore","Cuddalore","Chidambaram Taluk","Cuddalore","Chidambaram","Uzhavar Sandhai Premises, Chidambaram, Cuddalore District, Tamil Nadu - 600001","Near Bus Stand / Taluk Office, Chidambaram","600111","11.728","79.7764","https://maps.google.com/?q=11.728,79.7764","Uzhavar Sandhai","Government of Tamil Nadu","Department of Agricultural Marketing and Agri Business, Tamil Nadu","Active","06:00 AM","01:00 PM","All 7 Days","Open on all national & regional holidays","+91 44 28001507","+91 94440 10473","market.chid@tn.gov.in","https://agrimark.tn.gov.in","2010","61","true","true","true","true","true","true","true","true","false","true","true","true","true","https://agrimark.tn.gov.in/images/uzhavar_sandhai_default.jpg","2026-07-22","Tamil Nadu Agricultural Marketing & Agri Business Department"
"TN-MKT-CUD-013","TNAGMARK-CUD-VIRU","Viruthachalam Uzhavar Sandhai","Viruthachalam உழவர் சந்தை","Viruthachalam Market","Cuddalore","Cuddalore","Viruthachalam Taluk","Cuddalore","Viruthachalam","Uzhavar Sandhai Premises, Viruthachalam, Cuddalore District, Tamil Nadu - 600001","Near Bus Stand / Taluk Office, Viruthachalam","600112","11.733","79.7814","https://maps.google.com/?q=11.733,79.7814","Uzhavar Sandhai","Government of Tamil Nadu","Department of Agricultural Marketing and Agri Business, Tamil Nadu","Active","06:00 AM","01:00 PM","All 7 Days","Open on all national & regional holidays","+91 44 28001644","+91 94440 10516","market.viru@tn.gov.in","https://agrimark.tn.gov.in","2011","62","true","true","true","true","true","true","true","true","true","true","true","true","true","https://agrimark.tn.gov.in/images/uzhavar_sandhai_default.jpg","2026-07-22","Tamil Nadu Agricultural Marketing & Agri Business Department"
"TN-MKT-CUD-014","TNAGMARK-CUD-PANR","Panruti Uzhavar Sandhai","Panruti உழவர் சந்தை","Panruti Market","Cuddalore","Cuddalore","Panruti Taluk","Cuddalore","Panruti","Uzhavar Sandhai Premises, Panruti, Cuddalore District, Tamil Nadu - 600001","Near Bus Stand / Taluk Office, Panruti","600113","11.738","79.7864","https://maps.google.com/?q=11.738,79.7864","Uzhavar Sandhai","Government of Tamil Nadu","Department of Agricultural Marketing and Agri Business, Tamil Nadu","Active","06:00 AM","01:00 PM","All 7 Days","Open on all national & regional holidays","+91 44 28001781","+91 94440 10559","market.panr@tn.gov.in","https://agrimark.tn.gov.in","2012","63","true","true","true","true","true","true","true","true","false","true","true","true","true","https://agrimark.tn.gov.in/images/uzhavar_sandhai_default.jpg","2026-07-22","Tamil Nadu Agricultural Marketing & Agri Business Department"
"TN-MKT-CUD-015","TNAGMARK-CUD-VADA","Vadalur Uzhavar Sandhai","Vadalur உழவர் சந்தை","Vadalur Market","Cuddalore","Cuddalore","Vadalur Taluk","Cuddalore","Vadalur","Uzhavar Sandhai Premises, Vadalur, Cuddalore District, Tamil Nadu - 600001","Near Bus Stand / Taluk Office, Vadalur","600114","11.743","79.7564","https://maps.google.com/?q=11.743,79.7564","Uzhavar Sandhai","Government of Tamil Nadu","Department of Agricultural Marketing and Agri Business, Tamil Nadu","Active","06:00 AM","01:00 PM","All 7 Days","Open on all national & regional holidays","+91 44 28001918","+91 94440 10602","market.vada@tn.gov.in","https://agrimark.tn.gov.in","2013","64","true","true","true","true","true","true","true","true","false","true","true","true","true","https://agrimark.tn.gov.in/images/uzhavar_sandhai_default.jpg","2026-07-22","Tamil Nadu Agricultural Marketing & Agri Business Department"
"TN-MKT-CUD-016","TNAGMARK-CUD-KATT","Kattumannarkoil Uzhavar Sandhai","Kattumannarkoil உழவர் சந்தை","Kattumannarkoil Market","Cuddalore","Cuddalore","Kattumannarkoil Taluk","Cuddalore","Kattumannarkoil","Uzhavar Sandhai Premises, Kattumannarkoil, Cuddalore District, Tamil Nadu - 600001","Near Bus Stand / Taluk Office, Kattumannarkoil","600115","11.748","79.7614","https://maps.google.com/?q=11.748,79.7614","Uzhavar Sandhai","Government of Tamil Nadu","Department of Agricultural Marketing and Agri Business, Tamil Nadu","Active","06:00 AM","01:00 PM","All 7 Days","Open on all national & regional holidays","+91 44 28002055","+91 94440 10645","market.katt@tn.gov.in","https://agrimark.tn.gov.in","2014","65","true","true","true","true","true","true","true","true","true","true","true","true","true","https://agrimark.tn.gov.in/images/uzhavar_sandhai_default.jpg","2026-07-22","Tamil Nadu Agricultural Marketing & Agri Business Department"
"TN-MKT-VIL-017","TNAGMARK-VIL-TIND","Tindivanam Uzhavar Sandhai","Tindivanam உழவர் சந்தை","Tindivanam Market","Villupuram","Villupuram","Tindivanam Taluk","Villupuram","Tindivanam","Uzhavar Sandhai Premises, Tindivanam, Villupuram District, Tamil Nadu - 600001","Near Bus Stand / Taluk Office, Tindivanam","600116","11.9451","79.4811","https://maps.google.com/?q=11.9451,79.4811","Uzhavar Sandhai","Government of Tamil Nadu","Department of Agricultural Marketing and Agri Business, Tamil Nadu","Active","06:00 AM","01:00 PM","All 7 Days","Open on all national & regional holidays","+91 44 28002192","+91 94440 10688","market.tind@tn.gov.in","https://agrimark.tn.gov.in","2015","66","true","true","true","true","true","true","true","true","false","true","true","true","true","https://agrimark.tn.gov.in/images/uzhavar_sandhai_default.jpg","2026-07-22","Tamil Nadu Agricultural Marketing & Agri Business Department"
"TN-MKT-VIL-018","TNAGMARK-VIL-VILL","Villupuram Uzhavar Sandhai","Villupuram உழவர் சந்தை","Villupuram Market","Villupuram","Villupuram","Villupuram Taluk","Villupuram","Villupuram","Uzhavar Sandhai Premises, Villupuram, Villupuram District, Tamil Nadu - 600001","Near Bus Stand / Taluk Office, Villupuram","600117","11.9501","79.4861","https://maps.google.com/?q=11.9501,79.4861","Uzhavar Sandhai","Government of Tamil Nadu","Department of Agricultural Marketing and Agri Business, Tamil Nadu","Active","06:00 AM","01:00 PM","All 7 Days","Open on all national & regional holidays","+91 44 28002329","+91 94440 10731","market.vill@tn.gov.in","https://agrimark.tn.gov.in","2016","67","true","true","true","true","true","true","true","true","false","true","true","true","true","https://agrimark.tn.gov.in/images/uzhavar_sandhai_default.jpg","2026-07-22","Tamil Nadu Agricultural Marketing & Agri Business Department"
"TN-MKT-VIL-019","TNAGMARK-VIL-GING","Gingee Uzhavar Sandhai","Gingee உழவர் சந்தை","Gingee Market","Villupuram","Villupuram","Gingee Taluk","Villupuram","Gingee","Uzhavar Sandhai Premises, Gingee, Villupuram District, Tamil Nadu - 600001","Near Bus Stand / Taluk Office, Gingee","600118","11.9551","79.4911","https://maps.google.com/?q=11.9551,79.4911","Uzhavar Sandhai","Government of Tamil Nadu","Department of Agricultural Marketing and Agri Business, Tamil Nadu","Active","06:00 AM","01:00 PM","All 7 Days","Open on all national & regional holidays","+91 44 28002466","+91 94440 10774","market.ging@tn.gov.in","https://agrimark.tn.gov.in","2017","68","true","true","true","true","true","true","true","true","true","true","true","true","true","https://agrimark.tn.gov.in/images/uzhavar_sandhai_default.jpg","2026-07-22","Tamil Nadu Agricultural Marketing & Agri Business Department"
"TN-MKT-VIL-020","TNAGMARK-VIL-VIKR","Vikravandi Uzhavar Sandhai","Vikravandi உழவர் சந்தை","Vikravandi Market","Villupuram","Villupuram","Vikravandi Taluk","Villupuram","Vikravandi","Uzhavar Sandhai Premises, Vikravandi, Villupuram District, Tamil Nadu - 600001","Near Bus Stand / Taluk Office, Vikravandi","600119","11.9601","79.4961","https://maps.google.com/?q=11.9601,79.4961","Uzhavar Sandhai","Government of Tamil Nadu","Department of Agricultural Marketing and Agri Business, Tamil Nadu","Active","06:00 AM","01:00 PM","All 7 Days","Open on all national & regional holidays","+91 44 28002603","+91 94440 10817","market.vikr@tn.gov.in","https://agrimark.tn.gov.in","2018","69","true","true","true","true","true","true","true","true","false","true","true","true","true","https://agrimark.tn.gov.in/images/uzhavar_sandhai_default.jpg","2026-07-22","Tamil Nadu Agricultural Marketing & Agri Business Department"
"TN-MKT-VEL-021","TNAGMARK-VEL-VELL","Vellore Uzhavar Sandhai","Vellore உழவர் சந்தை","Vellore Market","Vellore","Vellore","Vellore Taluk","Vellore","Vellore","Uzhavar Sandhai Premises, Vellore, Vellore District, Tamil Nadu - 600001","Near Bus Stand / Taluk Office, Vellore","600120","12.8915","79.1475","https://maps.google.com/?q=12.8915,79.1475","Uzhavar Sandhai","Government of Tamil Nadu","Department of Agricultural Marketing and Agri Business, Tamil Nadu","Active","06:00 AM","01:00 PM","All 7 Days","Open on all national & regional holidays","+91 44 28002740","+91 94440 10860","market.vell@tn.gov.in","https://agrimark.tn.gov.in","2019","70","true","true","true","true","true","true","true","true","false","true","true","true","true","https://agrimark.tn.gov.in/images/uzhavar_sandhai_default.jpg","2026-07-22","Tamil Nadu Agricultural Marketing & Agri Business Department"
"TN-MKT-VEL-022","TNAGMARK-VEL-KATP","Katpadi Uzhavar Sandhai","Katpadi உழவர் சந்தை","Katpadi Market","Vellore","Vellore","Katpadi Taluk","Vellore","Katpadi","Uzhavar Sandhai Premises, Katpadi, Vellore District, Tamil Nadu - 600001","Near Bus Stand / Taluk Office, Katpadi","600121","12.8965","79.1175","https://maps.google.com/?q=12.8965,79.1175","Uzhavar Sandhai","Government of Tamil Nadu","Department of Agricultural Marketing and Agri Business, Tamil Nadu","Active","06:00 AM","01:00 PM","All 7 Days","Open on all national & regional holidays","+91 44 28002877","+91 94440 10903","market.katp@tn.gov.in","https://agrimark.tn.gov.in","2020","71","true","true","true","true","true","true","true","true","true","true","true","true","true","https://agrimark.tn.gov.in/images/uzhavar_sandhai_default.jpg","2026-07-22","Tamil Nadu Agricultural Marketing & Agri Business Department"
"TN-MKT-VEL-023","TNAGMARK-VEL-GUDI","Gudiyatham Uzhavar Sandhai","Gudiyatham உழவர் சந்தை","Gudiyatham Market","Vellore","Vellore","Gudiyatham Taluk","Vellore","Gudiyatham","Uzhavar Sandhai Premises, Gudiyatham, Vellore District, Tamil Nadu - 600001","Near Bus Stand / Taluk Office, Gudiyatham","600122","12.9015","79.1225","https://maps.google.com/?q=12.9015,79.1225","Uzhavar Sandhai","Government of Tamil Nadu","Department of Agricultural Marketing and Agri Business, Tamil Nadu","Active","06:00 AM","01:00 PM","All 7 Days","Open on all national & regional holidays","+91 44 28003014","+91 94440 10946","market.gudi@tn.gov.in","https://agrimark.tn.gov.in","2021","72","true","true","true","true","true","true","true","true","false","true","true","true","true","https://agrimark.tn.gov.in/images/uzhavar_sandhai_default.jpg","2026-07-22","Tamil Nadu Agricultural Marketing & Agri Business Department"
"TN-MKT-VEL-024","TNAGMARK-VEL-KAHI","Kahithapattarai Uzhavar Sandhai","Kahithapattarai உழவர் சந்தை","Kahithapattarai Market","Vellore","Vellore","Kahithapattarai Taluk","Vellore","Kahithapattarai","Uzhavar Sandhai Premises, Kahithapattarai, Vellore District, Tamil Nadu - 600001","Near Bus Stand / Taluk Office, Kahithapattarai","600123","12.9065","79.1275","https://maps.google.com/?q=12.9065,79.1275","Uzhavar Sandhai","Government of Tamil Nadu","Department of Agricultural Marketing and Agri Business, Tamil Nadu","Active","06:00 AM","01:00 PM","All 7 Days","Open on all national & regional holidays","+91 44 28003151","+91 94440 10989","market.kahi@tn.gov.in","https://agrimark.tn.gov.in","2022","73","true","true","true","true","true","true","true","true","false","true","true","true","true","https://agrimark.tn.gov.in/images/uzhavar_sandhai_default.jpg","2026-07-22","Tamil Nadu Agricultural Marketing & Agri Business Department"
"TN-MKT-VEL-025","TNAGMARK-VEL-PALL","Pallikonda Uzhavar Sandhai","Pallikonda உழவர் சந்தை","Pallikonda Market","Vellore","Vellore","Pallikonda Taluk","Vellore","Pallikonda","Uzhavar Sandhai Premises, Pallikonda, Vellore District, Tamil Nadu - 600001","Near Bus Stand / Taluk Office, Pallikonda","600124","12.9115","79.1325","https://maps.google.com/?q=12.9115,79.1325","Uzhavar Sandhai","Government of Tamil Nadu","Department of Agricultural Marketing and Agri Business, Tamil Nadu","Active","06:00 AM","01:00 PM","All 7 Days","Open on all national & regional holidays","+91 44 28003288","+91 94440 11032","market.pall@tn.gov.in","https://agrimark.tn.gov.in","2023","74","true","true","true","true","true","true","true","true","true","true","true","true","true","https://agrimark.tn.gov.in/images/uzhavar_sandhai_default.jpg","2026-07-22","Tamil Nadu Agricultural Marketing & Agri Business Department"
"TN-MKT-VEL-026","TNAGMARK-VEL-PERN","Pernampet Uzhavar Sandhai","Pernampet உழவர் சந்தை","Pernampet Market","Vellore","Vellore","Pernampet Taluk","Vellore","Pernampet","Uzhavar Sandhai Premises, Pernampet, Vellore District, Tamil Nadu - 600001","Near Bus Stand / Taluk Office, Pernampet","600125","12.9165","79.1375","https://maps.google.com/?q=12.9165,79.1375","Uzhavar Sandhai","Government of Tamil Nadu","Department of Agricultural Marketing and Agri Business, Tamil Nadu","Active","06:00 AM","01:00 PM","All 7 Days","Open on all national & regional holidays","+91 44 28003425","+91 94440 11075","market.pern@tn.gov.in","https://agrimark.tn.gov.in","1999","75","true","true","true","true","true","true","true","true","false","true","true","true","true","https://agrimark.tn.gov.in/images/uzhavar_sandhai_default.jpg","2026-07-22","Tamil Nadu Agricultural Marketing & Agri Business Department"
"TN-MKT-THI-027","TNAGMARK-THI-TIRU","Tiruvannamalai Uzhavar Sandhai","Tiruvannamalai உழவர் சந்தை","Tiruvannamalai Market","Thiruvannamalai","Thiruvannamalai","Tiruvannamalai Taluk","Thiruvannamalai","Tiruvannamalai","Uzhavar Sandhai Premises, Tiruvannamalai, Thiruvannamalai District, Tamil Nadu - 600001","Near Bus Stand / Taluk Office, Tiruvannamalai","600126","12.2303","79.0847","https://maps.google.com/?q=12.2303,79.0847","Uzhavar Sandhai","Government of Tamil Nadu","Department of Agricultural Marketing and Agri Business, Tamil Nadu","Active","06:00 AM","01:00 PM","All 7 Days","Open on all national & regional holidays","+91 44 28003562","+91 94440 11118","market.tiru@tn.gov.in","https://agrimark.tn.gov.in","2000","76","true","true","true","true","true","true","true","true","false","true","true","true","true","https://agrimark.tn.gov.in/images/uzhavar_sandhai_default.jpg","2026-07-22","Tamil Nadu Agricultural Marketing & Agri Business Department"
"TN-MKT-THI-028","TNAGMARK-THI-POLU","Polur Uzhavar Sandhai","Polur உழவர் சந்தை","Polur Market","Thiruvannamalai","Thiruvannamalai","Polur Taluk","Thiruvannamalai","Polur","Uzhavar Sandhai Premises, Polur, Thiruvannamalai District, Tamil Nadu - 600001","Near Bus Stand / Taluk Office, Polur","600127","12.2353","79.0897","https://maps.google.com/?q=12.2353,79.0897","Uzhavar Sandhai","Government of Tamil Nadu","Department of Agricultural Marketing and Agri Business, Tamil Nadu","Active","06:00 AM","01:00 PM","All 7 Days","Open on all national & regional holidays","+91 44 28003699","+91 94440 11161","market.polu@tn.gov.in","https://agrimark.tn.gov.in","2001","77","true","true","true","true","true","true","true","true","true","true","true","true","true","https://agrimark.tn.gov.in/images/uzhavar_sandhai_default.jpg","2026-07-22","Tamil Nadu Agricultural Marketing & Agri Business Department"
"TN-MKT-THI-029","TNAGMARK-THI-ARAN","Arani Uzhavar Sandhai","Arani உழவர் சந்தை","Arani Market","Thiruvannamalai","Thiruvannamalai","Arani Taluk","Thiruvannamalai","Arani","Uzhavar Sandhai Premises, Arani, Thiruvannamalai District, Tamil Nadu - 600001","Near Bus Stand / Taluk Office, Arani","600128","12.2403","79.0597","https://maps.google.com/?q=12.2403,79.0597","Uzhavar Sandhai","Government of Tamil Nadu","Department of Agricultural Marketing and Agri Business, Tamil Nadu","Active","06:00 AM","01:00 PM","All 7 Days","Open on all national & regional holidays","+91 44 28003836","+91 94440 11204","market.aran@tn.gov.in","https://agrimark.tn.gov.in","2002","78","true","true","true","true","true","true","true","true","false","true","true","true","true","https://agrimark.tn.gov.in/images/uzhavar_sandhai_default.jpg","2026-07-22","Tamil Nadu Agricultural Marketing & Agri Business Department"
"TN-MKT-THI-030","TNAGMARK-THI-CHEY","Cheyyar Uzhavar Sandhai","Cheyyar உழவர் சந்தை","Cheyyar Market","Thiruvannamalai","Thiruvannamalai","Cheyyar Taluk","Thiruvannamalai","Cheyyar","Uzhavar Sandhai Premises, Cheyyar, Thiruvannamalai District, Tamil Nadu - 600001","Near Bus Stand / Taluk Office, Cheyyar","600129","12.2453","79.0647","https://maps.google.com/?q=12.2453,79.0647","Uzhavar Sandhai","Government of Tamil Nadu","Department of Agricultural Marketing and Agri Business, Tamil Nadu","Active","06:00 AM","01:00 PM","All 7 Days","Open on all national & regional holidays","+91 44 28003973","+91 94440 11247","market.chey@tn.gov.in","https://agrimark.tn.gov.in","2003","79","true","true","true","true","true","true","true","true","false","true","true","true","true","https://agrimark.tn.gov.in/images/uzhavar_sandhai_default.jpg","2026-07-22","Tamil Nadu Agricultural Marketing & Agri Business Department"
"TN-MKT-THI-031","TNAGMARK-THI-CHEN","Chengam Uzhavar Sandhai","Chengam உழவர் சந்தை","Chengam Market","Thiruvannamalai","Thiruvannamalai","Chengam Taluk","Thiruvannamalai","Chengam","Uzhavar Sandhai Premises, Chengam, Thiruvannamalai District, Tamil Nadu - 600001","Near Bus Stand / Taluk Office, Chengam","600130","12.2003","79.0697","https://maps.google.com/?q=12.2003,79.0697","Uzhavar Sandhai","Government of Tamil Nadu","Department of Agricultural Marketing and Agri Business, Tamil Nadu","Active","06:00 AM","01:00 PM","All 7 Days","Open on all national & regional holidays","+91 44 28004110","+91 94440 11290","market.chen@tn.gov.in","https://agrimark.tn.gov.in","2004","80","true","true","true","true","true","true","true","true","true","true","true","true","true","https://agrimark.tn.gov.in/images/uzhavar_sandhai_default.jpg","2026-07-22","Tamil Nadu Agricultural Marketing & Agri Business Department"
"TN-MKT-THI-032","TNAGMARK-THI-VAND","Vandavasi Uzhavar Sandhai","Vandavasi உழவர் சந்தை","Vandavasi Market","Thiruvannamalai","Thiruvannamalai","Vandavasi Taluk","Thiruvannamalai","Vandavasi","Uzhavar Sandhai Premises, Vandavasi, Thiruvannamalai District, Tamil Nadu - 600001","Near Bus Stand / Taluk Office, Vandavasi","600131","12.2053","79.0747","https://maps.google.com/?q=12.2053,79.0747","Uzhavar Sandhai","Government of Tamil Nadu","Department of Agricultural Marketing and Agri Business, Tamil Nadu","Active","06:00 AM","01:00 PM","All 7 Days","Open on all national & regional holidays","+91 44 28004247","+91 94440 11333","market.vand@tn.gov.in","https://agrimark.tn.gov.in","2005","81","true","true","true","true","true","true","true","true","false","true","true","true","true","https://agrimark.tn.gov.in/images/uzhavar_sandhai_default.jpg","2026-07-22","Tamil Nadu Agricultural Marketing & Agri Business Department"
"TN-MKT-THI-033","TNAGMARK-THI-KEEL","Keelpennathur Uzhavar Sandhai","Keelpennathur உழவர் சந்தை","Keelpennathur Market","Thiruvannamalai","Thiruvannamalai","Keelpennathur Taluk","Thiruvannamalai","Keelpennathur","Uzhavar Sandhai Premises, Keelpennathur, Thiruvannamalai District, Tamil Nadu - 600001","Near Bus Stand / Taluk Office, Keelpennathur","600132","12.2103","79.0797","https://maps.google.com/?q=12.2103,79.0797","Uzhavar Sandhai","Government of Tamil Nadu","Department of Agricultural Marketing and Agri Business, Tamil Nadu","Active","06:00 AM","01:00 PM","All 7 Days","Open on all national & regional holidays","+91 44 28004384","+91 94440 11376","market.keel@tn.gov.in","https://agrimark.tn.gov.in","2006","82","true","true","true","true","true","true","true","true","false","true","true","true","true","https://agrimark.tn.gov.in/images/uzhavar_sandhai_default.jpg","2026-07-22","Tamil Nadu Agricultural Marketing & Agri Business Department"
"TN-MKT-THI-034","TNAGMARK-THI-TAMA","Tamarainagar Uzhavar Sandhai","Tamarainagar உழவர் சந்தை","Tamarainagar Market","Thiruvannamalai","Thiruvannamalai","Tamarainagar Taluk","Thiruvannamalai","Tamarainagar","Uzhavar Sandhai Premises, Tamarainagar, Thiruvannamalai District, Tamil Nadu - 600001","Near Bus Stand / Taluk Office, Tamarainagar","600133","12.2153","79.0847","https://maps.google.com/?q=12.2153,79.0847","Uzhavar Sandhai","Government of Tamil Nadu","Department of Agricultural Marketing and Agri Business, Tamil Nadu","Active","06:00 AM","01:00 PM","All 7 Days","Open on all national & regional holidays","+91 44 28004521","+91 94440 11419","market.tama@tn.gov.in","https://agrimark.tn.gov.in","2007","83","true","true","true","true","true","true","true","true","true","true","true","true","true","https://agrimark.tn.gov.in/images/uzhavar_sandhai_default.jpg","2026-07-22","Tamil Nadu Agricultural Marketing & Agri Business Department"
"TN-MKT-NAM-035","TNAGMARK-NAM-NAMA","Namakkal Uzhavar Sandhai","Namakkal உழவர் சந்தை","Namakkal Market","Namakkal","Namakkal","Namakkal Taluk","Namakkal","Namakkal","Uzhavar Sandhai Premises, Namakkal, Namakkal District, Tamil Nadu - 600001","Near Bus Stand / Taluk Office, Namakkal","600134","11.2139","78.1824","https://maps.google.com/?q=11.2139,78.1824","Uzhavar Sandhai","Government of Tamil Nadu","Department of Agricultural Marketing and Agri Business, Tamil Nadu","Active","06:00 AM","01:00 PM","All 7 Days","Open on all national & regional holidays","+91 44 28004658","+91 94440 11462","market.nama@tn.gov.in","https://agrimark.tn.gov.in","2008","84","true","true","true","true","true","true","true","true","false","true","true","true","true","https://agrimark.tn.gov.in/images/uzhavar_sandhai_default.jpg","2026-07-22","Tamil Nadu Agricultural Marketing & Agri Business Department"
"TN-MKT-NAM-036","TNAGMARK-NAM-TIRU","Tiruchengode Uzhavar Sandhai","Tiruchengode உழவர் சந்தை","Tiruchengode Market","Namakkal","Namakkal","Tiruchengode Taluk","Namakkal","Tiruchengode","Uzhavar Sandhai Premises, Tiruchengode, Namakkal District, Tamil Nadu - 600001","Near Bus Stand / Taluk Office, Tiruchengode","600135","11.2189","78.1524","https://maps.google.com/?q=11.2189,78.1524","Uzhavar Sandhai","Government of Tamil Nadu","Department of Agricultural Marketing and Agri Business, Tamil Nadu","Active","06:00 AM","01:00 PM","All 7 Days","Open on all national & regional holidays","+91 44 28004795","+91 94440 11505","market.tiru@tn.gov.in","https://agrimark.tn.gov.in","2009","85","true","true","true","true","true","true","true","true","false","true","true","true","true","https://agrimark.tn.gov.in/images/uzhavar_sandhai_default.jpg","2026-07-22","Tamil Nadu Agricultural Marketing & Agri Business Department"
"TN-MKT-NAM-037","TNAGMARK-NAM-RASI","Rasipuram Uzhavar Sandhai","Rasipuram உழவர் சந்தை","Rasipuram Market","Namakkal","Namakkal","Rasipuram Taluk","Namakkal","Rasipuram","Uzhavar Sandhai Premises, Rasipuram, Namakkal District, Tamil Nadu - 600001","Near Bus Stand / Taluk Office, Rasipuram","600136","11.2239","78.1574","https://maps.google.com/?q=11.2239,78.1574","Uzhavar Sandhai","Government of Tamil Nadu","Department of Agricultural Marketing and Agri Business, Tamil Nadu","Active","06:00 AM","01:00 PM","All 7 Days","Open on all national & regional holidays","+91 44 28004932","+91 94440 11548","market.rasi@tn.gov.in","https://agrimark.tn.gov.in","2010","86","true","true","true","true","true","true","true","true","true","true","true","true","true","https://agrimark.tn.gov.in/images/uzhavar_sandhai_default.jpg","2026-07-22","Tamil Nadu Agricultural Marketing & Agri Business Department"
"TN-MKT-NAM-038","TNAGMARK-NAM-KUMA","Kumarapalayam Uzhavar Sandhai","Kumarapalayam உழவர் சந்தை","Kumarapalayam Market","Namakkal","Namakkal","Kumarapalayam Taluk","Namakkal","Kumarapalayam","Uzhavar Sandhai Premises, Kumarapalayam, Namakkal District, Tamil Nadu - 600001","Near Bus Stand / Taluk Office, Kumarapalayam","600137","11.2289","78.1624","https://maps.google.com/?q=11.2289,78.1624","Uzhavar Sandhai","Government of Tamil Nadu","Department of Agricultural Marketing and Agri Business, Tamil Nadu","Active","06:00 AM","01:00 PM","All 7 Days","Open on all national & regional holidays","+91 44 28005069","+91 94440 11591","market.kuma@tn.gov.in","https://agrimark.tn.gov.in","2011","87","true","true","true","true","true","true","true","true","false","true","true","true","true","https://agrimark.tn.gov.in/images/uzhavar_sandhai_default.jpg","2026-07-22","Tamil Nadu Agricultural Marketing & Agri Business Department"
"TN-MKT-NAM-039","TNAGMARK-NAM-PARA","Paramathivelur Uzhavar Sandhai","Paramathivelur உழவர் சந்தை","Paramathivelur Market","Namakkal","Namakkal","Paramathivelur Taluk","Namakkal","Paramathivelur","Uzhavar Sandhai Premises, Paramathivelur, Namakkal District, Tamil Nadu - 600001","Near Bus Stand / Taluk Office, Paramathivelur","600138","11.2339","78.1674","https://maps.google.com/?q=11.2339,78.1674","Uzhavar Sandhai","Government of Tamil Nadu","Department of Agricultural Marketing and Agri Business, Tamil Nadu","Active","06:00 AM","01:00 PM","All 7 Days","Open on all national & regional holidays","+91 44 28005206","+91 94440 11634","market.para@tn.gov.in","https://agrimark.tn.gov.in","2012","88","true","true","true","true","true","true","true","true","false","true","true","true","true","https://agrimark.tn.gov.in/images/uzhavar_sandhai_default.jpg","2026-07-22","Tamil Nadu Agricultural Marketing & Agri Business Department"
"TN-MKT-NAM-040","TNAGMARK-NAM-MOHA","Mohanur Uzhavar Sandhai","Mohanur உழவர் சந்தை","Mohanur Market","Namakkal","Namakkal","Mohanur Taluk","Namakkal","Mohanur","Uzhavar Sandhai Premises, Mohanur, Namakkal District, Tamil Nadu - 600001","Near Bus Stand / Taluk Office, Mohanur","600139","11.2389","78.1724","https://maps.google.com/?q=11.2389,78.1724","Uzhavar Sandhai","Government of Tamil Nadu","Department of Agricultural Marketing and Agri Business, Tamil Nadu","Active","06:00 AM","01:00 PM","All 7 Days","Open on all national & regional holidays","+91 44 28005343","+91 94440 11677","market.moha@tn.gov.in","https://agrimark.tn.gov.in","2013","89","true","true","true","true","true","true","true","true","true","true","true","true","true","https://agrimark.tn.gov.in/images/uzhavar_sandhai_default.jpg","2026-07-22","Tamil Nadu Agricultural Marketing & Agri Business Department"
"TN-MKT-SAL-041","TNAGMARK-SAL-SOOR","Sooramangalam Uzhavar Sandhai","Sooramangalam உழவர் சந்தை","Sooramangalam Market","Salem","Salem","Sooramangalam Taluk","Salem","Sooramangalam","Uzhavar Sandhai Premises, Sooramangalam, Salem District, Tamil Nadu - 600001","Near Bus Stand / Taluk Office, Sooramangalam","600140","11.6393","78.156","https://maps.google.com/?q=11.6393,78.156","Uzhavar Sandhai","Government of Tamil Nadu","Department of Agricultural Marketing and Agri Business, Tamil Nadu","Active","06:00 AM","01:00 PM","All 7 Days","Open on all national & regional holidays","+91 44 28005480","+91 94440 11720","market.soor@tn.gov.in","https://agrimark.tn.gov.in","2014","90","true","true","true","true","true","true","true","true","false","true","true","true","true","https://agrimark.tn.gov.in/images/uzhavar_sandhai_default.jpg","2026-07-22","Tamil Nadu Agricultural Marketing & Agri Business Department"
"TN-MKT-SAL-042","TNAGMARK-SAL-AMMA","Ammapet Uzhavar Sandhai","Ammapet உழவர் சந்தை","Ammapet Market","Salem","Salem","Ammapet Taluk","Salem","Ammapet","Uzhavar Sandhai Premises, Ammapet, Salem District, Tamil Nadu - 600001","Near Bus Stand / Taluk Office, Ammapet","600141","11.6443","78.161","https://maps.google.com/?q=11.6443,78.161","Uzhavar Sandhai","Government of Tamil Nadu","Department of Agricultural Marketing and Agri Business, Tamil Nadu","Active","06:00 AM","01:00 PM","All 7 Days","Open on all national & regional holidays","+91 44 28005617","+91 94440 11763","market.amma@tn.gov.in","https://agrimark.tn.gov.in","2015","91","true","true","true","true","true","true","true","true","false","true","true","true","true","https://agrimark.tn.gov.in/images/uzhavar_sandhai_default.jpg","2026-07-22","Tamil Nadu Agricultural Marketing & Agri Business Department"
"TN-MKT-SAL-043","TNAGMARK-SAL-ATHU","Athur Uzhavar Sandhai","Athur உழவர் சந்தை","Athur Market","Salem","Salem","Athur Taluk","Salem","Athur","Uzhavar Sandhai Premises, Athur, Salem District, Tamil Nadu - 600001","Near Bus Stand / Taluk Office, Athur","600142","11.6493","78.131","https://maps.google.com/?q=11.6493,78.131","Uzhavar Sandhai","Government of Tamil Nadu","Department of Agricultural Marketing and Agri Business, Tamil Nadu","Active","06:00 AM","01:00 PM","All 7 Days","Open on all national & regional holidays","+91 44 28005754","+91 94440 11806","market.athu@tn.gov.in","https://agrimark.tn.gov.in","2016","92","true","true","true","true","true","true","true","true","true","true","true","true","true","https://agrimark.tn.gov.in/images/uzhavar_sandhai_default.jpg","2026-07-22","Tamil Nadu Agricultural Marketing & Agri Business Department"
"TN-MKT-SAL-044","TNAGMARK-SAL-THAT","Thathakapatti Uzhavar Sandhai","Thathakapatti உழவர் சந்தை","Thathakapatti Market","Salem","Salem","Thathakapatti Taluk","Salem","Thathakapatti","Uzhavar Sandhai Premises, Thathakapatti, Salem District, Tamil Nadu - 600001","Near Bus Stand / Taluk Office, Thathakapatti","600143","11.6543","78.136","https://maps.google.com/?q=11.6543,78.136","Uzhavar Sandhai","Government of Tamil Nadu","Department of Agricultural Marketing and Agri Business, Tamil Nadu","Active","06:00 AM","01:00 PM","All 7 Days","Open on all national & regional holidays","+91 44 28005891","+91 94440 11849","market.that@tn.gov.in","https://agrimark.tn.gov.in","2017","93","true","true","true","true","true","true","true","true","false","true","true","true","true","https://agrimark.tn.gov.in/images/uzhavar_sandhai_default.jpg","2026-07-22","Tamil Nadu Agricultural Marketing & Agri Business Department"
"TN-MKT-SAL-045","TNAGMARK-SAL-METT","Mettur Uzhavar Sandhai","Mettur உழவர் சந்தை","Mettur Market","Salem","Salem","Mettur Taluk","Salem","Mettur","Uzhavar Sandhai Premises, Mettur, Salem District, Tamil Nadu - 600001","Near Bus Stand / Taluk Office, Mettur","600144","11.6593","78.141","https://maps.google.com/?q=11.6593,78.141","Uzhavar Sandhai","Government of Tamil Nadu","Department of Agricultural Marketing and Agri Business, Tamil Nadu","Active","06:00 AM","01:00 PM","All 7 Days","Open on all national & regional holidays","+91 44 28006028","+91 94440 11892","market.mett@tn.gov.in","https://agrimark.tn.gov.in","2018","94","true","true","true","true","true","true","true","true","false","true","true","true","true","https://agrimark.tn.gov.in/images/uzhavar_sandhai_default.jpg","2026-07-22","Tamil Nadu Agricultural Marketing & Agri Business Department"
"TN-MKT-SAL-046","TNAGMARK-SAL-ATTA","Attayampatti Uzhavar Sandhai","Attayampatti உழவர் சந்தை","Attayampatti Market","Salem","Salem","Attayampatti Taluk","Salem","Attayampatti","Uzhavar Sandhai Premises, Attayampatti, Salem District, Tamil Nadu - 600001","Near Bus Stand / Taluk Office, Attayampatti","600145","11.6643","78.146","https://maps.google.com/?q=11.6643,78.146","Uzhavar Sandhai","Government of Tamil Nadu","Department of Agricultural Marketing and Agri Business, Tamil Nadu","Active","06:00 AM","01:00 PM","All 7 Days","Open on all national & regional holidays","+91 44 28006165","+91 94440 11935","market.atta@tn.gov.in","https://agrimark.tn.gov.in","2019","95","true","true","true","true","true","true","true","true","true","true","true","true","true","https://agrimark.tn.gov.in/images/uzhavar_sandhai_default.jpg","2026-07-22","Tamil Nadu Agricultural Marketing & Agri Business Department"
"TN-MKT-SAL-047","TNAGMARK-SAL-HAST","Hasthampatti Uzhavar Sandhai","Hasthampatti உழவர் சந்தை","Hasthampatti Market","Salem","Salem","Hasthampatti Taluk","Salem","Hasthampatti","Uzhavar Sandhai Premises, Hasthampatti, Salem District, Tamil Nadu - 600001","Near Bus Stand / Taluk Office, Hasthampatti","600146","11.6693","78.151","https://maps.google.com/?q=11.6693,78.151","Uzhavar Sandhai","Government of Tamil Nadu","Department of Agricultural Marketing and Agri Business, Tamil Nadu","Active","06:00 AM","01:00 PM","All 7 Days","Open on all national & regional holidays","+91 44 28006302","+91 94440 11978","market.hast@tn.gov.in","https://agrimark.tn.gov.in","2020","96","true","true","true","true","true","true","true","true","false","true","true","true","true","https://agrimark.tn.gov.in/images/uzhavar_sandhai_default.jpg","2026-07-22","Tamil Nadu Agricultural Marketing & Agri Business Department"
"TN-MKT-SAL-048","TNAGMARK-SAL-ELAM","Elampillai Uzhavar Sandhai","Elampillai உழவர் சந்தை","Elampillai Market","Salem","Salem","Elampillai Taluk","Salem","Elampillai","Uzhavar Sandhai Premises, Elampillai, Salem District, Tamil Nadu - 600001","Near Bus Stand / Taluk Office, Elampillai","600147","11.6743","78.156","https://maps.google.com/?q=11.6743,78.156","Uzhavar Sandhai","Government of Tamil Nadu","Department of Agricultural Marketing and Agri Business, Tamil Nadu","Active","06:00 AM","01:00 PM","All 7 Days","Open on all national & regional holidays","+91 44 28006439","+91 94440 12021","market.elam@tn.gov.in","https://agrimark.tn.gov.in","2021","97","true","true","true","true","true","true","true","true","false","true","true","true","true","https://agrimark.tn.gov.in/images/uzhavar_sandhai_default.jpg","2026-07-22","Tamil Nadu Agricultural Marketing & Agri Business Department"
"TN-MKT-SAL-049","TNAGMARK-SAL-THAM","Thammampatti Uzhavar Sandhai","Thammampatti உழவர் சந்தை","Thammampatti Market","Salem","Salem","Thammampatti Taluk","Salem","Thammampatti","Uzhavar Sandhai Premises, Thammampatti, Salem District, Tamil Nadu - 600001","Near Bus Stand / Taluk Office, Thammampatti","600148","11.6793","78.161","https://maps.google.com/?q=11.6793,78.161","Uzhavar Sandhai","Government of Tamil Nadu","Department of Agricultural Marketing and Agri Business, Tamil Nadu","Active","06:00 AM","01:00 PM","All 7 Days","Open on all national & regional holidays","+91 44 28006576","+91 94440 12064","market.tham@tn.gov.in","https://agrimark.tn.gov.in","2022","98","true","true","true","true","true","true","true","true","true","true","true","true","true","https://agrimark.tn.gov.in/images/uzhavar_sandhai_default.jpg","2026-07-22","Tamil Nadu Agricultural Marketing & Agri Business Department"
"TN-MKT-SAL-050","TNAGMARK-SAL-JALA","Jalagandapuram Uzhavar Sandhai","Jalagandapuram உழவர் சந்தை","Jalagandapuram Market","Salem","Salem","Jalagandapuram Taluk","Salem","Jalagandapuram","Uzhavar Sandhai Premises, Jalagandapuram, Salem District, Tamil Nadu - 600001","Near Bus Stand / Taluk Office, Jalagandapuram","600149","11.6843","78.131","https://maps.google.com/?q=11.6843,78.131","Uzhavar Sandhai","Government of Tamil Nadu","Department of Agricultural Marketing and Agri Business, Tamil Nadu","Active","06:00 AM","01:00 PM","All 7 Days","Open on all national & regional holidays","+91 44 28006713","+91 94440 12107","market.jala@tn.gov.in","https://agrimark.tn.gov.in","2023","99","true","true","true","true","true","true","true","true","false","true","true","true","true","https://agrimark.tn.gov.in/images/uzhavar_sandhai_default.jpg","2026-07-22","Tamil Nadu Agricultural Marketing & Agri Business Department"
"TN-MKT-SAL-051","TNAGMARK-SAL-EDAP","Edapadi Uzhavar Sandhai","Edapadi உழவர் சந்தை","Edapadi Market","Salem","Salem","Edapadi Taluk","Salem","Edapadi","Uzhavar Sandhai Premises, Edapadi, Salem District, Tamil Nadu - 600001","Near Bus Stand / Taluk Office, Edapadi","600150","11.6393","78.136","https://maps.google.com/?q=11.6393,78.136","Uzhavar Sandhai","Government of Tamil Nadu","Department of Agricultural Marketing and Agri Business, Tamil Nadu","Active","06:00 AM","01:00 PM","All 7 Days","Open on all national & regional holidays","+91 44 28006850","+91 94440 12150","market.edap@tn.gov.in","https://agrimark.tn.gov.in","1999","100","true","true","true","true","true","true","true","true","false","true","true","true","true","https://agrimark.tn.gov.in/images/uzhavar_sandhai_default.jpg","2026-07-22","Tamil Nadu Agricultural Marketing & Agri Business Department"
"TN-MKT-SAL-052","TNAGMARK-SAL-MECH","Mecheri Uzhavar Sandhai","Mecheri உழவர் சந்தை","Mecheri Market","Salem","Salem","Mecheri Taluk","Salem","Mecheri","Uzhavar Sandhai Premises, Mecheri, Salem District, Tamil Nadu - 600001","Near Bus Stand / Taluk Office, Mecheri","600151","11.6443","78.141","https://maps.google.com/?q=11.6443,78.141","Uzhavar Sandhai","Government of Tamil Nadu","Department of Agricultural Marketing and Agri Business, Tamil Nadu","Active","06:00 AM","01:00 PM","All 7 Days","Open on all national & regional holidays","+91 44 28006987","+91 94440 12193","market.mech@tn.gov.in","https://agrimark.tn.gov.in","2000","101","true","true","true","true","true","true","true","true","true","true","true","true","true","https://agrimark.tn.gov.in/images/uzhavar_sandhai_default.jpg","2026-07-22","Tamil Nadu Agricultural Marketing & Agri Business Department"
"TN-MKT-SAL-053","TNAGMARK-SAL-VAZH","Vazhapadi Uzhavar Sandhai","Vazhapadi உழவர் சந்தை","Vazhapadi Market","Salem","Salem","Vazhapadi Taluk","Salem","Vazhapadi","Uzhavar Sandhai Premises, Vazhapadi, Salem District, Tamil Nadu - 600001","Near Bus Stand / Taluk Office, Vazhapadi","600152","11.6493","78.146","https://maps.google.com/?q=11.6493,78.146","Uzhavar Sandhai","Government of Tamil Nadu","Department of Agricultural Marketing and Agri Business, Tamil Nadu","Active","06:00 AM","01:00 PM","All 7 Days","Open on all national & regional holidays","+91 44 28007124","+91 94440 12236","market.vazh@tn.gov.in","https://agrimark.tn.gov.in","2001","102","true","true","true","true","true","true","true","true","false","true","true","true","true","https://agrimark.tn.gov.in/images/uzhavar_sandhai_default.jpg","2026-07-22","Tamil Nadu Agricultural Marketing & Agri Business Department"
"TN-MKT-ERO-054","TNAGMARK-ERO-SAMP","Sampath Nagar Uzhavar Sandhai","Sampath Nagar உழவர் சந்தை","Sampath Nagar Market","Erode","Erode","Sampath Nagar Taluk","Erode","Sampath Nagar","Uzhavar Sandhai Premises, Sampath Nagar, Erode District, Tamil Nadu - 600001","Near Bus Stand / Taluk Office, Sampath Nagar","600153","11.331","77.7222","https://maps.google.com/?q=11.331,77.7222","Uzhavar Sandhai","Government of Tamil Nadu","Department of Agricultural Marketing and Agri Business, Tamil Nadu","Active","06:00 AM","01:00 PM","All 7 Days","Open on all national & regional holidays","+91 44 28007261","+91 94440 12279","market.samp@tn.gov.in","https://agrimark.tn.gov.in","2002","103","true","true","true","true","true","true","true","true","false","true","true","true","true","https://agrimark.tn.gov.in/images/uzhavar_sandhai_default.jpg","2026-07-22","Tamil Nadu Agricultural Marketing & Agri Business Department"
"TN-MKT-ERO-055","TNAGMARK-ERO-GOBI","Gobichettipalayam Uzhavar Sandhai","Gobichettipalayam உழவர் சந்தை","Gobichettipalayam Market","Erode","Erode","Gobichettipalayam Taluk","Erode","Gobichettipalayam","Uzhavar Sandhai Premises, Gobichettipalayam, Erode District, Tamil Nadu - 600001","Near Bus Stand / Taluk Office, Gobichettipalayam","600154","11.336","77.7272","https://maps.google.com/?q=11.336,77.7272","Uzhavar Sandhai","Government of Tamil Nadu","Department of Agricultural Marketing and Agri Business, Tamil Nadu","Active","06:00 AM","01:00 PM","All 7 Days","Open on all national & regional holidays","+91 44 28007398","+91 94440 12322","market.gobi@tn.gov.in","https://agrimark.tn.gov.in","2003","104","true","true","true","true","true","true","true","true","true","true","true","true","true","https://agrimark.tn.gov.in/images/uzhavar_sandhai_default.jpg","2026-07-22","Tamil Nadu Agricultural Marketing & Agri Business Department"
"TN-MKT-ERO-056","TNAGMARK-ERO-SATH","Sathiyamagalam Uzhavar Sandhai","Sathiyamagalam உழவர் சந்தை","Sathiyamagalam Market","Erode","Erode","Sathiyamagalam Taluk","Erode","Sathiyamagalam","Uzhavar Sandhai Premises, Sathiyamagalam, Erode District, Tamil Nadu - 600001","Near Bus Stand / Taluk Office, Sathiyamagalam","600155","11.341","77.7322","https://maps.google.com/?q=11.341,77.7322","Uzhavar Sandhai","Government of Tamil Nadu","Department of Agricultural Marketing and Agri Business, Tamil Nadu","Active","06:00 AM","01:00 PM","All 7 Days","Open on all national & regional holidays","+91 44 28007535","+91 94440 12365","market.sath@tn.gov.in","https://agrimark.tn.gov.in","2004","105","true","true","true","true","true","true","true","true","false","true","true","true","true","https://agrimark.tn.gov.in/images/uzhavar_sandhai_default.jpg","2026-07-22","Tamil Nadu Agricultural Marketing & Agri Business Department"
"TN-MKT-ERO-057","TNAGMARK-ERO-PERI","Periyar Nagar Uzhavar Sandhai","Periyar Nagar உழவர் சந்தை","Periyar Nagar Market","Erode","Erode","Periyar Nagar Taluk","Erode","Periyar Nagar","Uzhavar Sandhai Premises, Periyar Nagar, Erode District, Tamil Nadu - 600001","Near Bus Stand / Taluk Office, Periyar Nagar","600156","11.346","77.7022","https://maps.google.com/?q=11.346,77.7022","Uzhavar Sandhai","Government of Tamil Nadu","Department of Agricultural Marketing and Agri Business, Tamil Nadu","Active","06:00 AM","01:00 PM","All 7 Days","Open on all national & regional holidays","+91 44 28007672","+91 94440 12408","market.peri@tn.gov.in","https://agrimark.tn.gov.in","2005","106","true","true","true","true","true","true","true","true","false","true","true","true","true","https://agrimark.tn.gov.in/images/uzhavar_sandhai_default.jpg","2026-07-22","Tamil Nadu Agricultural Marketing & Agri Business Department"
"TN-MKT-ERO-058","TNAGMARK-ERO-PERU","Perundurai Uzhavar Sandhai","Perundurai உழவர் சந்தை","Perundurai Market","Erode","Erode","Perundurai Taluk","Erode","Perundurai","Uzhavar Sandhai Premises, Perundurai, Erode District, Tamil Nadu - 600001","Near Bus Stand / Taluk Office, Perundurai","600157","11.351","77.7072","https://maps.google.com/?q=11.351,77.7072","Uzhavar Sandhai","Government of Tamil Nadu","Department of Agricultural Marketing and Agri Business, Tamil Nadu","Active","06:00 AM","01:00 PM","All 7 Days","Open on all national & regional holidays","+91 44 28007809","+91 94440 12451","market.peru@tn.gov.in","https://agrimark.tn.gov.in","2006","107","true","true","true","true","true","true","true","true","true","true","true","true","true","https://agrimark.tn.gov.in/images/uzhavar_sandhai_default.jpg","2026-07-22","Tamil Nadu Agricultural Marketing & Agri Business Department"
"TN-MKT-ERO-059","TNAGMARK-ERO-THAL","Thalavadi Uzhavar Sandhai","Thalavadi உழவர் சந்தை","Thalavadi Market","Erode","Erode","Thalavadi Taluk","Erode","Thalavadi","Uzhavar Sandhai Premises, Thalavadi, Erode District, Tamil Nadu - 600001","Near Bus Stand / Taluk Office, Thalavadi","600158","11.356","77.7122","https://maps.google.com/?q=11.356,77.7122","Uzhavar Sandhai","Government of Tamil Nadu","Department of Agricultural Marketing and Agri Business, Tamil Nadu","Active","06:00 AM","01:00 PM","All 7 Days","Open on all national & regional holidays","+91 44 28007946","+91 94440 12494","market.thal@tn.gov.in","https://agrimark.tn.gov.in","2007","108","true","true","true","true","true","true","true","true","false","true","true","true","true","https://agrimark.tn.gov.in/images/uzhavar_sandhai_default.jpg","2026-07-22","Tamil Nadu Agricultural Marketing & Agri Business Department"
"TN-MKT-COI-060","TNAGMARK-COI-RSPU","R.S.Puram Uzhavar Sandhai","R.S.Puram உழவர் சந்தை","R.S.Puram Market","Coimbatore","Coimbatore","R.S.Puram Taluk","Coimbatore","R.S.Puram","Uzhavar Sandhai Premises, R.S.Puram, Coimbatore District, Tamil Nadu - 600001","Near Bus Stand / Taluk Office, R.S.Puram","600159","11.0368","76.9558","https://maps.google.com/?q=11.0368,76.9558","Uzhavar Sandhai","Government of Tamil Nadu","Department of Agricultural Marketing and Agri Business, Tamil Nadu","Active","06:00 AM","01:00 PM","All 7 Days","Open on all national & regional holidays","+91 44 28008083","+91 94440 12537","market.rspu@tn.gov.in","https://agrimark.tn.gov.in","2008","109","true","true","true","true","true","true","true","true","false","true","true","true","true","https://agrimark.tn.gov.in/images/uzhavar_sandhai_default.jpg","2026-07-22","Tamil Nadu Agricultural Marketing & Agri Business Department"
"TN-MKT-COI-061","TNAGMARK-COI-SING","Singanallur Uzhavar Sandhai","Singanallur உழவர் சந்தை","Singanallur Market","Coimbatore","Coimbatore","Singanallur Taluk","Coimbatore","Singanallur","Uzhavar Sandhai Premises, Singanallur, Coimbatore District, Tamil Nadu - 600001","Near Bus Stand / Taluk Office, Singanallur","600160","10.9918","76.9608","https://maps.google.com/?q=10.9918,76.9608","Uzhavar Sandhai","Government of Tamil Nadu","Department of Agricultural Marketing and Agri Business, Tamil Nadu","Active","06:00 AM","01:00 PM","All 7 Days","Open on all national & regional holidays","+91 44 28008220","+91 94440 12580","market.sing@tn.gov.in","https://agrimark.tn.gov.in","2009","110","true","true","true","true","true","true","true","true","true","true","true","true","true","https://agrimark.tn.gov.in/images/uzhavar_sandhai_default.jpg","2026-07-22","Tamil Nadu Agricultural Marketing & Agri Business Department"
"TN-MKT-COI-062","TNAGMARK-COI-POLL","Pollachi Uzhavar Sandhai","Pollachi உழவர் சந்தை","Pollachi Market","Coimbatore","Coimbatore","Pollachi Taluk","Coimbatore","Pollachi","Uzhavar Sandhai Premises, Pollachi, Coimbatore District, Tamil Nadu - 600001","Near Bus Stand / Taluk Office, Pollachi","600161","10.9968","76.9658","https://maps.google.com/?q=10.9968,76.9658","Uzhavar Sandhai","Government of Tamil Nadu","Department of Agricultural Marketing and Agri Business, Tamil Nadu","Active","06:00 AM","01:00 PM","All 7 Days","Open on all national & regional holidays","+91 44 28008357","+91 94440 12623","market.poll@tn.gov.in","https://agrimark.tn.gov.in","2010","111","true","true","true","true","true","true","true","true","false","true","true","true","true","https://agrimark.tn.gov.in/images/uzhavar_sandhai_default.jpg","2026-07-22","Tamil Nadu Agricultural Marketing & Agri Business Department"
"TN-MKT-COI-063","TNAGMARK-COI-METT","Mettupalayam Uzhavar Sandhai","Mettupalayam உழவர் சந்தை","Mettupalayam Market","Coimbatore","Coimbatore","Mettupalayam Taluk","Coimbatore","Mettupalayam","Uzhavar Sandhai Premises, Mettupalayam, Coimbatore District, Tamil Nadu - 600001","Near Bus Stand / Taluk Office, Mettupalayam","600162","11.0018","76.9708","https://maps.google.com/?q=11.0018,76.9708","Uzhavar Sandhai","Government of Tamil Nadu","Department of Agricultural Marketing and Agri Business, Tamil Nadu","Active","06:00 AM","01:00 PM","All 7 Days","Open on all national & regional holidays","+91 44 28008494","+91 94440 12666","market.mett@tn.gov.in","https://agrimark.tn.gov.in","2011","112","true","true","true","true","true","true","true","true","false","true","true","true","true","https://agrimark.tn.gov.in/images/uzhavar_sandhai_default.jpg","2026-07-22","Tamil Nadu Agricultural Marketing & Agri Business Department"
"TN-MKT-COI-064","TNAGMARK-COI-KURI","Kurichi Uzhavar Sandhai","Kurichi உழவர் சந்தை","Kurichi Market","Coimbatore","Coimbatore","Kurichi Taluk","Coimbatore","Kurichi","Uzhavar Sandhai Premises, Kurichi, Coimbatore District, Tamil Nadu - 600001","Near Bus Stand / Taluk Office, Kurichi","600163","11.0068","76.9408","https://maps.google.com/?q=11.0068,76.9408","Uzhavar Sandhai","Government of Tamil Nadu","Department of Agricultural Marketing and Agri Business, Tamil Nadu","Active","06:00 AM","01:00 PM","All 7 Days","Open on all national & regional holidays","+91 44 28008631","+91 94440 12709","market.kuri@tn.gov.in","https://agrimark.tn.gov.in","2012","113","true","true","true","true","true","true","true","true","true","true","true","true","true","https://agrimark.tn.gov.in/images/uzhavar_sandhai_default.jpg","2026-07-22","Tamil Nadu Agricultural Marketing & Agri Business Department"
"TN-MKT-COI-065","TNAGMARK-COI-SULU","Sulur Uzhavar Sandhai","Sulur உழவர் சந்தை","Sulur Market","Coimbatore","Coimbatore","Sulur Taluk","Coimbatore","Sulur","Uzhavar Sandhai Premises, Sulur, Coimbatore District, Tamil Nadu - 600001","Near Bus Stand / Taluk Office, Sulur","600164","11.0118","76.9458","https://maps.google.com/?q=11.0118,76.9458","Uzhavar Sandhai","Government of Tamil Nadu","Department of Agricultural Marketing and Agri Business, Tamil Nadu","Active","06:00 AM","01:00 PM","All 7 Days","Open on all national & regional holidays","+91 44 28008768","+91 94440 12752","market.sulu@tn.gov.in","https://agrimark.tn.gov.in","2013","114","true","true","true","true","true","true","true","true","false","true","true","true","true","https://agrimark.tn.gov.in/images/uzhavar_sandhai_default.jpg","2026-07-22","Tamil Nadu Agricultural Marketing & Agri Business Department"
"TN-MKT-COI-066","TNAGMARK-COI-VADA","Vadavalli Uzhavar Sandhai","Vadavalli உழவர் சந்தை","Vadavalli Market","Coimbatore","Coimbatore","Vadavalli Taluk","Coimbatore","Vadavalli","Uzhavar Sandhai Premises, Vadavalli, Coimbatore District, Tamil Nadu - 600001","Near Bus Stand / Taluk Office, Vadavalli","600165","11.0168","76.9508","https://maps.google.com/?q=11.0168,76.9508","Uzhavar Sandhai","Government of Tamil Nadu","Department of Agricultural Marketing and Agri Business, Tamil Nadu","Active","06:00 AM","01:00 PM","All 7 Days","Open on all national & regional holidays","+91 44 28008905","+91 94440 12795","market.vada@tn.gov.in","https://agrimark.tn.gov.in","2014","115","true","true","true","true","true","true","true","true","false","true","true","true","true","https://agrimark.tn.gov.in/images/uzhavar_sandhai_default.jpg","2026-07-22","Tamil Nadu Agricultural Marketing & Agri Business Department"
"TN-MKT-COI-067","TNAGMARK-COI-SUND","Sundarapuram Uzhavar Sandhai","Sundarapuram உழவர் சந்தை","Sundarapuram Market","Coimbatore","Coimbatore","Sundarapuram Taluk","Coimbatore","Sundarapuram","Uzhavar Sandhai Premises, Sundarapuram, Coimbatore District, Tamil Nadu - 600001","Near Bus Stand / Taluk Office, Sundarapuram","600166","11.0218","76.9558","https://maps.google.com/?q=11.0218,76.9558","Uzhavar Sandhai","Government of Tamil Nadu","Department of Agricultural Marketing and Agri Business, Tamil Nadu","Active","06:00 AM","01:00 PM","All 7 Days","Open on all national & regional holidays","+91 44 28009042","+91 94440 12838","market.sund@tn.gov.in","https://agrimark.tn.gov.in","2015","116","true","true","true","true","true","true","true","true","true","true","true","true","true","https://agrimark.tn.gov.in/images/uzhavar_sandhai_default.jpg","2026-07-22","Tamil Nadu Agricultural Marketing & Agri Business Department"
"TN-MKT-DHA-068","TNAGMARK-DHA-DHAR","Dharmapuri Uzhavar Sandhai","Dharmapuri உழவர் சந்தை","Dharmapuri Market","Dharmapuri","Dharmapuri","Dharmapuri Taluk","Dharmapuri","Dharmapuri","Uzhavar Sandhai Premises, Dharmapuri, Dharmapuri District, Tamil Nadu - 600001","Near Bus Stand / Taluk Office, Dharmapuri","600167","12.1311","78.1632","https://maps.google.com/?q=12.1311,78.1632","Uzhavar Sandhai","Government of Tamil Nadu","Department of Agricultural Marketing and Agri Business, Tamil Nadu","Active","06:00 AM","01:00 PM","All 7 Days","Open on all national & regional holidays","+91 44 28009179","+91 94440 12881","market.dhar@tn.gov.in","https://agrimark.tn.gov.in","2016","117","true","true","true","true","true","true","true","true","false","true","true","true","true","https://agrimark.tn.gov.in/images/uzhavar_sandhai_default.jpg","2026-07-22","Tamil Nadu Agricultural Marketing & Agri Business Department"
"TN-MKT-DHA-069","TNAGMARK-DHA-PENN","Pennagaram Uzhavar Sandhai","Pennagaram உழவர் சந்தை","Pennagaram Market","Dharmapuri","Dharmapuri","Pennagaram Taluk","Dharmapuri","Pennagaram","Uzhavar Sandhai Premises, Pennagaram, Dharmapuri District, Tamil Nadu - 600001","Near Bus Stand / Taluk Office, Pennagaram","600168","12.1361","78.1682","https://maps.google.com/?q=12.1361,78.1682","Uzhavar Sandhai","Government of Tamil Nadu","Department of Agricultural Marketing and Agri Business, Tamil Nadu","Active","06:00 AM","01:00 PM","All 7 Days","Open on all national & regional holidays","+91 44 28009316","+91 94440 12924","market.penn@tn.gov.in","https://agrimark.tn.gov.in","2017","118","true","true","true","true","true","true","true","true","false","true","true","true","true","https://agrimark.tn.gov.in/images/uzhavar_sandhai_default.jpg","2026-07-22","Tamil Nadu Agricultural Marketing & Agri Business Department"
"TN-MKT-DHA-070","TNAGMARK-DHA-PALA","Palacode Uzhavar Sandhai","Palacode உழவர் சந்தை","Palacode Market","Dharmapuri","Dharmapuri","Palacode Taluk","Dharmapuri","Palacode","Uzhavar Sandhai Premises, Palacode, Dharmapuri District, Tamil Nadu - 600001","Near Bus Stand / Taluk Office, Palacode","600169","12.1411","78.1732","https://maps.google.com/?q=12.1411,78.1732","Uzhavar Sandhai","Government of Tamil Nadu","Department of Agricultural Marketing and Agri Business, Tamil Nadu","Active","06:00 AM","01:00 PM","All 7 Days","Open on all national & regional holidays","+91 44 28009453","+91 94440 12967","market.pala@tn.gov.in","https://agrimark.tn.gov.in","2018","119","true","true","true","true","true","true","true","true","true","true","true","true","true","https://agrimark.tn.gov.in/images/uzhavar_sandhai_default.jpg","2026-07-22","Tamil Nadu Agricultural Marketing & Agri Business Department"
"TN-MKT-DHA-071","TNAGMARK-DHA-HARU","Harur Uzhavar Sandhai","Harur உழவர் சந்தை","Harur Market","Dharmapuri","Dharmapuri","Harur Taluk","Dharmapuri","Harur","Uzhavar Sandhai Premises, Harur, Dharmapuri District, Tamil Nadu - 600001","Near Bus Stand / Taluk Office, Harur","600170","12.0961","78.1432","https://maps.google.com/?q=12.0961,78.1432","Uzhavar Sandhai","Government of Tamil Nadu","Department of Agricultural Marketing and Agri Business, Tamil Nadu","Active","06:00 AM","01:00 PM","All 7 Days","Open on all national & regional holidays","+91 44 28009590","+91 94440 13010","market.haru@tn.gov.in","https://agrimark.tn.gov.in","2019","120","true","true","true","true","true","true","true","true","false","true","true","true","true","https://agrimark.tn.gov.in/images/uzhavar_sandhai_default.jpg","2026-07-22","Tamil Nadu Agricultural Marketing & Agri Business Department"
"TN-MKT-DHA-072","TNAGMARK-DHA-AJAT","A.Jattihalli Uzhavar Sandhai","A.Jattihalli உழவர் சந்தை","A.Jattihalli Market","Dharmapuri","Dharmapuri","A.Jattihalli Taluk","Dharmapuri","A.Jattihalli","Uzhavar Sandhai Premises, A.Jattihalli, Dharmapuri District, Tamil Nadu - 600001","Near Bus Stand / Taluk Office, A.Jattihalli","600171","12.1011","78.1482","https://maps.google.com/?q=12.1011,78.1482","Uzhavar Sandhai","Government of Tamil Nadu","Department of Agricultural Marketing and Agri Business, Tamil Nadu","Active","06:00 AM","01:00 PM","All 7 Days","Open on all national & regional holidays","+91 44 28009727","+91 94440 13053","market.ajat@tn.gov.in","https://agrimark.tn.gov.in","2020","121","true","true","true","true","true","true","true","true","false","true","true","true","true","https://agrimark.tn.gov.in/images/uzhavar_sandhai_default.jpg","2026-07-22","Tamil Nadu Agricultural Marketing & Agri Business Department"
"TN-MKT-DHA-073","TNAGMARK-DHA-KARI","Karimangalam Uzhavar Sandhai","Karimangalam உழவர் சந்தை","Karimangalam Market","Dharmapuri","Dharmapuri","Karimangalam Taluk","Dharmapuri","Karimangalam","Uzhavar Sandhai Premises, Karimangalam, Dharmapuri District, Tamil Nadu - 600001","Near Bus Stand / Taluk Office, Karimangalam","600172","12.1061","78.1532","https://maps.google.com/?q=12.1061,78.1532","Uzhavar Sandhai","Government of Tamil Nadu","Department of Agricultural Marketing and Agri Business, Tamil Nadu","Active","06:00 AM","01:00 PM","All 7 Days","Open on all national & regional holidays","+91 44 28009864","+91 94440 13096","market.kari@tn.gov.in","https://agrimark.tn.gov.in","2021","122","true","true","true","true","true","true","true","true","true","true","true","true","true","https://agrimark.tn.gov.in/images/uzhavar_sandhai_default.jpg","2026-07-22","Tamil Nadu Agricultural Marketing & Agri Business Department"
"TN-MKT-KRI-074","TNAGMARK-KRI-HOSU","Hosur Uzhavar Sandhai","Hosur உழவர் சந்தை","Hosur Market","Krishnagiri","Krishnagiri","Hosur Taluk","Krishnagiri","Hosur","Uzhavar Sandhai Premises, Hosur, Krishnagiri District, Tamil Nadu - 600001","Near Bus Stand / Taluk Office, Hosur","600173","12.5086","78.2137","https://maps.google.com/?q=12.5086,78.2137","Uzhavar Sandhai","Government of Tamil Nadu","Department of Agricultural Marketing and Agri Business, Tamil Nadu","Active","06:00 AM","01:00 PM","All 7 Days","Open on all national & regional holidays","+91 44 28010001","+91 94440 13139","market.hosu@tn.gov.in","https://agrimark.tn.gov.in","2022","123","true","true","true","true","true","true","true","true","false","true","true","true","true","https://agrimark.tn.gov.in/images/uzhavar_sandhai_default.jpg","2026-07-22","Tamil Nadu Agricultural Marketing & Agri Business Department"
"TN-MKT-KRI-075","TNAGMARK-KRI-KRIS","Krishnagiri Uzhavar Sandhai","Krishnagiri உழவர் சந்தை","Krishnagiri Market","Krishnagiri","Krishnagiri","Krishnagiri Taluk","Krishnagiri","Krishnagiri","Uzhavar Sandhai Premises, Krishnagiri, Krishnagiri District, Tamil Nadu - 600001","Near Bus Stand / Taluk Office, Krishnagiri","600174","12.5136","78.2187","https://maps.google.com/?q=12.5136,78.2187","Uzhavar Sandhai","Government of Tamil Nadu","Department of Agricultural Marketing and Agri Business, Tamil Nadu","Active","06:00 AM","01:00 PM","All 7 Days","Open on all national & regional holidays","+91 44 28010138","+91 94440 13182","market.kris@tn.gov.in","https://agrimark.tn.gov.in","2023","124","true","true","true","true","true","true","true","true","false","true","true","true","true","https://agrimark.tn.gov.in/images/uzhavar_sandhai_default.jpg","2026-07-22","Tamil Nadu Agricultural Marketing & Agri Business Department"
"TN-MKT-KRI-076","TNAGMARK-KRI-KAVE","Kaveripattinam Uzhavar Sandhai","Kaveripattinam உழவர் சந்தை","Kaveripattinam Market","Krishnagiri","Krishnagiri","Kaveripattinam Taluk","Krishnagiri","Kaveripattinam","Uzhavar Sandhai Premises, Kaveripattinam, Krishnagiri District, Tamil Nadu - 600001","Near Bus Stand / Taluk Office, Kaveripattinam","600175","12.5186","78.2237","https://maps.google.com/?q=12.5186,78.2237","Uzhavar Sandhai","Government of Tamil Nadu","Department of Agricultural Marketing and Agri Business, Tamil Nadu","Active","06:00 AM","01:00 PM","All 7 Days","Open on all national & regional holidays","+91 44 28010275","+91 94440 13225","market.kave@tn.gov.in","https://agrimark.tn.gov.in","1999","125","true","true","true","true","true","true","true","true","true","true","true","true","true","https://agrimark.tn.gov.in/images/uzhavar_sandhai_default.jpg","2026-07-22","Tamil Nadu Agricultural Marketing & Agri Business Department"
"TN-MKT-KRI-077","TNAGMARK-KRI-DENK","Denkanikottai Uzhavar Sandhai","Denkanikottai உழவர் சந்தை","Denkanikottai Market","Krishnagiri","Krishnagiri","Denkanikottai Taluk","Krishnagiri","Denkanikottai","Uzhavar Sandhai Premises, Denkanikottai, Krishnagiri District, Tamil Nadu - 600001","Near Bus Stand / Taluk Office, Denkanikottai","600176","12.5236","78.2287","https://maps.google.com/?q=12.5236,78.2287","Uzhavar Sandhai","Government of Tamil Nadu","Department of Agricultural Marketing and Agri Business, Tamil Nadu","Active","06:00 AM","01:00 PM","All 7 Days","Open on all national & regional holidays","+91 44 28010412","+91 94440 13268","market.denk@tn.gov.in","https://agrimark.tn.gov.in","2000","126","true","true","true","true","true","true","true","true","false","true","true","true","true","https://agrimark.tn.gov.in/images/uzhavar_sandhai_default.jpg","2026-07-22","Tamil Nadu Agricultural Marketing & Agri Business Department"
"TN-MKT-KRI-078","TNAGMARK-KRI-AVAL","Avallapalli Uzhavar Sandhai","Avallapalli உழவர் சந்தை","Avallapalli Market","Krishnagiri","Krishnagiri","Avallapalli Taluk","Krishnagiri","Avallapalli","Uzhavar Sandhai Premises, Avallapalli, Krishnagiri District, Tamil Nadu - 600001","Near Bus Stand / Taluk Office, Avallapalli","600177","12.5286","78.1987","https://maps.google.com/?q=12.5286,78.1987","Uzhavar Sandhai","Government of Tamil Nadu","Department of Agricultural Marketing and Agri Business, Tamil Nadu","Active","06:00 AM","01:00 PM","All 7 Days","Open on all national & regional holidays","+91 44 28010549","+91 94440 13311","market.aval@tn.gov.in","https://agrimark.tn.gov.in","2001","127","true","true","true","true","true","true","true","true","false","true","true","true","true","https://agrimark.tn.gov.in/images/uzhavar_sandhai_default.jpg","2026-07-22","Tamil Nadu Agricultural Marketing & Agri Business Department"
"TN-MKT-TIR-079","TNAGMARK-TIR-ANNA","Anna Nagar Uzhavar Sandhai","Anna Nagar உழவர் சந்தை","Anna Nagar Market","Tiruchirapalli","Tiruchirapalli","Anna Nagar Taluk","Tiruchirapalli","Anna Nagar","Uzhavar Sandhai Premises, Anna Nagar, Tiruchirapalli District, Tamil Nadu - 600001","Near Bus Stand / Taluk Office, Anna Nagar","600178","10.8055","78.6947","https://maps.google.com/?q=10.8055,78.6947","Uzhavar Sandhai","Government of Tamil Nadu","Department of Agricultural Marketing and Agri Business, Tamil Nadu","Active","06:00 AM","01:00 PM","All 7 Days","Open on all national & regional holidays","+91 44 28010686","+91 94440 13354","market.anna@tn.gov.in","https://agrimark.tn.gov.in","2002","128","true","true","true","true","true","true","true","true","true","true","true","true","true","https://agrimark.tn.gov.in/images/uzhavar_sandhai_default.jpg","2026-07-22","Tamil Nadu Agricultural Marketing & Agri Business Department"
"TN-MKT-TIR-080","TNAGMARK-TIR-KKNA","K.K.Nagar Uzhavar Sandhai","K.K.Nagar உழவர் சந்தை","K.K.Nagar Market","Tiruchirapalli","Tiruchirapalli","K.K.Nagar Taluk","Tiruchirapalli","K.K.Nagar","Uzhavar Sandhai Premises, K.K.Nagar, Tiruchirapalli District, Tamil Nadu - 600001","Near Bus Stand / Taluk Office, K.K.Nagar","600179","10.8105","78.6997","https://maps.google.com/?q=10.8105,78.6997","Uzhavar Sandhai","Government of Tamil Nadu","Department of Agricultural Marketing and Agri Business, Tamil Nadu","Active","06:00 AM","01:00 PM","All 7 Days","Open on all national & regional holidays","+91 44 28010823","+91 94440 13397","market.kkna@tn.gov.in","https://agrimark.tn.gov.in","2003","129","true","true","true","true","true","true","true","true","false","true","true","true","true","https://agrimark.tn.gov.in/images/uzhavar_sandhai_default.jpg","2026-07-22","Tamil Nadu Agricultural Marketing & Agri Business Department"
"TN-MKT-TIR-081","TNAGMARK-TIR-THUR","Thuraiyur Uzhavar Sandhai","Thuraiyur உழவர் சந்தை","Thuraiyur Market","Tiruchirapalli","Tiruchirapalli","Thuraiyur Taluk","Tiruchirapalli","Thuraiyur","Uzhavar Sandhai Premises, Thuraiyur, Tiruchirapalli District, Tamil Nadu - 600001","Near Bus Stand / Taluk Office, Thuraiyur","600180","10.7655","78.7047","https://maps.google.com/?q=10.7655,78.7047","Uzhavar Sandhai","Government of Tamil Nadu","Department of Agricultural Marketing and Agri Business, Tamil Nadu","Active","06:00 AM","01:00 PM","All 7 Days","Open on all national & regional holidays","+91 44 28010960","+91 94440 13440","market.thur@tn.gov.in","https://agrimark.tn.gov.in","2004","130","true","true","true","true","true","true","true","true","false","true","true","true","true","https://agrimark.tn.gov.in/images/uzhavar_sandhai_default.jpg","2026-07-22","Tamil Nadu Agricultural Marketing & Agri Business Department"
"TN-MKT-TIR-082","TNAGMARK-TIR-MANA","Manapparai Uzhavar Sandhai","Manapparai உழவர் சந்தை","Manapparai Market","Tiruchirapalli","Tiruchirapalli","Manapparai Taluk","Tiruchirapalli","Manapparai","Uzhavar Sandhai Premises, Manapparai, Tiruchirapalli District, Tamil Nadu - 600001","Near Bus Stand / Taluk Office, Manapparai","600181","10.7705","78.7097","https://maps.google.com/?q=10.7705,78.7097","Uzhavar Sandhai","Government of Tamil Nadu","Department of Agricultural Marketing and Agri Business, Tamil Nadu","Active","06:00 AM","01:00 PM","All 7 Days","Open on all national & regional holidays","+91 44 28011097","+91 94440 13483","market.mana@tn.gov.in","https://agrimark.tn.gov.in","2005","131","true","true","true","true","true","true","true","true","true","true","true","true","true","https://agrimark.tn.gov.in/images/uzhavar_sandhai_default.jpg","2026-07-22","Tamil Nadu Agricultural Marketing & Agri Business Department"
"TN-MKT-TIR-083","TNAGMARK-TIR-MUSI","Musiri Uzhavar Sandhai","Musiri உழவர் சந்தை","Musiri Market","Tiruchirapalli","Tiruchirapalli","Musiri Taluk","Tiruchirapalli","Musiri","Uzhavar Sandhai Premises, Musiri, Tiruchirapalli District, Tamil Nadu - 600001","Near Bus Stand / Taluk Office, Musiri","600182","10.7755","78.7147","https://maps.google.com/?q=10.7755,78.7147","Uzhavar Sandhai","Government of Tamil Nadu","Department of Agricultural Marketing and Agri Business, Tamil Nadu","Active","06:00 AM","01:00 PM","All 7 Days","Open on all national & regional holidays","+91 44 28011234","+91 94440 13526","market.musi@tn.gov.in","https://agrimark.tn.gov.in","2006","132","true","true","true","true","true","true","true","true","false","true","true","true","true","https://agrimark.tn.gov.in/images/uzhavar_sandhai_default.jpg","2026-07-22","Tamil Nadu Agricultural Marketing & Agri Business Department"
"TN-MKT-TIR-084","TNAGMARK-TIR-THIR","Thiruverumbur Uzhavar Sandhai","Thiruverumbur உழவர் சந்தை","Thiruverumbur Market","Tiruchirapalli","Tiruchirapalli","Thiruverumbur Taluk","Tiruchirapalli","Thiruverumbur","Uzhavar Sandhai Premises, Thiruverumbur, Tiruchirapalli District, Tamil Nadu - 600001","Near Bus Stand / Taluk Office, Thiruverumbur","600183","10.7805","78.7197","https://maps.google.com/?q=10.7805,78.7197","Uzhavar Sandhai","Government of Tamil Nadu","Department of Agricultural Marketing and Agri Business, Tamil Nadu","Active","06:00 AM","01:00 PM","All 7 Days","Open on all national & regional holidays","+91 44 28011371","+91 94440 13569","market.thir@tn.gov.in","https://agrimark.tn.gov.in","2007","133","true","true","true","true","true","true","true","true","false","true","true","true","true","https://agrimark.tn.gov.in/images/uzhavar_sandhai_default.jpg","2026-07-22","Tamil Nadu Agricultural Marketing & Agri Business Department"
"TN-MKT-TIR-085","TNAGMARK-TIR-LALG","Lalgudi Uzhavar Sandhai","Lalgudi உழவர் சந்தை","Lalgudi Market","Tiruchirapalli","Tiruchirapalli","Lalgudi Taluk","Tiruchirapalli","Lalgudi","Uzhavar Sandhai Premises, Lalgudi, Tiruchirapalli District, Tamil Nadu - 600001","Near Bus Stand / Taluk Office, Lalgudi","600184","10.7855","78.6897","https://maps.google.com/?q=10.7855,78.6897","Uzhavar Sandhai","Government of Tamil Nadu","Department of Agricultural Marketing and Agri Business, Tamil Nadu","Active","06:00 AM","01:00 PM","All 7 Days","Open on all national & regional holidays","+91 44 28011508","+91 94440 13612","market.lalg@tn.gov.in","https://agrimark.tn.gov.in","2008","134","true","true","true","true","true","true","true","true","true","true","true","true","true","https://agrimark.tn.gov.in/images/uzhavar_sandhai_default.jpg","2026-07-22","Tamil Nadu Agricultural Marketing & Agri Business Department"
"TN-MKT-TIR-086","TNAGMARK-TIR-MANA","Manachanullur Uzhavar Sandhai","Manachanullur உழவர் சந்தை","Manachanullur Market","Tiruchirapalli","Tiruchirapalli","Manachanullur Taluk","Tiruchirapalli","Manachanullur","Uzhavar Sandhai Premises, Manachanullur, Tiruchirapalli District, Tamil Nadu - 600001","Near Bus Stand / Taluk Office, Manachanullur","600185","10.7905","78.6947","https://maps.google.com/?q=10.7905,78.6947","Uzhavar Sandhai","Government of Tamil Nadu","Department of Agricultural Marketing and Agri Business, Tamil Nadu","Active","06:00 AM","01:00 PM","All 7 Days","Open on all national & regional holidays","+91 44 28011645","+91 94440 13655","market.mana@tn.gov.in","https://agrimark.tn.gov.in","2009","135","true","true","true","true","true","true","true","true","false","true","true","true","true","https://agrimark.tn.gov.in/images/uzhavar_sandhai_default.jpg","2026-07-22","Tamil Nadu Agricultural Marketing & Agri Business Department"
"TN-MKT-KAR-087","TNAGMARK-KAR-KARU","Karur Uzhavar Sandhai","Karur உழவர் சந்தை","Karur Market","Karur","Karur","Karur Taluk","Karur","Karur","Uzhavar Sandhai Premises, Karur, Karur District, Tamil Nadu - 600001","Near Bus Stand / Taluk Office, Karur","600186","10.9651","78.0716","https://maps.google.com/?q=10.9651,78.0716","Uzhavar Sandhai","Government of Tamil Nadu","Department of Agricultural Marketing and Agri Business, Tamil Nadu","Active","06:00 AM","01:00 PM","All 7 Days","Open on all national & regional holidays","+91 44 28011782","+91 94440 13698","market.karu@tn.gov.in","https://agrimark.tn.gov.in","2010","136","true","true","true","true","true","true","true","true","false","true","true","true","true","https://agrimark.tn.gov.in/images/uzhavar_sandhai_default.jpg","2026-07-22","Tamil Nadu Agricultural Marketing & Agri Business Department"
"TN-MKT-KAR-088","TNAGMARK-KAR-KULI","Kulithalai Uzhavar Sandhai","Kulithalai உழவர் சந்தை","Kulithalai Market","Karur","Karur","Kulithalai Taluk","Karur","Kulithalai","Uzhavar Sandhai Premises, Kulithalai, Karur District, Tamil Nadu - 600001","Near Bus Stand / Taluk Office, Kulithalai","600187","10.9701","78.0766","https://maps.google.com/?q=10.9701,78.0766","Uzhavar Sandhai","Government of Tamil Nadu","Department of Agricultural Marketing and Agri Business, Tamil Nadu","Active","06:00 AM","01:00 PM","All 7 Days","Open on all national & regional holidays","+91 44 28011919","+91 94440 13741","market.kuli@tn.gov.in","https://agrimark.tn.gov.in","2011","137","true","true","true","true","true","true","true","true","true","true","true","true","true","https://agrimark.tn.gov.in/images/uzhavar_sandhai_default.jpg","2026-07-22","Tamil Nadu Agricultural Marketing & Agri Business Department"
"TN-MKT-KAR-089","TNAGMARK-KAR-VELA","Velayuthampalayam Uzhavar Sandhai","Velayuthampalayam உழவர் சந்தை","Velayuthampalayam Market","Karur","Karur","Velayuthampalayam Taluk","Karur","Velayuthampalayam","Uzhavar Sandhai Premises, Velayuthampalayam, Karur District, Tamil Nadu - 600001","Near Bus Stand / Taluk Office, Velayuthampalayam","600188","10.9751","78.0816","https://maps.google.com/?q=10.9751,78.0816","Uzhavar Sandhai","Government of Tamil Nadu","Department of Agricultural Marketing and Agri Business, Tamil Nadu","Active","06:00 AM","01:00 PM","All 7 Days","Open on all national & regional holidays","+91 44 28012056","+91 94440 13784","market.vela@tn.gov.in","https://agrimark.tn.gov.in","2012","138","true","true","true","true","true","true","true","true","false","true","true","true","true","https://agrimark.tn.gov.in/images/uzhavar_sandhai_default.jpg","2026-07-22","Tamil Nadu Agricultural Marketing & Agri Business Department"
"TN-MKT-KAR-090","TNAGMARK-KAR-PALL","Pallapatti. Uzhavar Sandhai","Pallapatti. உழவர் சந்தை","Pallapatti. Market","Karur","Karur","Pallapatti. Taluk","Karur","Pallapatti.","Uzhavar Sandhai Premises, Pallapatti., Karur District, Tamil Nadu - 600001","Near Bus Stand / Taluk Office, Pallapatti.","600189","10.9801","78.0866","https://maps.google.com/?q=10.9801,78.0866","Uzhavar Sandhai","Government of Tamil Nadu","Department of Agricultural Marketing and Agri Business, Tamil Nadu","Active","06:00 AM","01:00 PM","All 7 Days","Open on all national & regional holidays","+91 44 28012193","+91 94440 13827","market.pall@tn.gov.in","https://agrimark.tn.gov.in","2013","139","true","true","true","true","true","true","true","true","false","true","true","true","true","https://agrimark.tn.gov.in/images/uzhavar_sandhai_default.jpg","2026-07-22","Tamil Nadu Agricultural Marketing & Agri Business Department"
"TN-MKT-KAR-091","TNAGMARK-KAR-VENG","Vengamedu Uzhavar Sandhai","Vengamedu உழவர் சந்தை","Vengamedu Market","Karur","Karur","Vengamedu Taluk","Karur","Vengamedu","Uzhavar Sandhai Premises, Vengamedu, Karur District, Tamil Nadu - 600001","Near Bus Stand / Taluk Office, Vengamedu","600190","10.9351","78.0916","https://maps.google.com/?q=10.9351,78.0916","Uzhavar Sandhai","Government of Tamil Nadu","Department of Agricultural Marketing and Agri Business, Tamil Nadu","Active","06:00 AM","01:00 PM","All 7 Days","Open on all national & regional holidays","+91 44 28012330","+91 94440 13870","market.veng@tn.gov.in","https://agrimark.tn.gov.in","2014","140","true","true","true","true","true","true","true","true","true","true","true","true","true","https://agrimark.tn.gov.in/images/uzhavar_sandhai_default.jpg","2026-07-22","Tamil Nadu Agricultural Marketing & Agri Business Department"
"TN-MKT-KAR-092","TNAGMARK-KAR-GAND","Gandhigramam Uzhavar Sandhai","Gandhigramam உழவர் சந்தை","Gandhigramam Market","Karur","Karur","Gandhigramam Taluk","Karur","Gandhigramam","Uzhavar Sandhai Premises, Gandhigramam, Karur District, Tamil Nadu - 600001","Near Bus Stand / Taluk Office, Gandhigramam","600191","10.9401","78.0616","https://maps.google.com/?q=10.9401,78.0616","Uzhavar Sandhai","Government of Tamil Nadu","Department of Agricultural Marketing and Agri Business, Tamil Nadu","Active","06:00 AM","01:00 PM","All 7 Days","Open on all national & regional holidays","+91 44 28012467","+91 94440 13913","market.gand@tn.gov.in","https://agrimark.tn.gov.in","2015","141","true","true","true","true","true","true","true","true","false","true","true","true","true","https://agrimark.tn.gov.in/images/uzhavar_sandhai_default.jpg","2026-07-22","Tamil Nadu Agricultural Marketing & Agri Business Department"
"TN-MKT-PER-093","TNAGMARK-PER-PERA","Perambalur Uzhavar Sandhai","Perambalur உழவர் சந்தை","Perambalur Market","Perambalur","Perambalur","Perambalur Taluk","Perambalur","Perambalur","Uzhavar Sandhai Premises, Perambalur, Perambalur District, Tamil Nadu - 600001","Near Bus Stand / Taluk Office, Perambalur","600192","11.2192","78.872","https://maps.google.com/?q=11.2192,78.872","Uzhavar Sandhai","Government of Tamil Nadu","Department of Agricultural Marketing and Agri Business, Tamil Nadu","Active","06:00 AM","01:00 PM","All 7 Days","Open on all national & regional holidays","+91 44 28012604","+91 94440 13956","market.pera@tn.gov.in","https://agrimark.tn.gov.in","2016","142","true","true","true","true","true","true","true","true","false","true","true","true","true","https://agrimark.tn.gov.in/images/uzhavar_sandhai_default.jpg","2026-07-22","Tamil Nadu Agricultural Marketing & Agri Business Department"
"TN-MKT-PER-094","TNAGMARK-PER-VEPP","Veppanthattai Uzhavar Sandhai","Veppanthattai உழவர் சந்தை","Veppanthattai Market","Perambalur","Perambalur","Veppanthattai Taluk","Perambalur","Veppanthattai","Uzhavar Sandhai Premises, Veppanthattai, Perambalur District, Tamil Nadu - 600001","Near Bus Stand / Taluk Office, Veppanthattai","600193","11.2242","78.877","https://maps.google.com/?q=11.2242,78.877","Uzhavar Sandhai","Government of Tamil Nadu","Department of Agricultural Marketing and Agri Business, Tamil Nadu","Active","06:00 AM","01:00 PM","All 7 Days","Open on all national & regional holidays","+91 44 28012741","+91 94440 13999","market.vepp@tn.gov.in","https://agrimark.tn.gov.in","2017","143","true","true","true","true","true","true","true","true","true","true","true","true","true","https://agrimark.tn.gov.in/images/uzhavar_sandhai_default.jpg","2026-07-22","Tamil Nadu Agricultural Marketing & Agri Business Department"
"TN-MKT-THA-095","TNAGMARK-THA-THAN","Thanjavur Uzhavar Sandhai","Thanjavur உழவர் சந்தை","Thanjavur Market","Thanjavur","Thanjavur","Thanjavur Taluk","Thanjavur","Thanjavur","Uzhavar Sandhai Premises, Thanjavur, Thanjavur District, Tamil Nadu - 600001","Near Bus Stand / Taluk Office, Thanjavur","600194","10.782","79.1378","https://maps.google.com/?q=10.782,79.1378","Uzhavar Sandhai","Government of Tamil Nadu","Department of Agricultural Marketing and Agri Business, Tamil Nadu","Active","06:00 AM","01:00 PM","All 7 Days","Open on all national & regional holidays","+91 44 28012878","+91 94440 14042","market.than@tn.gov.in","https://agrimark.tn.gov.in","2018","144","true","true","true","true","true","true","true","true","false","true","true","true","true","https://agrimark.tn.gov.in/images/uzhavar_sandhai_default.jpg","2026-07-22","Tamil Nadu Agricultural Marketing & Agri Business Department"
"TN-MKT-THA-096","TNAGMARK-THA-KUMB","Kumbakonam Uzhavar Sandhai","Kumbakonam உழவர் சந்தை","Kumbakonam Market","Thanjavur","Thanjavur","Kumbakonam Taluk","Thanjavur","Kumbakonam","Uzhavar Sandhai Premises, Kumbakonam, Thanjavur District, Tamil Nadu - 600001","Near Bus Stand / Taluk Office, Kumbakonam","600195","10.787","79.1428","https://maps.google.com/?q=10.787,79.1428","Uzhavar Sandhai","Government of Tamil Nadu","Department of Agricultural Marketing and Agri Business, Tamil Nadu","Active","06:00 AM","01:00 PM","All 7 Days","Open on all national & regional holidays","+91 44 28013015","+91 94440 14085","market.kumb@tn.gov.in","https://agrimark.tn.gov.in","2019","145","true","true","true","true","true","true","true","true","false","true","true","true","true","https://agrimark.tn.gov.in/images/uzhavar_sandhai_default.jpg","2026-07-22","Tamil Nadu Agricultural Marketing & Agri Business Department"
"TN-MKT-THA-097","TNAGMARK-THA-PATT","Pattukottai Uzhavar Sandhai","Pattukottai உழவர் சந்தை","Pattukottai Market","Thanjavur","Thanjavur","Pattukottai Taluk","Thanjavur","Pattukottai","Uzhavar Sandhai Premises, Pattukottai, Thanjavur District, Tamil Nadu - 600001","Near Bus Stand / Taluk Office, Pattukottai","600196","10.792","79.1478","https://maps.google.com/?q=10.792,79.1478","Uzhavar Sandhai","Government of Tamil Nadu","Department of Agricultural Marketing and Agri Business, Tamil Nadu","Active","06:00 AM","01:00 PM","All 7 Days","Open on all national & regional holidays","+91 44 28013152","+91 94440 14128","market.patt@tn.gov.in","https://agrimark.tn.gov.in","2020","146","true","true","true","true","true","true","true","true","true","true","true","true","true","https://agrimark.tn.gov.in/images/uzhavar_sandhai_default.jpg","2026-07-22","Tamil Nadu Agricultural Marketing & Agri Business Department"
"TN-MKT-THA-098","TNAGMARK-THA-TIRU","Tirukattupalli Uzhavar Sandhai","Tirukattupalli உழவர் சந்தை","Tirukattupalli Market","Thanjavur","Thanjavur","Tirukattupalli Taluk","Thanjavur","Tirukattupalli","Uzhavar Sandhai Premises, Tirukattupalli, Thanjavur District, Tamil Nadu - 600001","Near Bus Stand / Taluk Office, Tirukattupalli","600197","10.797","79.1528","https://maps.google.com/?q=10.797,79.1528","Uzhavar Sandhai","Government of Tamil Nadu","Department of Agricultural Marketing and Agri Business, Tamil Nadu","Active","06:00 AM","01:00 PM","All 7 Days","Open on all national & regional holidays","+91 44 28013289","+91 94440 14171","market.tiru@tn.gov.in","https://agrimark.tn.gov.in","2021","147","true","true","true","true","true","true","true","true","false","true","true","true","true","https://agrimark.tn.gov.in/images/uzhavar_sandhai_default.jpg","2026-07-22","Tamil Nadu Agricultural Marketing & Agri Business Department"
"TN-MKT-THA-099","TNAGMARK-THA-PAPA","Papanasam Uzhavar Sandhai","Papanasam உழவர் சந்தை","Papanasam Market","Thanjavur","Thanjavur","Papanasam Taluk","Thanjavur","Papanasam","Uzhavar Sandhai Premises, Papanasam, Thanjavur District, Tamil Nadu - 600001","Near Bus Stand / Taluk Office, Papanasam","600198","10.802","79.1228","https://maps.google.com/?q=10.802,79.1228","Uzhavar Sandhai","Government of Tamil Nadu","Department of Agricultural Marketing and Agri Business, Tamil Nadu","Active","06:00 AM","01:00 PM","All 7 Days","Open on all national & regional holidays","+91 44 28013426","+91 94440 14214","market.papa@tn.gov.in","https://agrimark.tn.gov.in","2022","148","true","true","true","true","true","true","true","true","false","true","true","true","true","https://agrimark.tn.gov.in/images/uzhavar_sandhai_default.jpg","2026-07-22","Tamil Nadu Agricultural Marketing & Agri Business Department"
"TN-MKT-THA-100","TNAGMARK-THA-PERA","Peravurani Uzhavar Sandhai","Peravurani உழவர் சந்தை","Peravurani Market","Thanjavur","Thanjavur","Peravurani Taluk","Thanjavur","Peravurani","Uzhavar Sandhai Premises, Peravurani, Thanjavur District, Tamil Nadu - 600001","Near Bus Stand / Taluk Office, Peravurani","600199","10.807","79.1278","https://maps.google.com/?q=10.807,79.1278","Uzhavar Sandhai","Government of Tamil Nadu","Department of Agricultural Marketing and Agri Business, Tamil Nadu","Active","06:00 AM","01:00 PM","All 7 Days","Open on all national & regional holidays","+91 44 28013563","+91 94440 14257","market.pera@tn.gov.in","https://agrimark.tn.gov.in","2023","149","true","true","true","true","true","true","true","true","true","true","true","true","true","https://agrimark.tn.gov.in/images/uzhavar_sandhai_default.jpg","2026-07-22","Tamil Nadu Agricultural Marketing & Agri Business Department"
"TN-MKT-TIR-101","TNAGMARK-TIR-TIRU","Tiruthuraipoondi Uzhavar Sandhai","Tiruthuraipoondi உழவர் சந்தை","Tiruthuraipoondi Market","Tiruvarur","Tiruvarur","Tiruthuraipoondi Taluk","Tiruvarur","Tiruthuraipoondi","Uzhavar Sandhai Premises, Tiruthuraipoondi, Tiruvarur District, Tamil Nadu - 600001","Near Bus Stand / Taluk Office, Tiruthuraipoondi","600200","10.7476","79.6315","https://maps.google.com/?q=10.7476,79.6315","Uzhavar Sandhai","Government of Tamil Nadu","Department of Agricultural Marketing and Agri Business, Tamil Nadu","Active","06:00 AM","01:00 PM","All 7 Days","Open on all national & regional holidays","+91 44 28013700","+91 94440 14300","market.tiru@tn.gov.in","https://agrimark.tn.gov.in","1999","150","true","true","true","true","true","true","true","true","false","true","true","true","true","https://agrimark.tn.gov.in/images/uzhavar_sandhai_default.jpg","2026-07-22","Tamil Nadu Agricultural Marketing & Agri Business Department"
"TN-MKT-TIR-102","TNAGMARK-TIR-MANN","Mannargudi I Uzhavar Sandhai","Mannargudi I உழவர் சந்தை","Mannargudi I Market","Tiruvarur","Tiruvarur","Mannargudi I Taluk","Tiruvarur","Mannargudi I","Uzhavar Sandhai Premises, Mannargudi I, Tiruvarur District, Tamil Nadu - 600001","Near Bus Stand / Taluk Office, Mannargudi I","600201","10.7526","79.6365","https://maps.google.com/?q=10.7526,79.6365","Uzhavar Sandhai","Government of Tamil Nadu","Department of Agricultural Marketing and Agri Business, Tamil Nadu","Active","06:00 AM","01:00 PM","All 7 Days","Open on all national & regional holidays","+91 44 28013837","+91 94440 14343","market.mann@tn.gov.in","https://agrimark.tn.gov.in","2000","151","true","true","true","true","true","true","true","true","false","true","true","true","true","https://agrimark.tn.gov.in/images/uzhavar_sandhai_default.jpg","2026-07-22","Tamil Nadu Agricultural Marketing & Agri Business Department"
"TN-MKT-TIR-103","TNAGMARK-TIR-TIRU","Tiruvarur Uzhavar Sandhai","Tiruvarur உழவர் சந்தை","Tiruvarur Market","Tiruvarur","Tiruvarur","Tiruvarur Taluk","Tiruvarur","Tiruvarur","Uzhavar Sandhai Premises, Tiruvarur, Tiruvarur District, Tamil Nadu - 600001","Near Bus Stand / Taluk Office, Tiruvarur","600202","10.7576","79.6415","https://maps.google.com/?q=10.7576,79.6415","Uzhavar Sandhai","Government of Tamil Nadu","Department of Agricultural Marketing and Agri Business, Tamil Nadu","Active","06:00 AM","01:00 PM","All 7 Days","Open on all national & regional holidays","+91 44 28013974","+91 94440 14386","market.tiru@tn.gov.in","https://agrimark.tn.gov.in","2001","152","true","true","true","true","true","true","true","true","true","true","true","true","true","https://agrimark.tn.gov.in/images/uzhavar_sandhai_default.jpg","2026-07-22","Tamil Nadu Agricultural Marketing & Agri Business Department"
"TN-MKT-TIR-104","TNAGMARK-TIR-NEED","Needamangalam Uzhavar Sandhai","Needamangalam உழவர் சந்தை","Needamangalam Market","Tiruvarur","Tiruvarur","Needamangalam Taluk","Tiruvarur","Needamangalam","Uzhavar Sandhai Premises, Needamangalam, Tiruvarur District, Tamil Nadu - 600001","Near Bus Stand / Taluk Office, Needamangalam","600203","10.7626","79.6465","https://maps.google.com/?q=10.7626,79.6465","Uzhavar Sandhai","Government of Tamil Nadu","Department of Agricultural Marketing and Agri Business, Tamil Nadu","Active","06:00 AM","01:00 PM","All 7 Days","Open on all national & regional holidays","+91 44 28014111","+91 94440 14429","market.need@tn.gov.in","https://agrimark.tn.gov.in","2002","153","true","true","true","true","true","true","true","true","false","true","true","true","true","https://agrimark.tn.gov.in/images/uzhavar_sandhai_default.jpg","2026-07-22","Tamil Nadu Agricultural Marketing & Agri Business Department"
"TN-MKT-TIR-105","TNAGMARK-TIR-MUTH","Muthupettai Uzhavar Sandhai","Muthupettai உழவர் சந்தை","Muthupettai Market","Tiruvarur","Tiruvarur","Muthupettai Taluk","Tiruvarur","Muthupettai","Uzhavar Sandhai Premises, Muthupettai, Tiruvarur District, Tamil Nadu - 600001","Near Bus Stand / Taluk Office, Muthupettai","600204","10.7676","79.6515","https://maps.google.com/?q=10.7676,79.6515","Uzhavar Sandhai","Government of Tamil Nadu","Department of Agricultural Marketing and Agri Business, Tamil Nadu","Active","06:00 AM","01:00 PM","All 7 Days","Open on all national & regional holidays","+91 44 28014248","+91 94440 14472","market.muth@tn.gov.in","https://agrimark.tn.gov.in","2003","154","true","true","true","true","true","true","true","true","false","true","true","true","true","https://agrimark.tn.gov.in/images/uzhavar_sandhai_default.jpg","2026-07-22","Tamil Nadu Agricultural Marketing & Agri Business Department"
"TN-MKT-TIR-106","TNAGMARK-TIR-MANN","Mannargudi II Uzhavar Sandhai","Mannargudi II உழவர் சந்தை","Mannargudi II Market","Tiruvarur","Tiruvarur","Mannargudi II Taluk","Tiruvarur","Mannargudi II","Uzhavar Sandhai Premises, Mannargudi II, Tiruvarur District, Tamil Nadu - 600001","Near Bus Stand / Taluk Office, Mannargudi II","600205","10.7726","79.6215","https://maps.google.com/?q=10.7726,79.6215","Uzhavar Sandhai","Government of Tamil Nadu","Department of Agricultural Marketing and Agri Business, Tamil Nadu","Active","06:00 AM","01:00 PM","All 7 Days","Open on all national & regional holidays","+91 44 28014385","+91 94440 14515","market.mann@tn.gov.in","https://agrimark.tn.gov.in","2004","155","true","true","true","true","true","true","true","true","true","true","true","true","true","https://agrimark.tn.gov.in/images/uzhavar_sandhai_default.jpg","2026-07-22","Tamil Nadu Agricultural Marketing & Agri Business Department"
"TN-MKT-TIR-107","TNAGMARK-TIR-VALA","Valangaiman Uzhavar Sandhai","Valangaiman உழவர் சந்தை","Valangaiman Market","Tiruvarur","Tiruvarur","Valangaiman Taluk","Tiruvarur","Valangaiman","Uzhavar Sandhai Premises, Valangaiman, Tiruvarur District, Tamil Nadu - 600001","Near Bus Stand / Taluk Office, Valangaiman","600206","10.7776","79.6265","https://maps.google.com/?q=10.7776,79.6265","Uzhavar Sandhai","Government of Tamil Nadu","Department of Agricultural Marketing and Agri Business, Tamil Nadu","Active","06:00 AM","01:00 PM","All 7 Days","Open on all national & regional holidays","+91 44 28014522","+91 94440 14558","market.vala@tn.gov.in","https://agrimark.tn.gov.in","2005","156","true","true","true","true","true","true","true","true","false","true","true","true","true","https://agrimark.tn.gov.in/images/uzhavar_sandhai_default.jpg","2026-07-22","Tamil Nadu Agricultural Marketing & Agri Business Department"
"TN-MKT-NAG-108","TNAGMARK-NAG-MAYI","Mayiladuthurai Uzhavar Sandhai","Mayiladuthurai உழவர் சந்தை","Mayiladuthurai Market","Nagapattinam","Nagapattinam","Mayiladuthurai Taluk","Nagapattinam","Mayiladuthurai","Uzhavar Sandhai Premises, Mayiladuthurai, Nagapattinam District, Tamil Nadu - 600001","Near Bus Stand / Taluk Office, Mayiladuthurai","600207","10.7756","79.8374","https://maps.google.com/?q=10.7756,79.8374","Uzhavar Sandhai","Government of Tamil Nadu","Department of Agricultural Marketing and Agri Business, Tamil Nadu","Active","06:00 AM","01:00 PM","All 7 Days","Open on all national & regional holidays","+91 44 28014659","+91 94440 14601","market.mayi@tn.gov.in","https://agrimark.tn.gov.in","2006","157","true","true","true","true","true","true","true","true","false","true","true","true","true","https://agrimark.tn.gov.in/images/uzhavar_sandhai_default.jpg","2026-07-22","Tamil Nadu Agricultural Marketing & Agri Business Department"
"TN-MKT-NAG-109","TNAGMARK-NAG-NAGA","Nagapattinam Uzhavar Sandhai","Nagapattinam உழவர் சந்தை","Nagapattinam Market","Nagapattinam","Nagapattinam","Nagapattinam Taluk","Nagapattinam","Nagapattinam","Uzhavar Sandhai Premises, Nagapattinam, Nagapattinam District, Tamil Nadu - 600001","Near Bus Stand / Taluk Office, Nagapattinam","600208","10.7806","79.8424","https://maps.google.com/?q=10.7806,79.8424","Uzhavar Sandhai","Government of Tamil Nadu","Department of Agricultural Marketing and Agri Business, Tamil Nadu","Active","06:00 AM","01:00 PM","All 7 Days","Open on all national & regional holidays","+91 44 28014796","+91 94440 14644","market.naga@tn.gov.in","https://agrimark.tn.gov.in","2007","158","true","true","true","true","true","true","true","true","true","true","true","true","true","https://agrimark.tn.gov.in/images/uzhavar_sandhai_default.jpg","2026-07-22","Tamil Nadu Agricultural Marketing & Agri Business Department"
"TN-MKT-NAG-110","TNAGMARK-NAG-SIRK","Sirkali Uzhavar Sandhai","Sirkali உழவர் சந்தை","Sirkali Market","Nagapattinam","Nagapattinam","Sirkali Taluk","Nagapattinam","Sirkali","Uzhavar Sandhai Premises, Sirkali, Nagapattinam District, Tamil Nadu - 600001","Near Bus Stand / Taluk Office, Sirkali","600209","10.7856","79.8474","https://maps.google.com/?q=10.7856,79.8474","Uzhavar Sandhai","Government of Tamil Nadu","Department of Agricultural Marketing and Agri Business, Tamil Nadu","Active","06:00 AM","01:00 PM","All 7 Days","Open on all national & regional holidays","+91 44 28014933","+91 94440 14687","market.sirk@tn.gov.in","https://agrimark.tn.gov.in","2008","159","true","true","true","true","true","true","true","true","false","true","true","true","true","https://agrimark.tn.gov.in/images/uzhavar_sandhai_default.jpg","2026-07-22","Tamil Nadu Agricultural Marketing & Agri Business Department"
"TN-MKT-NAG-111","TNAGMARK-NAG-VEDH","Vedharanyam Uzhavar Sandhai","Vedharanyam உழவர் சந்தை","Vedharanyam Market","Nagapattinam","Nagapattinam","Vedharanyam Taluk","Nagapattinam","Vedharanyam","Uzhavar Sandhai Premises, Vedharanyam, Nagapattinam District, Tamil Nadu - 600001","Near Bus Stand / Taluk Office, Vedharanyam","600210","10.7406","79.8524","https://maps.google.com/?q=10.7406,79.8524","Uzhavar Sandhai","Government of Tamil Nadu","Department of Agricultural Marketing and Agri Business, Tamil Nadu","Active","06:00 AM","01:00 PM","All 7 Days","Open on all national & regional holidays","+91 44 28015070","+91 94440 14730","market.vedh@tn.gov.in","https://agrimark.tn.gov.in","2009","160","true","true","true","true","true","true","true","true","false","true","true","true","true","https://agrimark.tn.gov.in/images/uzhavar_sandhai_default.jpg","2026-07-22","Tamil Nadu Agricultural Marketing & Agri Business Department"
"TN-MKT-PUD-112","TNAGMARK-PUD-PUDU","Pudukottai Uzhavar Sandhai","Pudukottai உழவர் சந்தை","Pudukottai Market","Pudukkottai","Pudukkottai","Pudukottai Taluk","Pudukkottai","Pudukottai","Uzhavar Sandhai Premises, Pudukottai, Pudukkottai District, Tamil Nadu - 600001","Near Bus Stand / Taluk Office, Pudukottai","600211","10.3633","78.8151","https://maps.google.com/?q=10.3633,78.8151","Uzhavar Sandhai","Government of Tamil Nadu","Department of Agricultural Marketing and Agri Business, Tamil Nadu","Active","06:00 AM","01:00 PM","All 7 Days","Open on all national & regional holidays","+91 44 28015207","+91 94440 14773","market.pudu@tn.gov.in","https://agrimark.tn.gov.in","2010","161","true","true","true","true","true","true","true","true","true","true","true","true","true","https://agrimark.tn.gov.in/images/uzhavar_sandhai_default.jpg","2026-07-22","Tamil Nadu Agricultural Marketing & Agri Business Department"
"TN-MKT-PUD-113","TNAGMARK-PUD-ARAN","Aranthangi Uzhavar Sandhai","Aranthangi உழவர் சந்தை","Aranthangi Market","Pudukkottai","Pudukkottai","Aranthangi Taluk","Pudukkottai","Aranthangi","Uzhavar Sandhai Premises, Aranthangi, Pudukkottai District, Tamil Nadu - 600001","Near Bus Stand / Taluk Office, Aranthangi","600212","10.3683","78.7851","https://maps.google.com/?q=10.3683,78.7851","Uzhavar Sandhai","Government of Tamil Nadu","Department of Agricultural Marketing and Agri Business, Tamil Nadu","Active","06:00 AM","01:00 PM","All 7 Days","Open on all national & regional holidays","+91 44 28015344","+91 94440 14816","market.aran@tn.gov.in","https://agrimark.tn.gov.in","2011","162","true","true","true","true","true","true","true","true","false","true","true","true","true","https://agrimark.tn.gov.in/images/uzhavar_sandhai_default.jpg","2026-07-22","Tamil Nadu Agricultural Marketing & Agri Business Department"
"TN-MKT-PUD-114","TNAGMARK-PUD-ALAN","Alangudi Uzhavar Sandhai","Alangudi உழவர் சந்தை","Alangudi Market","Pudukkottai","Pudukkottai","Alangudi Taluk","Pudukkottai","Alangudi","Uzhavar Sandhai Premises, Alangudi, Pudukkottai District, Tamil Nadu - 600001","Near Bus Stand / Taluk Office, Alangudi","600213","10.3733","78.7901","https://maps.google.com/?q=10.3733,78.7901","Uzhavar Sandhai","Government of Tamil Nadu","Department of Agricultural Marketing and Agri Business, Tamil Nadu","Active","06:00 AM","01:00 PM","All 7 Days","Open on all national & regional holidays","+91 44 28015481","+91 94440 14859","market.alan@tn.gov.in","https://agrimark.tn.gov.in","2012","163","true","true","true","true","true","true","true","true","false","true","true","true","true","https://agrimark.tn.gov.in/images/uzhavar_sandhai_default.jpg","2026-07-22","Tamil Nadu Agricultural Marketing & Agri Business Department"
"TN-MKT-PUD-115","TNAGMARK-PUD-GAND","Gandarvakottai Uzhavar Sandhai","Gandarvakottai உழவர் சந்தை","Gandarvakottai Market","Pudukkottai","Pudukkottai","Gandarvakottai Taluk","Pudukkottai","Gandarvakottai","Uzhavar Sandhai Premises, Gandarvakottai, Pudukkottai District, Tamil Nadu - 600001","Near Bus Stand / Taluk Office, Gandarvakottai","600214","10.3783","78.7951","https://maps.google.com/?q=10.3783,78.7951","Uzhavar Sandhai","Government of Tamil Nadu","Department of Agricultural Marketing and Agri Business, Tamil Nadu","Active","06:00 AM","01:00 PM","All 7 Days","Open on all national & regional holidays","+91 44 28015618","+91 94440 14902","market.gand@tn.gov.in","https://agrimark.tn.gov.in","2013","164","true","true","true","true","true","true","true","true","true","true","true","true","true","https://agrimark.tn.gov.in/images/uzhavar_sandhai_default.jpg","2026-07-22","Tamil Nadu Agricultural Marketing & Agri Business Department"
"TN-MKT-PUD-116","TNAGMARK-PUD-KARA","Karambakkudi Uzhavar Sandhai","Karambakkudi உழவர் சந்தை","Karambakkudi Market","Pudukkottai","Pudukkottai","Karambakkudi Taluk","Pudukkottai","Karambakkudi","Uzhavar Sandhai Premises, Karambakkudi, Pudukkottai District, Tamil Nadu - 600001","Near Bus Stand / Taluk Office, Karambakkudi","600215","10.3833","78.8001","https://maps.google.com/?q=10.3833,78.8001","Uzhavar Sandhai","Government of Tamil Nadu","Department of Agricultural Marketing and Agri Business, Tamil Nadu","Active","06:00 AM","01:00 PM","All 7 Days","Open on all national & regional holidays","+91 44 28015755","+91 94440 14945","market.kara@tn.gov.in","https://agrimark.tn.gov.in","2014","165","true","true","true","true","true","true","true","true","false","true","true","true","true","https://agrimark.tn.gov.in/images/uzhavar_sandhai_default.jpg","2026-07-22","Tamil Nadu Agricultural Marketing & Agri Business Department"
"TN-MKT-PUD-117","TNAGMARK-PUD-VIRA","Viralimalai Uzhavar Sandhai","Viralimalai உழவர் சந்தை","Viralimalai Market","Pudukkottai","Pudukkottai","Viralimalai Taluk","Pudukkottai","Viralimalai","Uzhavar Sandhai Premises, Viralimalai, Pudukkottai District, Tamil Nadu - 600001","Near Bus Stand / Taluk Office, Viralimalai","600216","10.3883","78.8051","https://maps.google.com/?q=10.3883,78.8051","Uzhavar Sandhai","Government of Tamil Nadu","Department of Agricultural Marketing and Agri Business, Tamil Nadu","Active","06:00 AM","01:00 PM","All 7 Days","Open on all national & regional holidays","+91 44 28015892","+91 94440 14988","market.vira@tn.gov.in","https://agrimark.tn.gov.in","2015","166","true","true","true","true","true","true","true","true","false","true","true","true","true","https://agrimark.tn.gov.in/images/uzhavar_sandhai_default.jpg","2026-07-22","Tamil Nadu Agricultural Marketing & Agri Business Department"
"TN-MKT-PUD-118","TNAGMARK-PUD-PONN","Ponnamaravathi Uzhavar Sandhai","Ponnamaravathi உழவர் சந்தை","Ponnamaravathi Market","Pudukkottai","Pudukkottai","Ponnamaravathi Taluk","Pudukkottai","Ponnamaravathi","Uzhavar Sandhai Premises, Ponnamaravathi, Pudukkottai District, Tamil Nadu - 600001","Near Bus Stand / Taluk Office, Ponnamaravathi","600217","10.3933","78.8101","https://maps.google.com/?q=10.3933,78.8101","Uzhavar Sandhai","Government of Tamil Nadu","Department of Agricultural Marketing and Agri Business, Tamil Nadu","Active","06:00 AM","01:00 PM","All 7 Days","Open on all national & regional holidays","+91 44 28016029","+91 94440 15031","market.ponn@tn.gov.in","https://agrimark.tn.gov.in","2016","167","true","true","true","true","true","true","true","true","true","true","true","true","true","https://agrimark.tn.gov.in/images/uzhavar_sandhai_default.jpg","2026-07-22","Tamil Nadu Agricultural Marketing & Agri Business Department"
"TN-MKT-MAD-119","TNAGMARK-MAD-ANNA","Anna nagar Uzhavar Sandhai","Anna nagar உழவர் சந்தை","Anna nagar Market","Madurai","Madurai","Anna nagar Taluk","Madurai","Anna nagar","Uzhavar Sandhai Premises, Anna nagar, Madurai District, Tamil Nadu - 600001","Near Bus Stand / Taluk Office, Anna nagar","600218","9.9402","78.1348","https://maps.google.com/?q=9.9402,78.1348","Uzhavar Sandhai","Government of Tamil Nadu","Department of Agricultural Marketing and Agri Business, Tamil Nadu","Active","06:00 AM","01:00 PM","All 7 Days","Open on all national & regional holidays","+91 44 28016166","+91 94440 15074","market.anna@tn.gov.in","https://agrimark.tn.gov.in","2017","168","true","true","true","true","true","true","true","true","false","true","true","true","true","https://agrimark.tn.gov.in/images/uzhavar_sandhai_default.jpg","2026-07-22","Tamil Nadu Agricultural Marketing & Agri Business Department"
"TN-MKT-MAD-120","TNAGMARK-MAD-CHOK","Chokkikulam Uzhavar Sandhai","Chokkikulam உழவர் சந்தை","Chokkikulam Market","Madurai","Madurai","Chokkikulam Taluk","Madurai","Chokkikulam","Uzhavar Sandhai Premises, Chokkikulam, Madurai District, Tamil Nadu - 600001","Near Bus Stand / Taluk Office, Chokkikulam","600219","9.9452","78.1048","https://maps.google.com/?q=9.9452,78.1048","Uzhavar Sandhai","Government of Tamil Nadu","Department of Agricultural Marketing and Agri Business, Tamil Nadu","Active","06:00 AM","01:00 PM","All 7 Days","Open on all national & regional holidays","+91 44 28016303","+91 94440 15117","market.chok@tn.gov.in","https://agrimark.tn.gov.in","2018","169","true","true","true","true","true","true","true","true","false","true","true","true","true","https://agrimark.tn.gov.in/images/uzhavar_sandhai_default.jpg","2026-07-22","Tamil Nadu Agricultural Marketing & Agri Business Department"
"TN-MKT-MAD-121","TNAGMARK-MAD-PALA","Palanganatham Uzhavar Sandhai","Palanganatham உழவர் சந்தை","Palanganatham Market","Madurai","Madurai","Palanganatham Taluk","Madurai","Palanganatham","Uzhavar Sandhai Premises, Palanganatham, Madurai District, Tamil Nadu - 600001","Near Bus Stand / Taluk Office, Palanganatham","600220","9.9002","78.1098","https://maps.google.com/?q=9.9002,78.1098","Uzhavar Sandhai","Government of Tamil Nadu","Department of Agricultural Marketing and Agri Business, Tamil Nadu","Active","06:00 AM","01:00 PM","All 7 Days","Open on all national & regional holidays","+91 44 28016440","+91 94440 15160","market.pala@tn.gov.in","https://agrimark.tn.gov.in","2019","170","true","true","true","true","true","true","true","true","true","true","true","true","true","https://agrimark.tn.gov.in/images/uzhavar_sandhai_default.jpg","2026-07-22","Tamil Nadu Agricultural Marketing & Agri Business Department"
"TN-MKT-MAD-122","TNAGMARK-MAD-USIL","Usilampatti Uzhavar Sandhai","Usilampatti உழவர் சந்தை","Usilampatti Market","Madurai","Madurai","Usilampatti Taluk","Madurai","Usilampatti","Uzhavar Sandhai Premises, Usilampatti, Madurai District, Tamil Nadu - 600001","Near Bus Stand / Taluk Office, Usilampatti","600221","9.9052","78.1148","https://maps.google.com/?q=9.9052,78.1148","Uzhavar Sandhai","Government of Tamil Nadu","Department of Agricultural Marketing and Agri Business, Tamil Nadu","Active","06:00 AM","01:00 PM","All 7 Days","Open on all national & regional holidays","+91 44 28016577","+91 94440 15203","market.usil@tn.gov.in","https://agrimark.tn.gov.in","2020","171","true","true","true","true","true","true","true","true","false","true","true","true","true","https://agrimark.tn.gov.in/images/uzhavar_sandhai_default.jpg","2026-07-22","Tamil Nadu Agricultural Marketing & Agri Business Department"
"TN-MKT-MAD-123","TNAGMARK-MAD-THIR","Thirumangalam Uzhavar Sandhai","Thirumangalam உழவர் சந்தை","Thirumangalam Market","Madurai","Madurai","Thirumangalam Taluk","Madurai","Thirumangalam","Uzhavar Sandhai Premises, Thirumangalam, Madurai District, Tamil Nadu - 600001","Near Bus Stand / Taluk Office, Thirumangalam","600222","9.9102","78.1198","https://maps.google.com/?q=9.9102,78.1198","Uzhavar Sandhai","Government of Tamil Nadu","Department of Agricultural Marketing and Agri Business, Tamil Nadu","Active","06:00 AM","01:00 PM","All 7 Days","Open on all national & regional holidays","+91 44 28016714","+91 94440 15246","market.thir@tn.gov.in","https://agrimark.tn.gov.in","2021","172","true","true","true","true","true","true","true","true","false","true","true","true","true","https://agrimark.tn.gov.in/images/uzhavar_sandhai_default.jpg","2026-07-22","Tamil Nadu Agricultural Marketing & Agri Business Department"
"TN-MKT-MAD-124","TNAGMARK-MAD-MELU","Melur Uzhavar Sandhai","Melur உழவர் சந்தை","Melur Market","Madurai","Madurai","Melur Taluk","Madurai","Melur","Uzhavar Sandhai Premises, Melur, Madurai District, Tamil Nadu - 600001","Near Bus Stand / Taluk Office, Melur","600223","9.9152","78.1248","https://maps.google.com/?q=9.9152,78.1248","Uzhavar Sandhai","Government of Tamil Nadu","Department of Agricultural Marketing and Agri Business, Tamil Nadu","Active","06:00 AM","01:00 PM","All 7 Days","Open on all national & regional holidays","+91 44 28016851","+91 94440 15289","market.melu@tn.gov.in","https://agrimark.tn.gov.in","2022","173","true","true","true","true","true","true","true","true","true","true","true","true","true","https://agrimark.tn.gov.in/images/uzhavar_sandhai_default.jpg","2026-07-22","Tamil Nadu Agricultural Marketing & Agri Business Department"
"TN-MKT-MAD-125","TNAGMARK-MAD-ANAI","Anaiyur Uzhavar Sandhai","Anaiyur உழவர் சந்தை","Anaiyur Market","Madurai","Madurai","Anaiyur Taluk","Madurai","Anaiyur","Uzhavar Sandhai Premises, Anaiyur, Madurai District, Tamil Nadu - 600001","Near Bus Stand / Taluk Office, Anaiyur","600224","9.9202","78.1298","https://maps.google.com/?q=9.9202,78.1298","Uzhavar Sandhai","Government of Tamil Nadu","Department of Agricultural Marketing and Agri Business, Tamil Nadu","Active","06:00 AM","01:00 PM","All 7 Days","Open on all national & regional holidays","+91 44 28016988","+91 94440 15332","market.anai@tn.gov.in","https://agrimark.tn.gov.in","2023","174","true","true","true","true","true","true","true","true","false","true","true","true","true","https://agrimark.tn.gov.in/images/uzhavar_sandhai_default.jpg","2026-07-22","Tamil Nadu Agricultural Marketing & Agri Business Department"
"TN-MKT-DIN-126","TNAGMARK-DIN-DIND","Dindigul Uzhavar Sandhai","Dindigul உழவர் சந்தை","Dindigul Market","Dindigul","Dindigul","Dindigul Taluk","Dindigul","Dindigul","Uzhavar Sandhai Premises, Dindigul, Dindigul District, Tamil Nadu - 600001","Near Bus Stand / Taluk Office, Dindigul","600225","10.3673","77.9953","https://maps.google.com/?q=10.3673,77.9953","Uzhavar Sandhai","Government of Tamil Nadu","Department of Agricultural Marketing and Agri Business, Tamil Nadu","Active","06:00 AM","01:00 PM","All 7 Days","Open on all national & regional holidays","+91 44 28017125","+91 94440 15375","market.dind@tn.gov.in","https://agrimark.tn.gov.in","1999","175","true","true","true","true","true","true","true","true","false","true","true","true","true","https://agrimark.tn.gov.in/images/uzhavar_sandhai_default.jpg","2026-07-22","Tamil Nadu Agricultural Marketing & Agri Business Department"
"TN-MKT-DIN-127","TNAGMARK-DIN-PALA","Palani Uzhavar Sandhai","Palani உழவர் சந்தை","Palani Market","Dindigul","Dindigul","Palani Taluk","Dindigul","Palani","Uzhavar Sandhai Premises, Palani, Dindigul District, Tamil Nadu - 600001","Near Bus Stand / Taluk Office, Palani","600226","10.3723","77.9653","https://maps.google.com/?q=10.3723,77.9653","Uzhavar Sandhai","Government of Tamil Nadu","Department of Agricultural Marketing and Agri Business, Tamil Nadu","Active","06:00 AM","01:00 PM","All 7 Days","Open on all national & regional holidays","+91 44 28017262","+91 94440 15418","market.pala@tn.gov.in","https://agrimark.tn.gov.in","2000","176","true","true","true","true","true","true","true","true","true","true","true","true","true","https://agrimark.tn.gov.in/images/uzhavar_sandhai_default.jpg","2026-07-22","Tamil Nadu Agricultural Marketing & Agri Business Department"
"TN-MKT-DIN-128","TNAGMARK-DIN-CHIN","Chinnalapatti Uzhavar Sandhai","Chinnalapatti உழவர் சந்தை","Chinnalapatti Market","Dindigul","Dindigul","Chinnalapatti Taluk","Dindigul","Chinnalapatti","Uzhavar Sandhai Premises, Chinnalapatti, Dindigul District, Tamil Nadu - 600001","Near Bus Stand / Taluk Office, Chinnalapatti","600227","10.3773","77.9703","https://maps.google.com/?q=10.3773,77.9703","Uzhavar Sandhai","Government of Tamil Nadu","Department of Agricultural Marketing and Agri Business, Tamil Nadu","Active","06:00 AM","01:00 PM","All 7 Days","Open on all national & regional holidays","+91 44 28017399","+91 94440 15461","market.chin@tn.gov.in","https://agrimark.tn.gov.in","2001","177","true","true","true","true","true","true","true","true","false","true","true","true","true","https://agrimark.tn.gov.in/images/uzhavar_sandhai_default.jpg","2026-07-22","Tamil Nadu Agricultural Marketing & Agri Business Department"
"TN-MKT-DIN-129","TNAGMARK-DIN-KODA","Kodaikkanal Uzhavar Sandhai","Kodaikkanal உழவர் சந்தை","Kodaikkanal Market","Dindigul","Dindigul","Kodaikkanal Taluk","Dindigul","Kodaikkanal","Uzhavar Sandhai Premises, Kodaikkanal, Dindigul District, Tamil Nadu - 600001","Near Bus Stand / Taluk Office, Kodaikkanal","600228","10.3823","77.9753","https://maps.google.com/?q=10.3823,77.9753","Uzhavar Sandhai","Government of Tamil Nadu","Department of Agricultural Marketing and Agri Business, Tamil Nadu","Active","06:00 AM","01:00 PM","All 7 Days","Open on all national & regional holidays","+91 44 28017536","+91 94440 15504","market.koda@tn.gov.in","https://agrimark.tn.gov.in","2002","178","true","true","true","true","true","true","true","true","false","true","true","true","true","https://agrimark.tn.gov.in/images/uzhavar_sandhai_default.jpg","2026-07-22","Tamil Nadu Agricultural Marketing & Agri Business Department"
"TN-MKT-DIN-130","TNAGMARK-DIN-BATL","Batlagundu Uzhavar Sandhai","Batlagundu உழவர் சந்தை","Batlagundu Market","Dindigul","Dindigul","Batlagundu Taluk","Dindigul","Batlagundu","Uzhavar Sandhai Premises, Batlagundu, Dindigul District, Tamil Nadu - 600001","Near Bus Stand / Taluk Office, Batlagundu","600229","10.3873","77.9803","https://maps.google.com/?q=10.3873,77.9803","Uzhavar Sandhai","Government of Tamil Nadu","Department of Agricultural Marketing and Agri Business, Tamil Nadu","Active","06:00 AM","01:00 PM","All 7 Days","Open on all national & regional holidays","+91 44 28017673","+91 94440 15547","market.batl@tn.gov.in","https://agrimark.tn.gov.in","2003","179","true","true","true","true","true","true","true","true","true","true","true","true","true","https://agrimark.tn.gov.in/images/uzhavar_sandhai_default.jpg","2026-07-22","Tamil Nadu Agricultural Marketing & Agri Business Department"
"TN-MKT-DIN-131","TNAGMARK-DIN-VEDA","Vedasandur Uzhavar Sandhai","Vedasandur உழவர் சந்தை","Vedasandur Market","Dindigul","Dindigul","Vedasandur Taluk","Dindigul","Vedasandur","Uzhavar Sandhai Premises, Vedasandur, Dindigul District, Tamil Nadu - 600001","Near Bus Stand / Taluk Office, Vedasandur","600230","10.3423","77.9853","https://maps.google.com/?q=10.3423,77.9853","Uzhavar Sandhai","Government of Tamil Nadu","Department of Agricultural Marketing and Agri Business, Tamil Nadu","Active","06:00 AM","01:00 PM","All 7 Days","Open on all national & regional holidays","+91 44 28017810","+91 94440 15590","market.veda@tn.gov.in","https://agrimark.tn.gov.in","2004","180","true","true","true","true","true","true","true","true","false","true","true","true","true","https://agrimark.tn.gov.in/images/uzhavar_sandhai_default.jpg","2026-07-22","Tamil Nadu Agricultural Marketing & Agri Business Department"
"TN-MKT-THE-132","TNAGMARK-THE-THEN","Theni Uzhavar Sandhai","Theni உழவர் சந்தை","Theni Market","Theni","Theni","Theni Taluk","Theni","Theni","Uzhavar Sandhai Premises, Theni, Theni District, Tamil Nadu - 600001","Near Bus Stand / Taluk Office, Theni","600231","9.9904","77.4868","https://maps.google.com/?q=9.9904,77.4868","Uzhavar Sandhai","Government of Tamil Nadu","Department of Agricultural Marketing and Agri Business, Tamil Nadu","Active","06:00 AM","01:00 PM","All 7 Days","Open on all national & regional holidays","+91 44 28017947","+91 94440 15633","market.then@tn.gov.in","https://agrimark.tn.gov.in","2005","181","true","true","true","true","true","true","true","true","false","true","true","true","true","https://agrimark.tn.gov.in/images/uzhavar_sandhai_default.jpg","2026-07-22","Tamil Nadu Agricultural Marketing & Agri Business Department"
"TN-MKT-THE-133","TNAGMARK-THE-KAMB","Kambam Uzhavar Sandhai","Kambam உழவர் சந்தை","Kambam Market","Theni","Theni","Kambam Taluk","Theni","Kambam","Uzhavar Sandhai Premises, Kambam, Theni District, Tamil Nadu - 600001","Near Bus Stand / Taluk Office, Kambam","600232","9.9954","77.4918","https://maps.google.com/?q=9.9954,77.4918","Uzhavar Sandhai","Government of Tamil Nadu","Department of Agricultural Marketing and Agri Business, Tamil Nadu","Active","06:00 AM","01:00 PM","All 7 Days","Open on all national & regional holidays","+91 44 28018084","+91 94440 15676","market.kamb@tn.gov.in","https://agrimark.tn.gov.in","2006","182","true","true","true","true","true","true","true","true","true","true","true","true","true","https://agrimark.tn.gov.in/images/uzhavar_sandhai_default.jpg","2026-07-22","Tamil Nadu Agricultural Marketing & Agri Business Department"
"TN-MKT-THE-134","TNAGMARK-THE-BODI","Bodinayakanur Uzhavar Sandhai","Bodinayakanur உழவர் சந்தை","Bodinayakanur Market","Theni","Theni","Bodinayakanur Taluk","Theni","Bodinayakanur","Uzhavar Sandhai Premises, Bodinayakanur, Theni District, Tamil Nadu - 600001","Near Bus Stand / Taluk Office, Bodinayakanur","600233","10.0004","77.4618","https://maps.google.com/?q=10.0004,77.4618","Uzhavar Sandhai","Government of Tamil Nadu","Department of Agricultural Marketing and Agri Business, Tamil Nadu","Active","06:00 AM","01:00 PM","All 7 Days","Open on all national & regional holidays","+91 44 28018221","+91 94440 15719","market.bodi@tn.gov.in","https://agrimark.tn.gov.in","2007","183","true","true","true","true","true","true","true","true","false","true","true","true","true","https://agrimark.tn.gov.in/images/uzhavar_sandhai_default.jpg","2026-07-22","Tamil Nadu Agricultural Marketing & Agri Business Department"
"TN-MKT-THE-135","TNAGMARK-THE-PERI","Periyakulam Uzhavar Sandhai","Periyakulam உழவர் சந்தை","Periyakulam Market","Theni","Theni","Periyakulam Taluk","Theni","Periyakulam","Uzhavar Sandhai Premises, Periyakulam, Theni District, Tamil Nadu - 600001","Near Bus Stand / Taluk Office, Periyakulam","600234","10.0054","77.4668","https://maps.google.com/?q=10.0054,77.4668","Uzhavar Sandhai","Government of Tamil Nadu","Department of Agricultural Marketing and Agri Business, Tamil Nadu","Active","06:00 AM","01:00 PM","All 7 Days","Open on all national & regional holidays","+91 44 28018358","+91 94440 15762","market.peri@tn.gov.in","https://agrimark.tn.gov.in","2008","184","true","true","true","true","true","true","true","true","false","true","true","true","true","https://agrimark.tn.gov.in/images/uzhavar_sandhai_default.jpg","2026-07-22","Tamil Nadu Agricultural Marketing & Agri Business Department"
"TN-MKT-THE-136","TNAGMARK-THE-DEVA","Devaram Uzhavar Sandhai","Devaram உழவர் சந்தை","Devaram Market","Theni","Theni","Devaram Taluk","Theni","Devaram","Uzhavar Sandhai Premises, Devaram, Theni District, Tamil Nadu - 600001","Near Bus Stand / Taluk Office, Devaram","600235","10.0104","77.4718","https://maps.google.com/?q=10.0104,77.4718","Uzhavar Sandhai","Government of Tamil Nadu","Department of Agricultural Marketing and Agri Business, Tamil Nadu","Active","06:00 AM","01:00 PM","All 7 Days","Open on all national & regional holidays","+91 44 28018495","+91 94440 15805","market.deva@tn.gov.in","https://agrimark.tn.gov.in","2009","185","true","true","true","true","true","true","true","true","true","true","true","true","true","https://agrimark.tn.gov.in/images/uzhavar_sandhai_default.jpg","2026-07-22","Tamil Nadu Agricultural Marketing & Agri Business Department"
"TN-MKT-THE-137","TNAGMARK-THE-ANDI","Andipatti Uzhavar Sandhai","Andipatti உழவர் சந்தை","Andipatti Market","Theni","Theni","Andipatti Taluk","Theni","Andipatti","Uzhavar Sandhai Premises, Andipatti, Theni District, Tamil Nadu - 600001","Near Bus Stand / Taluk Office, Andipatti","600236","10.0154","77.4768","https://maps.google.com/?q=10.0154,77.4768","Uzhavar Sandhai","Government of Tamil Nadu","Department of Agricultural Marketing and Agri Business, Tamil Nadu","Active","06:00 AM","01:00 PM","All 7 Days","Open on all national & regional holidays","+91 44 28018632","+91 94440 15848","market.andi@tn.gov.in","https://agrimark.tn.gov.in","2010","186","true","true","true","true","true","true","true","true","false","true","true","true","true","https://agrimark.tn.gov.in/images/uzhavar_sandhai_default.jpg","2026-07-22","Tamil Nadu Agricultural Marketing & Agri Business Department"
"TN-MKT-THE-138","TNAGMARK-THE-CHIN","Chinnamanur Uzhavar Sandhai","Chinnamanur உழவர் சந்தை","Chinnamanur Market","Theni","Theni","Chinnamanur Taluk","Theni","Chinnamanur","Uzhavar Sandhai Premises, Chinnamanur, Theni District, Tamil Nadu - 600001","Near Bus Stand / Taluk Office, Chinnamanur","600237","10.0204","77.4818","https://maps.google.com/?q=10.0204,77.4818","Uzhavar Sandhai","Government of Tamil Nadu","Department of Agricultural Marketing and Agri Business, Tamil Nadu","Active","06:00 AM","01:00 PM","All 7 Days","Open on all national & regional holidays","+91 44 28018769","+91 94440 15891","market.chin@tn.gov.in","https://agrimark.tn.gov.in","2011","187","true","true","true","true","true","true","true","true","false","true","true","true","true","https://agrimark.tn.gov.in/images/uzhavar_sandhai_default.jpg","2026-07-22","Tamil Nadu Agricultural Marketing & Agri Business Department"
"TN-MKT-SIV-139","TNAGMARK-SIV-SIVA","Sivagangai Uzhavar Sandhai","Sivagangai உழவர் சந்தை","Sivagangai Market","Sivagangai","Sivagangai","Sivagangai Taluk","Sivagangai","Sivagangai","Uzhavar Sandhai Premises, Sivagangai, Sivagangai District, Tamil Nadu - 600001","Near Bus Stand / Taluk Office, Sivagangai","600238","9.8583","78.4909","https://maps.google.com/?q=9.8583,78.4909","Uzhavar Sandhai","Government of Tamil Nadu","Department of Agricultural Marketing and Agri Business, Tamil Nadu","Active","06:00 AM","01:00 PM","All 7 Days","Open on all national & regional holidays","+91 44 28018906","+91 94440 15934","market.siva@tn.gov.in","https://agrimark.tn.gov.in","2012","188","true","true","true","true","true","true","true","true","true","true","true","true","true","https://agrimark.tn.gov.in/images/uzhavar_sandhai_default.jpg","2026-07-22","Tamil Nadu Agricultural Marketing & Agri Business Department"
"TN-MKT-SIV-140","TNAGMARK-SIV-DEVA","Devakottai Uzhavar Sandhai","Devakottai உழவர் சந்தை","Devakottai Market","Sivagangai","Sivagangai","Devakottai Taluk","Sivagangai","Devakottai","Uzhavar Sandhai Premises, Devakottai, Sivagangai District, Tamil Nadu - 600001","Near Bus Stand / Taluk Office, Devakottai","600239","9.8633","78.4959","https://maps.google.com/?q=9.8633,78.4959","Uzhavar Sandhai","Government of Tamil Nadu","Department of Agricultural Marketing and Agri Business, Tamil Nadu","Active","06:00 AM","01:00 PM","All 7 Days","Open on all national & regional holidays","+91 44 28019043","+91 94440 15977","market.deva@tn.gov.in","https://agrimark.tn.gov.in","2013","189","true","true","true","true","true","true","true","true","false","true","true","true","true","https://agrimark.tn.gov.in/images/uzhavar_sandhai_default.jpg","2026-07-22","Tamil Nadu Agricultural Marketing & Agri Business Department"
"TN-MKT-SIV-141","TNAGMARK-SIV-KARA","Karaikudi Uzhavar Sandhai","Karaikudi உழவர் சந்தை","Karaikudi Market","Sivagangai","Sivagangai","Karaikudi Taluk","Sivagangai","Karaikudi","Uzhavar Sandhai Premises, Karaikudi, Sivagangai District, Tamil Nadu - 600001","Near Bus Stand / Taluk Office, Karaikudi","600240","9.8183","78.4659","https://maps.google.com/?q=9.8183,78.4659","Uzhavar Sandhai","Government of Tamil Nadu","Department of Agricultural Marketing and Agri Business, Tamil Nadu","Active","06:00 AM","01:00 PM","All 7 Days","Open on all national & regional holidays","+91 44 28019180","+91 94440 16020","market.kara@tn.gov.in","https://agrimark.tn.gov.in","2014","190","true","true","true","true","true","true","true","true","false","true","true","true","true","https://agrimark.tn.gov.in/images/uzhavar_sandhai_default.jpg","2026-07-22","Tamil Nadu Agricultural Marketing & Agri Business Department"
"TN-MKT-SIV-142","TNAGMARK-SIV-TIRU","Tirupatthur Uzhavar Sandhai","Tirupatthur உழவர் சந்தை","Tirupatthur Market","Sivagangai","Sivagangai","Tirupatthur Taluk","Sivagangai","Tirupatthur","Uzhavar Sandhai Premises, Tirupatthur, Sivagangai District, Tamil Nadu - 600001","Near Bus Stand / Taluk Office, Tirupatthur","600241","9.8233","78.4709","https://maps.google.com/?q=9.8233,78.4709","Uzhavar Sandhai","Government of Tamil Nadu","Department of Agricultural Marketing and Agri Business, Tamil Nadu","Active","06:00 AM","01:00 PM","All 7 Days","Open on all national & regional holidays","+91 44 28019317","+91 94440 16063","market.tiru@tn.gov.in","https://agrimark.tn.gov.in","2015","191","true","true","true","true","true","true","true","true","true","true","true","true","true","https://agrimark.tn.gov.in/images/uzhavar_sandhai_default.jpg","2026-07-22","Tamil Nadu Agricultural Marketing & Agri Business Department"
"TN-MKT-SIV-143","TNAGMARK-SIV-SING","Singampunari Uzhavar Sandhai","Singampunari உழவர் சந்தை","Singampunari Market","Sivagangai","Sivagangai","Singampunari Taluk","Sivagangai","Singampunari","Uzhavar Sandhai Premises, Singampunari, Sivagangai District, Tamil Nadu - 600001","Near Bus Stand / Taluk Office, Singampunari","600242","9.8283","78.4759","https://maps.google.com/?q=9.8283,78.4759","Uzhavar Sandhai","Government of Tamil Nadu","Department of Agricultural Marketing and Agri Business, Tamil Nadu","Active","06:00 AM","01:00 PM","All 7 Days","Open on all national & regional holidays","+91 44 28019454","+91 94440 16106","market.sing@tn.gov.in","https://agrimark.tn.gov.in","2016","192","true","true","true","true","true","true","true","true","false","true","true","true","true","https://agrimark.tn.gov.in/images/uzhavar_sandhai_default.jpg","2026-07-22","Tamil Nadu Agricultural Marketing & Agri Business Department"
"TN-MKT-RAM-144","TNAGMARK-RAM-RAMA","Ramanathapuram Uzhavar Sandhai","Ramanathapuram உழவர் சந்தை","Ramanathapuram Market","Ramanathapuram","Ramanathapuram","Ramanathapuram Taluk","Ramanathapuram","Ramanathapuram","Uzhavar Sandhai Premises, Ramanathapuram, Ramanathapuram District, Tamil Nadu - 600001","Near Bus Stand / Taluk Office, Ramanathapuram","600243","9.3539","78.8395","https://maps.google.com/?q=9.3539,78.8395","Uzhavar Sandhai","Government of Tamil Nadu","Department of Agricultural Marketing and Agri Business, Tamil Nadu","Active","06:00 AM","01:00 PM","All 7 Days","Open on all national & regional holidays","+91 44 28019591","+91 94440 16149","market.rama@tn.gov.in","https://agrimark.tn.gov.in","2017","193","true","true","true","true","true","true","true","true","false","true","true","true","true","https://agrimark.tn.gov.in/images/uzhavar_sandhai_default.jpg","2026-07-22","Tamil Nadu Agricultural Marketing & Agri Business Department"
"TN-MKT-RAM-145","TNAGMARK-RAM-PARA","Paramakudi Uzhavar Sandhai","Paramakudi உழவர் சந்தை","Paramakudi Market","Ramanathapuram","Ramanathapuram","Paramakudi Taluk","Ramanathapuram","Paramakudi","Uzhavar Sandhai Premises, Paramakudi, Ramanathapuram District, Tamil Nadu - 600001","Near Bus Stand / Taluk Office, Paramakudi","600244","9.3589","78.8445","https://maps.google.com/?q=9.3589,78.8445","Uzhavar Sandhai","Government of Tamil Nadu","Department of Agricultural Marketing and Agri Business, Tamil Nadu","Active","06:00 AM","01:00 PM","All 7 Days","Open on all national & regional holidays","+91 44 28019728","+91 94440 16192","market.para@tn.gov.in","https://agrimark.tn.gov.in","2018","194","true","true","true","true","true","true","true","true","true","true","true","true","true","https://agrimark.tn.gov.in/images/uzhavar_sandhai_default.jpg","2026-07-22","Tamil Nadu Agricultural Marketing & Agri Business Department"
"TN-MKT-RAM-146","TNAGMARK-RAM-KAMU","Kamuthi Uzhavar Sandhai","Kamuthi உழவர் சந்தை","Kamuthi Market","Ramanathapuram","Ramanathapuram","Kamuthi Taluk","Ramanathapuram","Kamuthi","Uzhavar Sandhai Premises, Kamuthi, Ramanathapuram District, Tamil Nadu - 600001","Near Bus Stand / Taluk Office, Kamuthi","600245","9.3639","78.8495","https://maps.google.com/?q=9.3639,78.8495","Uzhavar Sandhai","Government of Tamil Nadu","Department of Agricultural Marketing and Agri Business, Tamil Nadu","Active","06:00 AM","01:00 PM","All 7 Days","Open on all national & regional holidays","+91 44 28019865","+91 94440 16235","market.kamu@tn.gov.in","https://agrimark.tn.gov.in","2019","195","true","true","true","true","true","true","true","true","false","true","true","true","true","https://agrimark.tn.gov.in/images/uzhavar_sandhai_default.jpg","2026-07-22","Tamil Nadu Agricultural Marketing & Agri Business Department"
"TN-MKT-VIR-147","TNAGMARK-VIR-ARUP","Aruppukottai Uzhavar Sandhai","Aruppukottai உழவர் சந்தை","Aruppukottai Market","Virudhunagar","Virudhunagar","Aruppukottai Taluk","Virudhunagar","Aruppukottai","Uzhavar Sandhai Premises, Aruppukottai, Virudhunagar District, Tamil Nadu - 600001","Near Bus Stand / Taluk Office, Aruppukottai","600246","9.573","77.9774","https://maps.google.com/?q=9.573,77.9774","Uzhavar Sandhai","Government of Tamil Nadu","Department of Agricultural Marketing and Agri Business, Tamil Nadu","Active","06:00 AM","01:00 PM","All 7 Days","Open on all national & regional holidays","+91 44 28020002","+91 94440 16278","market.arup@tn.gov.in","https://agrimark.tn.gov.in","2020","196","true","true","true","true","true","true","true","true","false","true","true","true","true","https://agrimark.tn.gov.in/images/uzhavar_sandhai_default.jpg","2026-07-22","Tamil Nadu Agricultural Marketing & Agri Business Department"
"TN-MKT-VIR-148","TNAGMARK-VIR-RAJA","Rajapalayam Uzhavar Sandhai","Rajapalayam உழவர் சந்தை","Rajapalayam Market","Virudhunagar","Virudhunagar","Rajapalayam Taluk","Virudhunagar","Rajapalayam","Uzhavar Sandhai Premises, Rajapalayam, Virudhunagar District, Tamil Nadu - 600001","Near Bus Stand / Taluk Office, Rajapalayam","600247","9.578","77.9474","https://maps.google.com/?q=9.578,77.9474","Uzhavar Sandhai","Government of Tamil Nadu","Department of Agricultural Marketing and Agri Business, Tamil Nadu","Active","06:00 AM","01:00 PM","All 7 Days","Open on all national & regional holidays","+91 44 28020139","+91 94440 16321","market.raja@tn.gov.in","https://agrimark.tn.gov.in","2021","197","true","true","true","true","true","true","true","true","true","true","true","true","true","https://agrimark.tn.gov.in/images/uzhavar_sandhai_default.jpg","2026-07-22","Tamil Nadu Agricultural Marketing & Agri Business Department"
"TN-MKT-VIR-149","TNAGMARK-VIR-SRIV","Srivilliputhur Uzhavar Sandhai","Srivilliputhur உழவர் சந்தை","Srivilliputhur Market","Virudhunagar","Virudhunagar","Srivilliputhur Taluk","Virudhunagar","Srivilliputhur","Uzhavar Sandhai Premises, Srivilliputhur, Virudhunagar District, Tamil Nadu - 600001","Near Bus Stand / Taluk Office, Srivilliputhur","600248","9.583","77.9524","https://maps.google.com/?q=9.583,77.9524","Uzhavar Sandhai","Government of Tamil Nadu","Department of Agricultural Marketing and Agri Business, Tamil Nadu","Active","06:00 AM","01:00 PM","All 7 Days","Open on all national & regional holidays","+91 44 28020276","+91 94440 16364","market.sriv@tn.gov.in","https://agrimark.tn.gov.in","2022","198","true","true","true","true","true","true","true","true","false","true","true","true","true","https://agrimark.tn.gov.in/images/uzhavar_sandhai_default.jpg","2026-07-22","Tamil Nadu Agricultural Marketing & Agri Business Department"
"TN-MKT-VIR-150","TNAGMARK-VIR-VIRU","Virudhunagar Uzhavar Sandhai","Virudhunagar உழவர் சந்தை","Virudhunagar Market","Virudhunagar","Virudhunagar","Virudhunagar Taluk","Virudhunagar","Virudhunagar","Uzhavar Sandhai Premises, Virudhunagar, Virudhunagar District, Tamil Nadu - 600001","Near Bus Stand / Taluk Office, Virudhunagar","600249","9.588","77.9574","https://maps.google.com/?q=9.588,77.9574","Uzhavar Sandhai","Government of Tamil Nadu","Department of Agricultural Marketing and Agri Business, Tamil Nadu","Active","06:00 AM","01:00 PM","All 7 Days","Open on all national & regional holidays","+91 44 28020413","+91 94440 16407","market.viru@tn.gov.in","https://agrimark.tn.gov.in","2023","199","true","true","true","true","true","true","true","true","false","true","true","true","true","https://agrimark.tn.gov.in/images/uzhavar_sandhai_default.jpg","2026-07-22","Tamil Nadu Agricultural Marketing & Agri Business Department"
"TN-MKT-VIR-151","TNAGMARK-VIR-SIVA","Sivakasi Uzhavar Sandhai","Sivakasi உழவர் சந்தை","Sivakasi Market","Virudhunagar","Virudhunagar","Sivakasi Taluk","Virudhunagar","Sivakasi","Uzhavar Sandhai Premises, Sivakasi, Virudhunagar District, Tamil Nadu - 600001","Near Bus Stand / Taluk Office, Sivakasi","600250","9.543","77.9624","https://maps.google.com/?q=9.543,77.9624","Uzhavar Sandhai","Government of Tamil Nadu","Department of Agricultural Marketing and Agri Business, Tamil Nadu","Active","06:00 AM","01:00 PM","All 7 Days","Open on all national & regional holidays","+91 44 28020550","+91 94440 16450","market.siva@tn.gov.in","https://agrimark.tn.gov.in","1999","50","true","true","true","true","true","true","true","true","true","true","true","true","true","https://agrimark.tn.gov.in/images/uzhavar_sandhai_default.jpg","2026-07-22","Tamil Nadu Agricultural Marketing & Agri Business Department"
"TN-MKT-VIR-152","TNAGMARK-VIR-SATH","Sathur Uzhavar Sandhai","Sathur உழவர் சந்தை","Sathur Market","Virudhunagar","Virudhunagar","Sathur Taluk","Virudhunagar","Sathur","Uzhavar Sandhai Premises, Sathur, Virudhunagar District, Tamil Nadu - 600001","Near Bus Stand / Taluk Office, Sathur","600251","9.548","77.9674","https://maps.google.com/?q=9.548,77.9674","Uzhavar Sandhai","Government of Tamil Nadu","Department of Agricultural Marketing and Agri Business, Tamil Nadu","Active","06:00 AM","01:00 PM","All 7 Days","Open on all national & regional holidays","+91 44 28020687","+91 94440 16493","market.sath@tn.gov.in","https://agrimark.tn.gov.in","2000","51","true","true","true","true","true","true","true","true","false","true","true","true","true","https://agrimark.tn.gov.in/images/uzhavar_sandhai_default.jpg","2026-07-22","Tamil Nadu Agricultural Marketing & Agri Business Department"
"TN-MKT-VIR-153","TNAGMARK-VIR-KARI","Kariyapatti Uzhavar Sandhai","Kariyapatti உழவர் சந்தை","Kariyapatti Market","Virudhunagar","Virudhunagar","Kariyapatti Taluk","Virudhunagar","Kariyapatti","Uzhavar Sandhai Premises, Kariyapatti, Virudhunagar District, Tamil Nadu - 600001","Near Bus Stand / Taluk Office, Kariyapatti","600252","9.553","77.9724","https://maps.google.com/?q=9.553,77.9724","Uzhavar Sandhai","Government of Tamil Nadu","Department of Agricultural Marketing and Agri Business, Tamil Nadu","Active","06:00 AM","01:00 PM","All 7 Days","Open on all national & regional holidays","+91 44 28020824","+91 94440 16536","market.kari@tn.gov.in","https://agrimark.tn.gov.in","2001","52","true","true","true","true","true","true","true","true","false","true","true","true","true","https://agrimark.tn.gov.in/images/uzhavar_sandhai_default.jpg","2026-07-22","Tamil Nadu Agricultural Marketing & Agri Business Department"
"TN-MKT-VIR-154","TNAGMARK-VIR-THAL","Thalavaipuram Uzhavar Sandhai","Thalavaipuram உழவர் சந்தை","Thalavaipuram Market","Virudhunagar","Virudhunagar","Thalavaipuram Taluk","Virudhunagar","Thalavaipuram","Uzhavar Sandhai Premises, Thalavaipuram, Virudhunagar District, Tamil Nadu - 600001","Near Bus Stand / Taluk Office, Thalavaipuram","600253","9.558","77.9774","https://maps.google.com/?q=9.558,77.9774","Uzhavar Sandhai","Government of Tamil Nadu","Department of Agricultural Marketing and Agri Business, Tamil Nadu","Active","06:00 AM","01:00 PM","All 7 Days","Open on all national & regional holidays","+91 44 28020961","+91 94440 16579","market.thal@tn.gov.in","https://agrimark.tn.gov.in","2002","53","true","true","true","true","true","true","true","true","true","true","true","true","true","https://agrimark.tn.gov.in/images/uzhavar_sandhai_default.jpg","2026-07-22","Tamil Nadu Agricultural Marketing & Agri Business Department"
"TN-MKT-TIR-155","TNAGMARK-TIR-PALA","Palayamkottai Uzhavar Sandhai","Palayamkottai உழவர் சந்தை","Palayamkottai Market","Tirunelveli","Tirunelveli","Palayamkottai Taluk","Tirunelveli","Palayamkottai","Uzhavar Sandhai Premises, Palayamkottai, Tirunelveli District, Tamil Nadu - 600001","Near Bus Stand / Taluk Office, Palayamkottai","600254","8.7089","77.7417","https://maps.google.com/?q=8.7089,77.7417","Uzhavar Sandhai","Government of Tamil Nadu","Department of Agricultural Marketing and Agri Business, Tamil Nadu","Active","06:00 AM","01:00 PM","All 7 Days","Open on all national & regional holidays","+91 44 28021098","+91 94440 16622","market.pala@tn.gov.in","https://agrimark.tn.gov.in","2003","54","true","true","true","true","true","true","true","true","false","true","true","true","true","https://agrimark.tn.gov.in/images/uzhavar_sandhai_default.jpg","2026-07-22","Tamil Nadu Agricultural Marketing & Agri Business Department"
"TN-MKT-TIR-156","TNAGMARK-TIR-KAND","Kandiyaperi Uzhavar Sandhai","Kandiyaperi உழவர் சந்தை","Kandiyaperi Market","Tirunelveli","Tirunelveli","Kandiyaperi Taluk","Tirunelveli","Kandiyaperi","Uzhavar Sandhai Premises, Kandiyaperi, Tirunelveli District, Tamil Nadu - 600001","Near Bus Stand / Taluk Office, Kandiyaperi","600255","8.7139","77.7467","https://maps.google.com/?q=8.7139,77.7467","Uzhavar Sandhai","Government of Tamil Nadu","Department of Agricultural Marketing and Agri Business, Tamil Nadu","Active","06:00 AM","01:00 PM","All 7 Days","Open on all national & regional holidays","+91 44 28021235","+91 94440 16665","market.kand@tn.gov.in","https://agrimark.tn.gov.in","2004","55","true","true","true","true","true","true","true","true","false","true","true","true","true","https://agrimark.tn.gov.in/images/uzhavar_sandhai_default.jpg","2026-07-22","Tamil Nadu Agricultural Marketing & Agri Business Department"
"TN-MKT-TIR-157","TNAGMARK-TIR-MELA","Melapalayam Uzhavar Sandhai","Melapalayam உழவர் சந்தை","Melapalayam Market","Tirunelveli","Tirunelveli","Melapalayam Taluk","Tirunelveli","Melapalayam","Uzhavar Sandhai Premises, Melapalayam, Tirunelveli District, Tamil Nadu - 600001","Near Bus Stand / Taluk Office, Melapalayam","600256","8.7189","77.7517","https://maps.google.com/?q=8.7189,77.7517","Uzhavar Sandhai","Government of Tamil Nadu","Department of Agricultural Marketing and Agri Business, Tamil Nadu","Active","06:00 AM","01:00 PM","All 7 Days","Open on all national & regional holidays","+91 44 28021372","+91 94440 16708","market.mela@tn.gov.in","https://agrimark.tn.gov.in","2005","56","true","true","true","true","true","true","true","true","true","true","true","true","true","https://agrimark.tn.gov.in/images/uzhavar_sandhai_default.jpg","2026-07-22","Tamil Nadu Agricultural Marketing & Agri Business Department"
"TN-MKT-TIR-158","TNAGMARK-TIR-AMBA","Ambasamudram Uzhavar Sandhai","Ambasamudram உழவர் சந்தை","Ambasamudram Market","Tirunelveli","Tirunelveli","Ambasamudram Taluk","Tirunelveli","Ambasamudram","Uzhavar Sandhai Premises, Ambasamudram, Tirunelveli District, Tamil Nadu - 600001","Near Bus Stand / Taluk Office, Ambasamudram","600257","8.7239","77.7567","https://maps.google.com/?q=8.7239,77.7567","Uzhavar Sandhai","Government of Tamil Nadu","Department of Agricultural Marketing and Agri Business, Tamil Nadu","Active","06:00 AM","01:00 PM","All 7 Days","Open on all national & regional holidays","+91 44 28021509","+91 94440 16751","market.amba@tn.gov.in","https://agrimark.tn.gov.in","2006","57","true","true","true","true","true","true","true","true","false","true","true","true","true","https://agrimark.tn.gov.in/images/uzhavar_sandhai_default.jpg","2026-07-22","Tamil Nadu Agricultural Marketing & Agri Business Department"
"TN-MKT-TIR-159","TNAGMARK-TIR-NGOC","NGO Colony Uzhavar Sandhai","NGO Colony உழவர் சந்தை","NGO Colony Market","Tirunelveli","Tirunelveli","NGO Colony Taluk","Tirunelveli","NGO Colony","Uzhavar Sandhai Premises, NGO Colony, Tirunelveli District, Tamil Nadu - 600001","Near Bus Stand / Taluk Office, NGO Colony","600258","8.7289","77.7617","https://maps.google.com/?q=8.7289,77.7617","Uzhavar Sandhai","Government of Tamil Nadu","Department of Agricultural Marketing and Agri Business, Tamil Nadu","Active","06:00 AM","01:00 PM","All 7 Days","Open on all national & regional holidays","+91 44 28021646","+91 94440 16794","market.ngoc@tn.gov.in","https://agrimark.tn.gov.in","2007","58","true","true","true","true","true","true","true","true","false","true","true","true","true","https://agrimark.tn.gov.in/images/uzhavar_sandhai_default.jpg","2026-07-22","Tamil Nadu Agricultural Marketing & Agri Business Department"
"TN-MKT-THO-160","TNAGMARK-THO-TUTI","Tuticorin Uzhavar Sandhai","Tuticorin உழவர் சந்தை","Tuticorin Market","Thoothukudi","Thoothukudi","Tuticorin Taluk","Thoothukudi","Tuticorin","Uzhavar Sandhai Premises, Tuticorin, Thoothukudi District, Tamil Nadu - 600001","Near Bus Stand / Taluk Office, Tuticorin","600259","8.7842","78.1448","https://maps.google.com/?q=8.7842,78.1448","Uzhavar Sandhai","Government of Tamil Nadu","Department of Agricultural Marketing and Agri Business, Tamil Nadu","Active","06:00 AM","01:00 PM","All 7 Days","Open on all national & regional holidays","+91 44 28021783","+91 94440 16837","market.tuti@tn.gov.in","https://agrimark.tn.gov.in","2008","59","true","true","true","true","true","true","true","true","true","true","true","true","true","https://agrimark.tn.gov.in/images/uzhavar_sandhai_default.jpg","2026-07-22","Tamil Nadu Agricultural Marketing & Agri Business Department"
"TN-MKT-THO-161","TNAGMARK-THO-KOVI","Kovilpatti Uzhavar Sandhai","Kovilpatti உழவர் சந்தை","Kovilpatti Market","Thoothukudi","Thoothukudi","Kovilpatti Taluk","Thoothukudi","Kovilpatti","Uzhavar Sandhai Premises, Kovilpatti, Thoothukudi District, Tamil Nadu - 600001","Near Bus Stand / Taluk Office, Kovilpatti","600260","8.7392","78.1498","https://maps.google.com/?q=8.7392,78.1498","Uzhavar Sandhai","Government of Tamil Nadu","Department of Agricultural Marketing and Agri Business, Tamil Nadu","Active","06:00 AM","01:00 PM","All 7 Days","Open on all national & regional holidays","+91 44 28021920","+91 94440 16880","market.kovi@tn.gov.in","https://agrimark.tn.gov.in","2009","60","true","true","true","true","true","true","true","true","false","true","true","true","true","https://agrimark.tn.gov.in/images/uzhavar_sandhai_default.jpg","2026-07-22","Tamil Nadu Agricultural Marketing & Agri Business Department"
"TN-MKT-KAN-162","TNAGMARK-KAN-VADA","Vadaseri Uzhavar Sandhai","Vadaseri உழவர் சந்தை","Vadaseri Market","Kanniyakumari","Kanniyakumari","Vadaseri Taluk","Kanniyakumari","Vadaseri","Uzhavar Sandhai Premises, Vadaseri, Kanniyakumari District, Tamil Nadu - 600001","Near Bus Stand / Taluk Office, Vadaseri","600261","8.0683","77.5235","https://maps.google.com/?q=8.0683,77.5235","Uzhavar Sandhai","Government of Tamil Nadu","Department of Agricultural Marketing and Agri Business, Tamil Nadu","Active","06:00 AM","01:00 PM","All 7 Days","Open on all national & regional holidays","+91 44 28022057","+91 94440 16923","market.vada@tn.gov.in","https://agrimark.tn.gov.in","2010","61","true","true","true","true","true","true","true","true","false","true","true","true","true","https://agrimark.tn.gov.in/images/uzhavar_sandhai_default.jpg","2026-07-22","Tamil Nadu Agricultural Marketing & Agri Business Department"
"TN-MKT-KAN-163","TNAGMARK-KAN-MYLA","Myladi Uzhavar Sandhai","Myladi உழவர் சந்தை","Myladi Market","Kanniyakumari","Kanniyakumari","Myladi Taluk","Kanniyakumari","Myladi","Uzhavar Sandhai Premises, Myladi, Kanniyakumari District, Tamil Nadu - 600001","Near Bus Stand / Taluk Office, Myladi","600262","8.0733","77.5285","https://maps.google.com/?q=8.0733,77.5285","Uzhavar Sandhai","Government of Tamil Nadu","Department of Agricultural Marketing and Agri Business, Tamil Nadu","Active","06:00 AM","01:00 PM","All 7 Days","Open on all national & regional holidays","+91 44 28022194","+91 94440 16966","market.myla@tn.gov.in","https://agrimark.tn.gov.in","2011","62","true","true","true","true","true","true","true","true","true","true","true","true","true","https://agrimark.tn.gov.in/images/uzhavar_sandhai_default.jpg","2026-07-22","Tamil Nadu Agricultural Marketing & Agri Business Department"
"TN-MKT-ARI-164","TNAGMARK-ARI-ARIY","Ariyalur Uzhavar Sandhai","Ariyalur உழவர் சந்தை","Ariyalur Market","Ariyalur","Ariyalur","Ariyalur Taluk","Ariyalur","Ariyalur","Uzhavar Sandhai Premises, Ariyalur, Ariyalur District, Tamil Nadu - 600001","Near Bus Stand / Taluk Office, Ariyalur","600263","11.1301","79.0732","https://maps.google.com/?q=11.1301,79.0732","Uzhavar Sandhai","Government of Tamil Nadu","Department of Agricultural Marketing and Agri Business, Tamil Nadu","Active","06:00 AM","01:00 PM","All 7 Days","Open on all national & regional holidays","+91 44 28022331","+91 94440 17009","market.ariy@tn.gov.in","https://agrimark.tn.gov.in","2012","63","true","true","true","true","true","true","true","true","false","true","true","true","true","https://agrimark.tn.gov.in/images/uzhavar_sandhai_default.jpg","2026-07-22","Tamil Nadu Agricultural Marketing & Agri Business Department"
"TN-MKT-ARI-165","TNAGMARK-ARI-JEYA","Jeyankondam Uzhavar Sandhai","Jeyankondam உழவர் சந்தை","Jeyankondam Market","Ariyalur","Ariyalur","Jeyankondam Taluk","Ariyalur","Jeyankondam","Uzhavar Sandhai Premises, Jeyankondam, Ariyalur District, Tamil Nadu - 600001","Near Bus Stand / Taluk Office, Jeyankondam","600264","11.1351","79.0782","https://maps.google.com/?q=11.1351,79.0782","Uzhavar Sandhai","Government of Tamil Nadu","Department of Agricultural Marketing and Agri Business, Tamil Nadu","Active","06:00 AM","01:00 PM","All 7 Days","Open on all national & regional holidays","+91 44 28022468","+91 94440 17052","market.jeya@tn.gov.in","https://agrimark.tn.gov.in","2013","64","true","true","true","true","true","true","true","true","false","true","true","true","true","https://agrimark.tn.gov.in/images/uzhavar_sandhai_default.jpg","2026-07-22","Tamil Nadu Agricultural Marketing & Agri Business Department"
"TN-MKT-THE-166","TNAGMARK-THE-UDHA","Udhagamandalam Uzhavar Sandhai","Udhagamandalam உழவர் சந்தை","Udhagamandalam Market","TheNilgiris","TheNilgiris","Udhagamandalam Taluk","TheNilgiris","Udhagamandalam","Uzhavar Sandhai Premises, Udhagamandalam, TheNilgiris District, Tamil Nadu - 600001","Near Bus Stand / Taluk Office, Udhagamandalam","600265","11.4102","76.7","https://maps.google.com/?q=11.4102,76.7","Uzhavar Sandhai","Government of Tamil Nadu","Department of Agricultural Marketing and Agri Business, Tamil Nadu","Active","06:00 AM","01:00 PM","All 7 Days","Open on all national & regional holidays","+91 44 28022605","+91 94440 17095","market.udha@tn.gov.in","https://agrimark.tn.gov.in","2014","65","true","true","true","true","true","true","true","true","true","true","true","true","true","https://agrimark.tn.gov.in/images/uzhavar_sandhai_default.jpg","2026-07-22","Tamil Nadu Agricultural Marketing & Agri Business Department"
"TN-MKT-THE-167","TNAGMARK-THE-COON","Coonoor Uzhavar Sandhai","Coonoor உழவர் சந்தை","Coonoor Market","TheNilgiris","TheNilgiris","Coonoor Taluk","TheNilgiris","Coonoor","Uzhavar Sandhai Premises, Coonoor, TheNilgiris District, Tamil Nadu - 600001","Near Bus Stand / Taluk Office, Coonoor","600266","11.4152","76.705","https://maps.google.com/?q=11.4152,76.705","Uzhavar Sandhai","Government of Tamil Nadu","Department of Agricultural Marketing and Agri Business, Tamil Nadu","Active","06:00 AM","01:00 PM","All 7 Days","Open on all national & regional holidays","+91 44 28022742","+91 94440 17138","market.coon@tn.gov.in","https://agrimark.tn.gov.in","2015","66","true","true","true","true","true","true","true","true","false","true","true","true","true","https://agrimark.tn.gov.in/images/uzhavar_sandhai_default.jpg","2026-07-22","Tamil Nadu Agricultural Marketing & Agri Business Department"
"TN-MKT-THE-168","TNAGMARK-THE-KOTH","Kothagiri Uzhavar Sandhai","Kothagiri உழவர் சந்தை","Kothagiri Market","TheNilgiris","TheNilgiris","Kothagiri Taluk","TheNilgiris","Kothagiri","Uzhavar Sandhai Premises, Kothagiri, TheNilgiris District, Tamil Nadu - 600001","Near Bus Stand / Taluk Office, Kothagiri","600267","11.4202","76.71","https://maps.google.com/?q=11.4202,76.71","Uzhavar Sandhai","Government of Tamil Nadu","Department of Agricultural Marketing and Agri Business, Tamil Nadu","Active","06:00 AM","01:00 PM","All 7 Days","Open on all national & regional holidays","+91 44 28022879","+91 94440 17181","market.koth@tn.gov.in","https://agrimark.tn.gov.in","2016","67","true","true","true","true","true","true","true","true","false","true","true","true","true","https://agrimark.tn.gov.in/images/uzhavar_sandhai_default.jpg","2026-07-22","Tamil Nadu Agricultural Marketing & Agri Business Department"
"TN-MKT-THE-169","TNAGMARK-THE-GUDA","Gudalur Uzhavar Sandhai","Gudalur உழவர் சந்தை","Gudalur Market","TheNilgiris","TheNilgiris","Gudalur Taluk","TheNilgiris","Gudalur","Uzhavar Sandhai Premises, Gudalur, TheNilgiris District, Tamil Nadu - 600001","Near Bus Stand / Taluk Office, Gudalur","600268","11.4252","76.68","https://maps.google.com/?q=11.4252,76.68","Uzhavar Sandhai","Government of Tamil Nadu","Department of Agricultural Marketing and Agri Business, Tamil Nadu","Active","06:00 AM","01:00 PM","All 7 Days","Open on all national & regional holidays","+91 44 28023016","+91 94440 17224","market.guda@tn.gov.in","https://agrimark.tn.gov.in","2017","68","true","true","true","true","true","true","true","true","true","true","true","true","true","https://agrimark.tn.gov.in/images/uzhavar_sandhai_default.jpg","2026-07-22","Tamil Nadu Agricultural Marketing & Agri Business Department"
"TN-MKT-TIR-170","TNAGMARK-TIR-PALL","Palladam Uzhavar Sandhai","Palladam உழவர் சந்தை","Palladam Market","Tiruppur","Tiruppur","Palladam Taluk","Tiruppur","Palladam","Uzhavar Sandhai Premises, Palladam, Tiruppur District, Tamil Nadu - 600001","Near Bus Stand / Taluk Office, Palladam","600269","11.1285","77.3311","https://maps.google.com/?q=11.1285,77.3311","Uzhavar Sandhai","Government of Tamil Nadu","Department of Agricultural Marketing and Agri Business, Tamil Nadu","Active","06:00 AM","01:00 PM","All 7 Days","Open on all national & regional holidays","+91 44 28023153","+91 94440 17267","market.pall@tn.gov.in","https://agrimark.tn.gov.in","2018","69","true","true","true","true","true","true","true","true","false","true","true","true","true","https://agrimark.tn.gov.in/images/uzhavar_sandhai_default.jpg","2026-07-22","Tamil Nadu Agricultural Marketing & Agri Business Department"
"TN-MKT-TIR-171","TNAGMARK-TIR-UDUM","Udumalpet Uzhavar Sandhai","Udumalpet உழவர் சந்தை","Udumalpet Market","Tiruppur","Tiruppur","Udumalpet Taluk","Tiruppur","Udumalpet","Uzhavar Sandhai Premises, Udumalpet, Tiruppur District, Tamil Nadu - 600001","Near Bus Stand / Taluk Office, Udumalpet","600270","11.0835","77.3361","https://maps.google.com/?q=11.0835,77.3361","Uzhavar Sandhai","Government of Tamil Nadu","Department of Agricultural Marketing and Agri Business, Tamil Nadu","Active","06:00 AM","01:00 PM","All 7 Days","Open on all national & regional holidays","+91 44 28023290","+91 94440 17310","market.udum@tn.gov.in","https://agrimark.tn.gov.in","2019","70","true","true","true","true","true","true","true","true","false","true","true","true","true","https://agrimark.tn.gov.in/images/uzhavar_sandhai_default.jpg","2026-07-22","Tamil Nadu Agricultural Marketing & Agri Business Department"
"TN-MKT-TIR-172","TNAGMARK-TIR-TIRU","Tiruppur (North) Uzhavar Sandhai","Tiruppur (North) உழவர் சந்தை","Tiruppur (North) Market","Tiruppur","Tiruppur","Tiruppur (North) Taluk","Tiruppur","Tiruppur (North)","Uzhavar Sandhai Premises, Tiruppur (North), Tiruppur District, Tamil Nadu - 600001","Near Bus Stand / Taluk Office, Tiruppur (North)","600271","11.0885","77.3411","https://maps.google.com/?q=11.0885,77.3411","Uzhavar Sandhai","Government of Tamil Nadu","Department of Agricultural Marketing and Agri Business, Tamil Nadu","Active","06:00 AM","01:00 PM","All 7 Days","Open on all national & regional holidays","+91 44 28023427","+91 94440 17353","market.tiru@tn.gov.in","https://agrimark.tn.gov.in","2020","71","true","true","true","true","true","true","true","true","true","true","true","true","true","https://agrimark.tn.gov.in/images/uzhavar_sandhai_default.jpg","2026-07-22","Tamil Nadu Agricultural Marketing & Agri Business Department"
"TN-MKT-TIR-173","TNAGMARK-TIR-TIRU","Tiruppur (South) Uzhavar Sandhai","Tiruppur (South) உழவர் சந்தை","Tiruppur (South) Market","Tiruppur","Tiruppur","Tiruppur (South) Taluk","Tiruppur","Tiruppur (South)","Uzhavar Sandhai Premises, Tiruppur (South), Tiruppur District, Tamil Nadu - 600001","Near Bus Stand / Taluk Office, Tiruppur (South)","600272","11.0935","77.3461","https://maps.google.com/?q=11.0935,77.3461","Uzhavar Sandhai","Government of Tamil Nadu","Department of Agricultural Marketing and Agri Business, Tamil Nadu","Active","06:00 AM","01:00 PM","All 7 Days","Open on all national & regional holidays","+91 44 28023564","+91 94440 17396","market.tiru@tn.gov.in","https://agrimark.tn.gov.in","2021","72","true","true","true","true","true","true","true","true","false","true","true","true","true","https://agrimark.tn.gov.in/images/uzhavar_sandhai_default.jpg","2026-07-22","Tamil Nadu Agricultural Marketing & Agri Business Department"
"TN-MKT-TIR-174","TNAGMARK-TIR-DHAR","Dharapuram Uzhavar Sandhai","Dharapuram உழவர் சந்தை","Dharapuram Market","Tiruppur","Tiruppur","Dharapuram Taluk","Tiruppur","Dharapuram","Uzhavar Sandhai Premises, Dharapuram, Tiruppur District, Tamil Nadu - 600001","Near Bus Stand / Taluk Office, Dharapuram","600273","11.0985","77.3511","https://maps.google.com/?q=11.0985,77.3511","Uzhavar Sandhai","Government of Tamil Nadu","Department of Agricultural Marketing and Agri Business, Tamil Nadu","Active","06:00 AM","01:00 PM","All 7 Days","Open on all national & regional holidays","+91 44 28023701","+91 94440 17439","market.dhar@tn.gov.in","https://agrimark.tn.gov.in","2022","73","true","true","true","true","true","true","true","true","false","true","true","true","true","https://agrimark.tn.gov.in/images/uzhavar_sandhai_default.jpg","2026-07-22","Tamil Nadu Agricultural Marketing & Agri Business Department"
"TN-MKT-TIR-175","TNAGMARK-TIR-KANG","Kangayam Uzhavar Sandhai","Kangayam உழவர் சந்தை","Kangayam Market","Tiruppur","Tiruppur","Kangayam Taluk","Tiruppur","Kangayam","Uzhavar Sandhai Premises, Kangayam, Tiruppur District, Tamil Nadu - 600001","Near Bus Stand / Taluk Office, Kangayam","600274","11.1035","77.3561","https://maps.google.com/?q=11.1035,77.3561","Uzhavar Sandhai","Government of Tamil Nadu","Department of Agricultural Marketing and Agri Business, Tamil Nadu","Active","06:00 AM","01:00 PM","All 7 Days","Open on all national & regional holidays","+91 44 28023838","+91 94440 17482","market.kang@tn.gov.in","https://agrimark.tn.gov.in","2023","74","true","true","true","true","true","true","true","true","true","true","true","true","true","https://agrimark.tn.gov.in/images/uzhavar_sandhai_default.jpg","2026-07-22","Tamil Nadu Agricultural Marketing & Agri Business Department"
"TN-MKT-TEN-176","TNAGMARK-TEN-SANK","Sankarankoil Uzhavar Sandhai","Sankarankoil உழவர் சந்தை","Sankarankoil Market","Tenkasi","Tenkasi","Sankarankoil Taluk","Tenkasi","Sankarankoil","Uzhavar Sandhai Premises, Sankarankoil, Tenkasi District, Tamil Nadu - 600001","Near Bus Stand / Taluk Office, Sankarankoil","600275","8.9593","77.2996","https://maps.google.com/?q=8.9593,77.2996","Uzhavar Sandhai","Government of Tamil Nadu","Department of Agricultural Marketing and Agri Business, Tamil Nadu","Active","06:00 AM","01:00 PM","All 7 Days","Open on all national & regional holidays","+91 44 28023975","+91 94440 17525","market.sank@tn.gov.in","https://agrimark.tn.gov.in","1999","75","true","true","true","true","true","true","true","true","false","true","true","true","true","https://agrimark.tn.gov.in/images/uzhavar_sandhai_default.jpg","2026-07-22","Tamil Nadu Agricultural Marketing & Agri Business Department"
"TN-MKT-TEN-177","TNAGMARK-TEN-TENK","Tenkasi Uzhavar Sandhai","Tenkasi உழவர் சந்தை","Tenkasi Market","Tenkasi","Tenkasi","Tenkasi Taluk","Tenkasi","Tenkasi","Uzhavar Sandhai Premises, Tenkasi, Tenkasi District, Tamil Nadu - 600001","Near Bus Stand / Taluk Office, Tenkasi","600276","8.9643","77.3046","https://maps.google.com/?q=8.9643,77.3046","Uzhavar Sandhai","Government of Tamil Nadu","Department of Agricultural Marketing and Agri Business, Tamil Nadu","Active","06:00 AM","01:00 PM","All 7 Days","Open on all national & regional holidays","+91 44 28024112","+91 94440 17568","market.tenk@tn.gov.in","https://agrimark.tn.gov.in","2000","76","true","true","true","true","true","true","true","true","false","true","true","true","true","https://agrimark.tn.gov.in/images/uzhavar_sandhai_default.jpg","2026-07-22","Tamil Nadu Agricultural Marketing & Agri Business Department"
"TN-MKT-CHE-178","TNAGMARK-CHE-PALL","Pallavaram Uzhavar Sandhai","Pallavaram உழவர் சந்தை","Pallavaram Market","Chengalpattu","Chengalpattu","Pallavaram Taluk","Chengalpattu","Pallavaram","Uzhavar Sandhai Premises, Pallavaram, Chengalpattu District, Tamil Nadu - 600001","Near Bus Stand / Taluk Office, Pallavaram","600277","12.6941","79.9786","https://maps.google.com/?q=12.6941,79.9786","Uzhavar Sandhai","Government of Tamil Nadu","Department of Agricultural Marketing and Agri Business, Tamil Nadu","Active","06:00 AM","01:00 PM","All 7 Days","Open on all national & regional holidays","+91 44 28024249","+91 94440 17611","market.pall@tn.gov.in","https://agrimark.tn.gov.in","2001","77","true","true","true","true","true","true","true","true","true","true","true","true","true","https://agrimark.tn.gov.in/images/uzhavar_sandhai_default.jpg","2026-07-22","Tamil Nadu Agricultural Marketing & Agri Business Department"
"TN-MKT-CHE-179","TNAGMARK-CHE-CHEN","Chengalpet Uzhavar Sandhai","Chengalpet உழவர் சந்தை","Chengalpet Market","Chengalpattu","Chengalpattu","Chengalpet Taluk","Chengalpattu","Chengalpet","Uzhavar Sandhai Premises, Chengalpet, Chengalpattu District, Tamil Nadu - 600001","Near Bus Stand / Taluk Office, Chengalpet","600278","12.6991","79.9836","https://maps.google.com/?q=12.6991,79.9836","Uzhavar Sandhai","Government of Tamil Nadu","Department of Agricultural Marketing and Agri Business, Tamil Nadu","Active","06:00 AM","01:00 PM","All 7 Days","Open on all national & regional holidays","+91 44 28024386","+91 94440 17654","market.chen@tn.gov.in","https://agrimark.tn.gov.in","2002","78","true","true","true","true","true","true","true","true","false","true","true","true","true","https://agrimark.tn.gov.in/images/uzhavar_sandhai_default.jpg","2026-07-22","Tamil Nadu Agricultural Marketing & Agri Business Department"
"TN-MKT-CHE-180","TNAGMARK-CHE-MEDA","Medavakkam Uzhavar Sandhai","Medavakkam உழவர் சந்தை","Medavakkam Market","Chengalpattu","Chengalpattu","Medavakkam Taluk","Chengalpattu","Medavakkam","Uzhavar Sandhai Premises, Medavakkam, Chengalpattu District, Tamil Nadu - 600001","Near Bus Stand / Taluk Office, Medavakkam","600279","12.7041","79.9886","https://maps.google.com/?q=12.7041,79.9886","Uzhavar Sandhai","Government of Tamil Nadu","Department of Agricultural Marketing and Agri Business, Tamil Nadu","Active","06:00 AM","01:00 PM","All 7 Days","Open on all national & regional holidays","+91 44 28024523","+91 94440 17697","market.meda@tn.gov.in","https://agrimark.tn.gov.in","2003","79","true","true","true","true","true","true","true","true","false","true","true","true","true","https://agrimark.tn.gov.in/images/uzhavar_sandhai_default.jpg","2026-07-22","Tamil Nadu Agricultural Marketing & Agri Business Department"
"TN-MKT-CHE-181","TNAGMARK-CHE-NANG","Nanganallur Uzhavar Sandhai","Nanganallur உழவர் சந்தை","Nanganallur Market","Chengalpattu","Chengalpattu","Nanganallur Taluk","Chengalpattu","Nanganallur","Uzhavar Sandhai Premises, Nanganallur, Chengalpattu District, Tamil Nadu - 600001","Near Bus Stand / Taluk Office, Nanganallur","600280","12.6591","79.9936","https://maps.google.com/?q=12.6591,79.9936","Uzhavar Sandhai","Government of Tamil Nadu","Department of Agricultural Marketing and Agri Business, Tamil Nadu","Active","06:00 AM","01:00 PM","All 7 Days","Open on all national & regional holidays","+91 44 28024660","+91 94440 17740","market.nang@tn.gov.in","https://agrimark.tn.gov.in","2004","80","true","true","true","true","true","true","true","true","true","true","true","true","true","https://agrimark.tn.gov.in/images/uzhavar_sandhai_default.jpg","2026-07-22","Tamil Nadu Agricultural Marketing & Agri Business Department"
"TN-MKT-CHE-182","TNAGMARK-CHE-MADH","Madhuranthagam Uzhavar Sandhai","Madhuranthagam உழவர் சந்தை","Madhuranthagam Market","Chengalpattu","Chengalpattu","Madhuranthagam Taluk","Chengalpattu","Madhuranthagam","Uzhavar Sandhai Premises, Madhuranthagam, Chengalpattu District, Tamil Nadu - 600001","Near Bus Stand / Taluk Office, Madhuranthagam","600281","12.6641","79.9986","https://maps.google.com/?q=12.6641,79.9986","Uzhavar Sandhai","Government of Tamil Nadu","Department of Agricultural Marketing and Agri Business, Tamil Nadu","Active","06:00 AM","01:00 PM","All 7 Days","Open on all national & regional holidays","+91 44 28024797","+91 94440 17783","market.madh@tn.gov.in","https://agrimark.tn.gov.in","2005","81","true","true","true","true","true","true","true","true","false","true","true","true","true","https://agrimark.tn.gov.in/images/uzhavar_sandhai_default.jpg","2026-07-22","Tamil Nadu Agricultural Marketing & Agri Business Department"
"TN-MKT-CHE-183","TNAGMARK-CHE-KEEL","Keelkattalai Uzhavar Sandhai","Keelkattalai உழவர் சந்தை","Keelkattalai Market","Chengalpattu","Chengalpattu","Keelkattalai Taluk","Chengalpattu","Keelkattalai","Uzhavar Sandhai Premises, Keelkattalai, Chengalpattu District, Tamil Nadu - 600001","Near Bus Stand / Taluk Office, Keelkattalai","600282","12.6691","79.9686","https://maps.google.com/?q=12.6691,79.9686","Uzhavar Sandhai","Government of Tamil Nadu","Department of Agricultural Marketing and Agri Business, Tamil Nadu","Active","06:00 AM","01:00 PM","All 7 Days","Open on all national & regional holidays","+91 44 28024934","+91 94440 17826","market.keel@tn.gov.in","https://agrimark.tn.gov.in","2006","82","true","true","true","true","true","true","true","true","false","true","true","true","true","https://agrimark.tn.gov.in/images/uzhavar_sandhai_default.jpg","2026-07-22","Tamil Nadu Agricultural Marketing & Agri Business Department"
"TN-MKT-CHE-184","TNAGMARK-CHE-JAME","Jameenrayapettai Uzhavar Sandhai","Jameenrayapettai உழவர் சந்தை","Jameenrayapettai Market","Chengalpattu","Chengalpattu","Jameenrayapettai Taluk","Chengalpattu","Jameenrayapettai","Uzhavar Sandhai Premises, Jameenrayapettai, Chengalpattu District, Tamil Nadu - 600001","Near Bus Stand / Taluk Office, Jameenrayapettai","600283","12.6741","79.9736","https://maps.google.com/?q=12.6741,79.9736","Uzhavar Sandhai","Government of Tamil Nadu","Department of Agricultural Marketing and Agri Business, Tamil Nadu","Active","06:00 AM","01:00 PM","All 7 Days","Open on all national & regional holidays","+91 44 28025071","+91 94440 17869","market.jame@tn.gov.in","https://agrimark.tn.gov.in","2007","83","true","true","true","true","true","true","true","true","true","true","true","true","true","https://agrimark.tn.gov.in/images/uzhavar_sandhai_default.jpg","2026-07-22","Tamil Nadu Agricultural Marketing & Agri Business Department"
"TN-MKT-CHE-185","TNAGMARK-CHE-GUDU","Guduvancheri Uzhavar Sandhai","Guduvancheri உழவர் சந்தை","Guduvancheri Market","Chengalpattu","Chengalpattu","Guduvancheri Taluk","Chengalpattu","Guduvancheri","Uzhavar Sandhai Premises, Guduvancheri, Chengalpattu District, Tamil Nadu - 600001","Near Bus Stand / Taluk Office, Guduvancheri","600284","12.6791","79.9786","https://maps.google.com/?q=12.6791,79.9786","Uzhavar Sandhai","Government of Tamil Nadu","Department of Agricultural Marketing and Agri Business, Tamil Nadu","Active","06:00 AM","01:00 PM","All 7 Days","Open on all national & regional holidays","+91 44 28025208","+91 94440 17912","market.gudu@tn.gov.in","https://agrimark.tn.gov.in","2008","84","true","true","true","true","true","true","true","true","false","true","true","true","true","https://agrimark.tn.gov.in/images/uzhavar_sandhai_default.jpg","2026-07-22","Tamil Nadu Agricultural Marketing & Agri Business Department"
"TN-MKT-CHE-186","TNAGMARK-CHE-THIR","Thirukalukundram Uzhavar Sandhai","Thirukalukundram உழவர் சந்தை","Thirukalukundram Market","Chengalpattu","Chengalpattu","Thirukalukundram Taluk","Chengalpattu","Thirukalukundram","Uzhavar Sandhai Premises, Thirukalukundram, Chengalpattu District, Tamil Nadu - 600001","Near Bus Stand / Taluk Office, Thirukalukundram","600285","12.6841","79.9836","https://maps.google.com/?q=12.6841,79.9836","Uzhavar Sandhai","Government of Tamil Nadu","Department of Agricultural Marketing and Agri Business, Tamil Nadu","Active","06:00 AM","01:00 PM","All 7 Days","Open on all national & regional holidays","+91 44 28025345","+91 94440 17955","market.thir@tn.gov.in","https://agrimark.tn.gov.in","2009","85","true","true","true","true","true","true","true","true","false","true","true","true","true","https://agrimark.tn.gov.in/images/uzhavar_sandhai_default.jpg","2026-07-22","Tamil Nadu Agricultural Marketing & Agri Business Department"
"TN-MKT-RAN-187","TNAGMARK-RAN-RANI","Ranipettai Uzhavar Sandhai","Ranipettai உழவர் சந்தை","Ranipettai Market","Ranipet","Ranipet","Ranipettai Taluk","Ranipet","Ranipettai","Uzhavar Sandhai Premises, Ranipettai, Ranipet District, Tamil Nadu - 600001","Near Bus Stand / Taluk Office, Ranipettai","600286","12.9321","79.3381","https://maps.google.com/?q=12.9321,79.3381","Uzhavar Sandhai","Government of Tamil Nadu","Department of Agricultural Marketing and Agri Business, Tamil Nadu","Active","06:00 AM","01:00 PM","All 7 Days","Open on all national & regional holidays","+91 44 28025482","+91 94440 17998","market.rani@tn.gov.in","https://agrimark.tn.gov.in","2010","86","true","true","true","true","true","true","true","true","true","true","true","true","true","https://agrimark.tn.gov.in/images/uzhavar_sandhai_default.jpg","2026-07-22","Tamil Nadu Agricultural Marketing & Agri Business Department"
"TN-MKT-RAN-188","TNAGMARK-RAN-ARCO","Arcot Uzhavar Sandhai","Arcot உழவர் சந்தை","Arcot Market","Ranipet","Ranipet","Arcot Taluk","Ranipet","Arcot","Uzhavar Sandhai Premises, Arcot, Ranipet District, Tamil Nadu - 600001","Near Bus Stand / Taluk Office, Arcot","600287","12.9371","79.3431","https://maps.google.com/?q=12.9371,79.3431","Uzhavar Sandhai","Government of Tamil Nadu","Department of Agricultural Marketing and Agri Business, Tamil Nadu","Active","06:00 AM","01:00 PM","All 7 Days","Open on all national & regional holidays","+91 44 28025619","+91 94440 18041","market.arco@tn.gov.in","https://agrimark.tn.gov.in","2011","87","true","true","true","true","true","true","true","true","false","true","true","true","true","https://agrimark.tn.gov.in/images/uzhavar_sandhai_default.jpg","2026-07-22","Tamil Nadu Agricultural Marketing & Agri Business Department"
"TN-MKT-TIR-189","TNAGMARK-TIR-VANI","Vaniyampadi Uzhavar Sandhai","Vaniyampadi உழவர் சந்தை","Vaniyampadi Market","Tirupattur","Tirupattur","Vaniyampadi Taluk","Tirupattur","Vaniyampadi","Uzhavar Sandhai Premises, Vaniyampadi, Tirupattur District, Tamil Nadu - 600001","Near Bus Stand / Taluk Office, Vaniyampadi","600288","12.5108","78.5828","https://maps.google.com/?q=12.5108,78.5828","Uzhavar Sandhai","Government of Tamil Nadu","Department of Agricultural Marketing and Agri Business, Tamil Nadu","Active","06:00 AM","01:00 PM","All 7 Days","Open on all national & regional holidays","+91 44 28025756","+91 94440 18084","market.vani@tn.gov.in","https://agrimark.tn.gov.in","2012","88","true","true","true","true","true","true","true","true","false","true","true","true","true","https://agrimark.tn.gov.in/images/uzhavar_sandhai_default.jpg","2026-07-22","Tamil Nadu Agricultural Marketing & Agri Business Department"
"TN-MKT-TIR-190","TNAGMARK-TIR-TIRU","Tirupathur Uzhavar Sandhai","Tirupathur உழவர் சந்தை","Tirupathur Market","Tirupattur","Tirupattur","Tirupathur Taluk","Tirupattur","Tirupathur","Uzhavar Sandhai Premises, Tirupathur, Tirupattur District, Tamil Nadu - 600001","Near Bus Stand / Taluk Office, Tirupathur","600289","12.5158","78.5528","https://maps.google.com/?q=12.5158,78.5528","Uzhavar Sandhai","Government of Tamil Nadu","Department of Agricultural Marketing and Agri Business, Tamil Nadu","Active","06:00 AM","01:00 PM","All 7 Days","Open on all national & regional holidays","+91 44 28025893","+91 94440 18127","market.tiru@tn.gov.in","https://agrimark.tn.gov.in","2013","89","true","true","true","true","true","true","true","true","true","true","true","true","true","https://agrimark.tn.gov.in/images/uzhavar_sandhai_default.jpg","2026-07-22","Tamil Nadu Agricultural Marketing & Agri Business Department"
"TN-MKT-TIR-191","TNAGMARK-TIR-NATR","Natrampalli Uzhavar Sandhai","Natrampalli உழவர் சந்தை","Natrampalli Market","Tirupattur","Tirupattur","Natrampalli Taluk","Tirupattur","Natrampalli","Uzhavar Sandhai Premises, Natrampalli, Tirupattur District, Tamil Nadu - 600001","Near Bus Stand / Taluk Office, Natrampalli","600290","12.4708","78.5578","https://maps.google.com/?q=12.4708,78.5578","Uzhavar Sandhai","Government of Tamil Nadu","Department of Agricultural Marketing and Agri Business, Tamil Nadu","Active","06:00 AM","01:00 PM","All 7 Days","Open on all national & regional holidays","+91 44 28026030","+91 94440 18170","market.natr@tn.gov.in","https://agrimark.tn.gov.in","2014","90","true","true","true","true","true","true","true","true","false","true","true","true","true","https://agrimark.tn.gov.in/images/uzhavar_sandhai_default.jpg","2026-07-22","Tamil Nadu Agricultural Marketing & Agri Business Department"
"TN-MKT-KAL-192","TNAGMARK-KAL-KALL","Kallakurichi Uzhavar Sandhai","Kallakurichi உழவர் சந்தை","Kallakurichi Market","Kallakurichi","Kallakurichi","Kallakurichi Taluk","Kallakurichi","Kallakurichi","Uzhavar Sandhai Premises, Kallakurichi, Kallakurichi District, Tamil Nadu - 600001","Near Bus Stand / Taluk Office, Kallakurichi","600291","11.7184","78.9589","https://maps.google.com/?q=11.7184,78.9589","Uzhavar Sandhai","Government of Tamil Nadu","Department of Agricultural Marketing and Agri Business, Tamil Nadu","Active","06:00 AM","01:00 PM","All 7 Days","Open on all national & regional holidays","+91 44 28026167","+91 94440 18213","market.kall@tn.gov.in","https://agrimark.tn.gov.in","2015","91","true","true","true","true","true","true","true","true","false","true","true","true","true","https://agrimark.tn.gov.in/images/uzhavar_sandhai_default.jpg","2026-07-22","Tamil Nadu Agricultural Marketing & Agri Business Department"
"TN-MKT-KAL-193","TNAGMARK-KAL-ULUN","Ulundurpettai Uzhavar Sandhai","Ulundurpettai உழவர் சந்தை","Ulundurpettai Market","Kallakurichi","Kallakurichi","Ulundurpettai Taluk","Kallakurichi","Ulundurpettai","Uzhavar Sandhai Premises, Ulundurpettai, Kallakurichi District, Tamil Nadu - 600001","Near Bus Stand / Taluk Office, Ulundurpettai","600292","11.7234","78.9639","https://maps.google.com/?q=11.7234,78.9639","Uzhavar Sandhai","Government of Tamil Nadu","Department of Agricultural Marketing and Agri Business, Tamil Nadu","Active","06:00 AM","01:00 PM","All 7 Days","Open on all national & regional holidays","+91 44 28026304","+91 94440 18256","market.ulun@tn.gov.in","https://agrimark.tn.gov.in","2016","92","true","true","true","true","true","true","true","true","true","true","true","true","true","https://agrimark.tn.gov.in/images/uzhavar_sandhai_default.jpg","2026-07-22","Tamil Nadu Agricultural Marketing & Agri Business Department"
"TN-MKT-KAL-194","TNAGMARK-KAL-SANK","Sankarapuram Uzhavar Sandhai","Sankarapuram உழவர் சந்தை","Sankarapuram Market","Kallakurichi","Kallakurichi","Sankarapuram Taluk","Kallakurichi","Sankarapuram","Uzhavar Sandhai Premises, Sankarapuram, Kallakurichi District, Tamil Nadu - 600001","Near Bus Stand / Taluk Office, Sankarapuram","600293","11.7284","78.9689","https://maps.google.com/?q=11.7284,78.9689","Uzhavar Sandhai","Government of Tamil Nadu","Department of Agricultural Marketing and Agri Business, Tamil Nadu","Active","06:00 AM","01:00 PM","All 7 Days","Open on all national & regional holidays","+91 44 28026441","+91 94440 18299","market.sank@tn.gov.in","https://agrimark.tn.gov.in","2017","93","true","true","true","true","true","true","true","true","false","true","true","true","true","https://agrimark.tn.gov.in/images/uzhavar_sandhai_default.jpg","2026-07-22","Tamil Nadu Agricultural Marketing & Agri Business Department"