Market ID,Commodity ID,Availability,Season,Priority Commodity
"TN-MKT-KAN-001","TN-COM-TOM","High","Year-Round","true"
"TN-MKT-KAN-001","TN-COM-ONI","Medium","Rabi","true"
"TN-MKT-KAN-001","TN-COM-POT","High","Rabi","true"
"TN-MKT-KAN-001","TN-COM-BRI","Medium","Year-Round","true"
"TN-MKT-KAN-001","TN-COM-CHL","High","Kharif","false"
"TN-MKT-KAN-001","TN-COM-BHE","Medium","Year-Round","false"
"TN-MKT-KAN-001","TN-COM-DRM","High","Year-Round","false"
"TN-MKT-KAN-001","TN-COM-BAN","Medium","Year-Round","false"
"TN-MKT-KAN-001","TN-COM-COC","High","Year-Round","false"
"TN-MKT-KAN-001","TN-COM-GND","Medium","Kharif","false"
"TN-MKT-KAN-001","TN-COM-TUR","High","Rabi","false"
"TN-MKT-KAN-001","TN-COM-SUG","Medium","Year-Round","false"
"TN-MKT-KAN-001","TN-COM-PAD","High","Kharif","false"
"TN-MKT-KAN-001","TN-COM-COT","Medium","Kharif","false"
"TN-MKT-KAN-001","TN-COM-MAN","High","Zaid","false"
"TN-MKT-KAN-001","TN-COM-JAS","Medium","Year-Round","false"
"TN-MKT-KAN-002","TN-COM-TOM","High","Year-Round","true"
"TN-MKT-KAN-002","TN-COM-ONI","Medium","Rabi","true"
"TN-MKT-KAN-002","TN-COM-POT","High","Rabi","true"
"TN-MKT-KAN-002","TN-COM-BRI","Medium","Year-Round","true"
"TN-MKT-KAN-002","TN-COM-CHL","High","Kharif","false"
"TN-MKT-KAN-002","TN-COM-BHE","Medium","Year-Round","false"
"TN-MKT-KAN-002","TN-COM-DRM","High","Year-Round","false"
"TN-MKT-KAN-002","TN-COM-BAN","Medium","Year-Round","false"
"TN-MKT-KAN-002","TN-COM-COC","High","Year-Round","false"
"TN-MKT-KAN-002","TN-COM-GND","Medium","Kharif","false"
"TN-MKT-KAN-002","TN-COM-TUR","High","Rabi","false"
"TN-MKT-KAN-002","TN-COM-SUG","Medium","Year-Round","false"
"TN-MKT-KAN-002","TN-COM-PAD","High","Kharif","false"
"TN-MKT-KAN-002","TN-COM-COT","Medium","Kharif","false"
"TN-MKT-KAN-002","TN-COM-MAN","High","Zaid","false"
"TN-MKT-KAN-002","TN-COM-JAS","Medium","Year-Round","false"
"TN-MKT-KAN-003","TN-COM-TOM","High","Year-Round","true"
"TN-MKT-KAN-003","TN-COM-ONI","Medium","Rabi","true"
"TN-MKT-KAN-003","TN-COM-POT","High","Rabi","true"
"TN-MKT-KAN-003","TN-COM-BRI","Medium","Year-Round","true"
"TN-MKT-KAN-003","TN-COM-CHL","High","Kharif","false"
"TN-MKT-KAN-003","TN-COM-BHE","Medium","Year-Round","false"
"TN-MKT-KAN-003","TN-COM-DRM","High","Year-Round","false"
"TN-MKT-KAN-003","TN-COM-BAN","Medium","Year-Round","false"
"TN-MKT-KAN-003","TN-COM-COC","High","Year-Round","false"
"TN-MKT-KAN-003","TN-COM-GND","Medium","Kharif","false"
"TN-MKT-KAN-003","TN-COM-TUR","High","Rabi","false"
"TN-MKT-KAN-003","TN-COM-SUG","Medium","Year-Round","false"
"TN-MKT-KAN-003","TN-COM-PAD","High","Kharif","false"
"TN-MKT-KAN-003","TN-COM-COT","Medium","Kharif","false"
"TN-MKT-KAN-003","TN-COM-MAN","High","Zaid","false"
"TN-MKT-KAN-003","TN-COM-JAS","Medium","Year-Round","false"
"TN-MKT-KAN-004","TN-COM-TOM","High","Year-Round","true"
"TN-MKT-KAN-004","TN-COM-ONI","Medium","Rabi","true"
"TN-MKT-KAN-004","TN-COM-POT","High","Rabi","true"
"TN-MKT-KAN-004","TN-COM-BRI","Medium","Year-Round","true"
"TN-MKT-KAN-004","TN-COM-CHL","High","Kharif","false"
"TN-MKT-KAN-004","TN-COM-BHE","Medium","Year-Round","false"
"TN-MKT-KAN-004","TN-COM-DRM","High","Year-Round","false"
"TN-MKT-KAN-004","TN-COM-BAN","Medium","Year-Round","false"
"TN-MKT-KAN-004","TN-COM-COC","High","Year-Round","false"
"TN-MKT-KAN-004","TN-COM-GND","Medium","Kharif","false"
"TN-MKT-KAN-004","TN-COM-TUR","High","Rabi","false"
"TN-MKT-KAN-004","TN-COM-SUG","Medium","Year-Round","false"
"TN-MKT-KAN-004","TN-COM-PAD","High","Kharif","false"
"TN-MKT-KAN-004","TN-COM-COT","Medium","Kharif","false"
"TN-MKT-KAN-004","TN-COM-MAN","High","Zaid","false"
"TN-MKT-KAN-004","TN-COM-JAS","Medium","Year-Round","false"
"TN-MKT-TIR-005","TN-COM-TOM","High","Year-Round","true"
"TN-MKT-TIR-005","TN-COM-ONI","Medium","Rabi","true"
"TN-MKT-TIR-005","TN-COM-POT","High","Rabi","true"
"TN-MKT-TIR-005","TN-COM-BRI","Medium","Year-Round","true"
"TN-MKT-TIR-005","TN-COM-CHL","High","Kharif","false"
"TN-MKT-TIR-005","TN-COM-BHE","Medium","Year-Round","false"
"TN-MKT-TIR-005","TN-COM-DRM","High","Year-Round","false"
"TN-MKT-TIR-005","TN-COM-BAN","Medium","Year-Round","false"
"TN-MKT-TIR-005","TN-COM-COC","High","Year-Round","false"
"TN-MKT-TIR-005","TN-COM-GND","Medium","Kharif","false"
"TN-MKT-TIR-005","TN-COM-TUR","High","Rabi","false"
"TN-MKT-TIR-005","TN-COM-SUG","Medium","Year-Round","false"
"TN-MKT-TIR-005","TN-COM-PAD","High","Kharif","false"
"TN-MKT-TIR-005","TN-COM-COT","Medium","Kharif","false"
"TN-MKT-TIR-005","TN-COM-MAN","High","Zaid","false"
"TN-MKT-TIR-005","TN-COM-JAS","Medium","Year-Round","false"
"TN-MKT-TIR-006","TN-COM-TOM","High","Year-Round","true"
"TN-MKT-TIR-006","TN-COM-ONI","Medium","Rabi","true"
"TN-MKT-TIR-006","TN-COM-POT","High","Rabi","true"
"TN-MKT-TIR-006","TN-COM-BRI","Medium","Year-Round","true"
"TN-MKT-TIR-006","TN-COM-CHL","High","Kharif","false"
"TN-MKT-TIR-006","TN-COM-BHE","Medium","Year-Round","false"
"TN-MKT-TIR-006","TN-COM-DRM","High","Year-Round","false"
"TN-MKT-TIR-006","TN-COM-BAN","Medium","Year-Round","false"
"TN-MKT-TIR-006","TN-COM-COC","High","Year-Round","false"
"TN-MKT-TIR-006","TN-COM-GND","Medium","Kharif","false"
"TN-MKT-TIR-006","TN-COM-TUR","High","Rabi","false"
"TN-MKT-TIR-006","TN-COM-SUG","Medium","Year-Round","false"
"TN-MKT-TIR-006","TN-COM-PAD","High","Kharif","false"
"TN-MKT-TIR-006","TN-COM-COT","Medium","Kharif","false"
"TN-MKT-TIR-006","TN-COM-MAN","High","Zaid","false"
"TN-MKT-TIR-006","TN-COM-JAS","Medium","Year-Round","false"
"TN-MKT-TIR-007","TN-COM-TOM","High","Year-Round","true"
"TN-MKT-TIR-007","TN-COM-ONI","Medium","Rabi","true"
"TN-MKT-TIR-007","TN-COM-POT","High","Rabi","true"
"TN-MKT-TIR-007","TN-COM-BRI","Medium","Year-Round","true"
"TN-MKT-TIR-007","TN-COM-CHL","High","Kharif","false"
"TN-MKT-TIR-007","TN-COM-BHE","Medium","Year-Round","false"
"TN-MKT-TIR-007","TN-COM-DRM","High","Year-Round","false"
"TN-MKT-TIR-007","TN-COM-BAN","Medium","Year-Round","false"
"TN-MKT-TIR-007","TN-COM-COC","High","Year-Round","false"
"TN-MKT-TIR-007","TN-COM-GND","Medium","Kharif","false"
"TN-MKT-TIR-007","TN-COM-TUR","High","Rabi","false"
"TN-MKT-TIR-007","TN-COM-SUG","Medium","Year-Round","false"
"TN-MKT-TIR-007","TN-COM-PAD","High","Kharif","false"
"TN-MKT-TIR-007","TN-COM-COT","Medium","Kharif","false"
"TN-MKT-TIR-007","TN-COM-MAN","High","Zaid","false"
"TN-MKT-TIR-007","TN-COM-JAS","Medium","Year-Round","false"
"TN-MKT-TIR-008","TN-COM-TOM","High","Year-Round","true"
"TN-MKT-TIR-008","TN-COM-ONI","Medium","Rabi","true"
"TN-MKT-TIR-008","TN-COM-POT","High","Rabi","true"
"TN-MKT-TIR-008","TN-COM-BRI","Medium","Year-Round","true"
"TN-MKT-TIR-008","TN-COM-CHL","High","Kharif","false"
"TN-MKT-TIR-008","TN-COM-BHE","Medium","Year-Round","false"
"TN-MKT-TIR-008","TN-COM-DRM","High","Year-Round","false"
"TN-MKT-TIR-008","TN-COM-BAN","Medium","Year-Round","false"
"TN-MKT-TIR-008","TN-COM-COC","High","Year-Round","false"
"TN-MKT-TIR-008","TN-COM-GND","Medium","Kharif","false"
"TN-MKT-TIR-008","TN-COM-TUR","High","Rabi","false"
"TN-MKT-TIR-008","TN-COM-SUG","Medium","Year-Round","false"
"TN-MKT-TIR-008","TN-COM-PAD","High","Kharif","false"
"TN-MKT-TIR-008","TN-COM-COT","Medium","Kharif","false"
"TN-MKT-TIR-008","TN-COM-MAN","High","Zaid","false"
"TN-MKT-TIR-008","TN-COM-JAS","Medium","Year-Round","false"
"TN-MKT-TIR-009","TN-COM-TOM","High","Year-Round","true"
"TN-MKT-TIR-009","TN-COM-ONI","Medium","Rabi","true"
"TN-MKT-TIR-009","TN-COM-POT","High","Rabi","true"
"TN-MKT-TIR-009","TN-COM-BRI","Medium","Year-Round","true"
"TN-MKT-TIR-009","TN-COM-CHL","High","Kharif","false"
"TN-MKT-TIR-009","TN-COM-BHE","Medium","Year-Round","false"
"TN-MKT-TIR-009","TN-COM-DRM","High","Year-Round","false"
"TN-MKT-TIR-009","TN-COM-BAN","Medium","Year-Round","false"
"TN-MKT-TIR-009","TN-COM-COC","High","Year-Round","false"
"TN-MKT-TIR-009","TN-COM-GND","Medium","Kharif","false"
"TN-MKT-TIR-009","TN-COM-TUR","High","Rabi","false"
"TN-MKT-TIR-009","TN-COM-SUG","Medium","Year-Round","false"
"TN-MKT-TIR-009","TN-COM-PAD","High","Kharif","false"
"TN-MKT-TIR-009","TN-COM-COT","Medium","Kharif","false"
"TN-MKT-TIR-009","TN-COM-MAN","High","Zaid","false"
"TN-MKT-TIR-009","TN-COM-JAS","Medium","Year-Round","false"
"TN-MKT-TIR-010","TN-COM-TOM","High","Year-Round","true"
"TN-MKT-TIR-010","TN-COM-ONI","Medium","Rabi","true"
"TN-MKT-TIR-010","TN-COM-POT","High","Rabi","true"
"TN-MKT-TIR-010","TN-COM-BRI","Medium","Year-Round","true"
"TN-MKT-TIR-010","TN-COM-CHL","High","Kharif","false"
"TN-MKT-TIR-010","TN-COM-BHE","Medium","Year-Round","false"
"TN-MKT-TIR-010","TN-COM-DRM","High","Year-Round","false"
"TN-MKT-TIR-010","TN-COM-BAN","Medium","Year-Round","false"
"TN-MKT-TIR-010","TN-COM-COC","High","Year-Round","false"
"TN-MKT-TIR-010","TN-COM-GND","Medium","Kharif","false"
"TN-MKT-TIR-010","TN-COM-TUR","High","Rabi","false"
"TN-MKT-TIR-010","TN-COM-SUG","Medium","Year-Round","false"
"TN-MKT-TIR-010","TN-COM-PAD","High","Kharif","false"
"TN-MKT-TIR-010","TN-COM-COT","Medium","Kharif","false"
"TN-MKT-TIR-010","TN-COM-MAN","High","Zaid","false"
"TN-MKT-TIR-010","TN-COM-JAS","Medium","Year-Round","false"
"TN-MKT-CUD-011","TN-COM-TOM","High","Year-Round","true"
"TN-MKT-CUD-011","TN-COM-ONI","Medium","Rabi","true"
"TN-MKT-CUD-011","TN-COM-POT","High","Rabi","true"
"TN-MKT-CUD-011","TN-COM-BRI","Medium","Year-Round","true"
"TN-MKT-CUD-011","TN-COM-CHL","High","Kharif","false"
"TN-MKT-CUD-011","TN-COM-BHE","Medium","Year-Round","false"
"TN-MKT-CUD-011","TN-COM-DRM","High","Year-Round","false"
"TN-MKT-CUD-011","TN-COM-BAN","Medium","Year-Round","false"
"TN-MKT-CUD-011","TN-COM-COC","High","Year-Round","false"
"TN-MKT-CUD-011","TN-COM-GND","Medium","Kharif","false"
"TN-MKT-CUD-011","TN-COM-TUR","High","Rabi","false"
"TN-MKT-CUD-011","TN-COM-SUG","Medium","Year-Round","false"
"TN-MKT-CUD-011","TN-COM-PAD","High","Kharif","false"
"TN-MKT-CUD-011","TN-COM-COT","Medium","Kharif","false"
"TN-MKT-CUD-011","TN-COM-MAN","High","Zaid","false"
"TN-MKT-CUD-011","TN-COM-JAS","Medium","Year-Round","false"
"TN-MKT-CUD-012","TN-COM-TOM","High","Year-Round","true"
"TN-MKT-CUD-012","TN-COM-ONI","Medium","Rabi","true"
"TN-MKT-CUD-012","TN-COM-POT","High","Rabi","true"
"TN-MKT-CUD-012","TN-COM-BRI","Medium","Year-Round","true"
"TN-MKT-CUD-012","TN-COM-CHL","High","Kharif","false"
"TN-MKT-CUD-012","TN-COM-BHE","Medium","Year-Round","false"
"TN-MKT-CUD-012","TN-COM-DRM","High","Year-Round","false"
"TN-MKT-CUD-012","TN-COM-BAN","Medium","Year-Round","false"
"TN-MKT-CUD-012","TN-COM-COC","High","Year-Round","false"
"TN-MKT-CUD-012","TN-COM-GND","Medium","Kharif","false"
"TN-MKT-CUD-012","TN-COM-TUR","High","Rabi","false"
"TN-MKT-CUD-012","TN-COM-SUG","Medium","Year-Round","false"
"TN-MKT-CUD-012","TN-COM-PAD","High","Kharif","false"
"TN-MKT-CUD-012","TN-COM-COT","Medium","Kharif","false"
"TN-MKT-CUD-012","TN-COM-MAN","High","Zaid","false"
"TN-MKT-CUD-012","TN-COM-JAS","Medium","Year-Round","false"
"TN-MKT-CUD-013","TN-COM-TOM","High","Year-Round","true"
"TN-MKT-CUD-013","TN-COM-ONI","Medium","Rabi","true"
"TN-MKT-CUD-013","TN-COM-POT","High","Rabi","true"
"TN-MKT-CUD-013","TN-COM-BRI","Medium","Year-Round","true"
"TN-MKT-CUD-013","TN-COM-CHL","High","Kharif","false"
"TN-MKT-CUD-013","TN-COM-BHE","Medium","Year-Round","false"
"TN-MKT-CUD-013","TN-COM-DRM","High","Year-Round","false"
"TN-MKT-CUD-013","TN-COM-BAN","Medium","Year-Round","false"
"TN-MKT-CUD-013","TN-COM-COC","High","Year-Round","false"
"TN-MKT-CUD-013","TN-COM-GND","Medium","Kharif","false"
"TN-MKT-CUD-013","TN-COM-TUR","High","Rabi","false"
"TN-MKT-CUD-013","TN-COM-SUG","Medium","Year-Round","false"
"TN-MKT-CUD-013","TN-COM-PAD","High","Kharif","false"
"TN-MKT-CUD-013","TN-COM-COT","Medium","Kharif","false"
"TN-MKT-CUD-013","TN-COM-MAN","High","Zaid","false"
"TN-MKT-CUD-013","TN-COM-JAS","Medium","Year-Round","false"
"TN-MKT-CUD-014","TN-COM-TOM","High","Year-Round","true"
"TN-MKT-CUD-014","TN-COM-ONI","Medium","Rabi","true"
"TN-MKT-CUD-014","TN-COM-POT","High","Rabi","true"
"TN-MKT-CUD-014","TN-COM-BRI","Medium","Year-Round","true"
"TN-MKT-CUD-014","TN-COM-CHL","High","Kharif","false"
"TN-MKT-CUD-014","TN-COM-BHE","Medium","Year-Round","false"
"TN-MKT-CUD-014","TN-COM-DRM","High","Year-Round","false"
"TN-MKT-CUD-014","TN-COM-BAN","Medium","Year-Round","false"
"TN-MKT-CUD-014","TN-COM-COC","High","Year-Round","false"
"TN-MKT-CUD-014","TN-COM-GND","Medium","Kharif","false"
"TN-MKT-CUD-014","TN-COM-TUR","High","Rabi","false"
"TN-MKT-CUD-014","TN-COM-SUG","Medium","Year-Round","false"
"TN-MKT-CUD-014","TN-COM-PAD","High","Kharif","false"
"TN-MKT-CUD-014","TN-COM-COT","Medium","Kharif","false"
"TN-MKT-CUD-014","TN-COM-MAN","High","Zaid","false"
"TN-MKT-CUD-014","TN-COM-JAS","Medium","Year-Round","false"
"TN-MKT-CUD-015","TN-COM-TOM","High","Year-Round","true"
"TN-MKT-CUD-015","TN-COM-ONI","Medium","Rabi","true"
"TN-MKT-CUD-015","TN-COM-POT","High","Rabi","true"
"TN-MKT-CUD-015","TN-COM-BRI","Medium","Year-Round","true"
"TN-MKT-CUD-015","TN-COM-CHL","High","Kharif","false"
"TN-MKT-CUD-015","TN-COM-BHE","Medium","Year-Round","false"
"TN-MKT-CUD-015","TN-COM-DRM","High","Year-Round","false"
"TN-MKT-CUD-015","TN-COM-BAN","Medium","Year-Round","false"
"TN-MKT-CUD-015","TN-COM-COC","High","Year-Round","false"
"TN-MKT-CUD-015","TN-COM-GND","Medium","Kharif","false"
"TN-MKT-CUD-015","TN-COM-TUR","High","Rabi","false"
"TN-MKT-CUD-015","TN-COM-SUG","Medium","Year-Round","false"
"TN-MKT-CUD-015","TN-COM-PAD","High","Kharif","false"
"TN-MKT-CUD-015","TN-COM-COT","Medium","Kharif","false"
"TN-MKT-CUD-015","TN-COM-MAN","High","Zaid","false"
"TN-MKT-CUD-015","TN-COM-JAS","Medium","Year-Round","false"
"TN-MKT-CUD-016","TN-COM-TOM","High","Year-Round","true"
"TN-MKT-CUD-016","TN-COM-ONI","Medium","Rabi","true"
"TN-MKT-CUD-016","TN-COM-POT","High","Rabi","true"
"TN-MKT-CUD-016","TN-COM-BRI","Medium","Year-Round","true"
"TN-MKT-CUD-016","TN-COM-CHL","High","Kharif","false"
"TN-MKT-CUD-016","TN-COM-BHE","Medium","Year-Round","false"
"TN-MKT-CUD-016","TN-COM-DRM","High","Year-Round","false"
"TN-MKT-CUD-016","TN-COM-BAN","Medium","Year-Round","false"
"TN-MKT-CUD-016","TN-COM-COC","High","Year-Round","false"
"TN-MKT-CUD-016","TN-COM-GND","Medium","Kharif","false"
"TN-MKT-CUD-016","TN-COM-TUR","High","Rabi","false"
"TN-MKT-CUD-016","TN-COM-SUG","Medium","Year-Round","false"
"TN-MKT-CUD-016","TN-COM-PAD","High","Kharif","false"
"TN-MKT-CUD-016","TN-COM-COT","Medium","Kharif","false"
"TN-MKT-CUD-016","TN-COM-MAN","High","Zaid","false"
"TN-MKT-CUD-016","TN-COM-JAS","Medium","Year-Round","false"
"TN-MKT-VIL-017","TN-COM-TOM","High","Year-Round","true"
"TN-MKT-VIL-017","TN-COM-ONI","Medium","Rabi","true"
"TN-MKT-VIL-017","TN-COM-POT","High","Rabi","true"
"TN-MKT-VIL-017","TN-COM-BRI","Medium","Year-Round","true"
"TN-MKT-VIL-017","TN-COM-CHL","High","Kharif","false"
"TN-MKT-VIL-017","TN-COM-BHE","Medium","Year-Round","false"
"TN-MKT-VIL-017","TN-COM-DRM","High","Year-Round","false"
"TN-MKT-VIL-017","TN-COM-BAN","Medium","Year-Round","false"
"TN-MKT-VIL-017","TN-COM-COC","High","Year-Round","false"
"TN-MKT-VIL-017","TN-COM-GND","Medium","Kharif","false"
"TN-MKT-VIL-017","TN-COM-TUR","High","Rabi","false"
"TN-MKT-VIL-017","TN-COM-SUG","Medium","Year-Round","false"
"TN-MKT-VIL-017","TN-COM-PAD","High","Kharif","false"
"TN-MKT-VIL-017","TN-COM-COT","Medium","Kharif","false"
"TN-MKT-VIL-017","TN-COM-MAN","High","Zaid","false"
"TN-MKT-VIL-017","TN-COM-JAS","Medium","Year-Round","false"
"TN-MKT-VIL-018","TN-COM-TOM","High","Year-Round","true"
"TN-MKT-VIL-018","TN-COM-ONI","Medium","Rabi","true"
"TN-MKT-VIL-018","TN-COM-POT","High","Rabi","true"
"TN-MKT-VIL-018","TN-COM-BRI","Medium","Year-Round","true"
"TN-MKT-VIL-018","TN-COM-CHL","High","Kharif","false"
"TN-MKT-VIL-018","TN-COM-BHE","Medium","Year-Round","false"
"TN-MKT-VIL-018","TN-COM-DRM","High","Year-Round","false"
"TN-MKT-VIL-018","TN-COM-BAN","Medium","Year-Round","false"
"TN-MKT-VIL-018","TN-COM-COC","High","Year-Round","false"
"TN-MKT-VIL-018","TN-COM-GND","Medium","Kharif","false"
"TN-MKT-VIL-018","TN-COM-TUR","High","Rabi","false"
"TN-MKT-VIL-018","TN-COM-SUG","Medium","Year-Round","false"
"TN-MKT-VIL-018","TN-COM-PAD","High","Kharif","false"
"TN-MKT-VIL-018","TN-COM-COT","Medium","Kharif","false"
"TN-MKT-VIL-018","TN-COM-MAN","High","Zaid","false"
"TN-MKT-VIL-018","TN-COM-JAS","Medium","Year-Round","false"
"TN-MKT-VIL-019","TN-COM-TOM","High","Year-Round","true"
"TN-MKT-VIL-019","TN-COM-ONI","Medium","Rabi","true"
"TN-MKT-VIL-019","TN-COM-POT","High","Rabi","true"
"TN-MKT-VIL-019","TN-COM-BRI","Medium","Year-Round","true"
"TN-MKT-VIL-019","TN-COM-CHL","High","Kharif","false"
"TN-MKT-VIL-019","TN-COM-BHE","Medium","Year-Round","false"
"TN-MKT-VIL-019","TN-COM-DRM","High","Year-Round","false"
"TN-MKT-VIL-019","TN-COM-BAN","Medium","Year-Round","false"
"TN-MKT-VIL-019","TN-COM-COC","High","Year-Round","false"
"TN-MKT-VIL-019","TN-COM-GND","Medium","Kharif","false"
"TN-MKT-VIL-019","TN-COM-TUR","High","Rabi","false"
"TN-MKT-VIL-019","TN-COM-SUG","Medium","Year-Round","false"
"TN-MKT-VIL-019","TN-COM-PAD","High","Kharif","false"
"TN-MKT-VIL-019","TN-COM-COT","Medium","Kharif","false"
"TN-MKT-VIL-019","TN-COM-MAN","High","Zaid","false"
"TN-MKT-VIL-019","TN-COM-JAS","Medium","Year-Round","false"
"TN-MKT-VIL-020","TN-COM-TOM","High","Year-Round","true"
"TN-MKT-VIL-020","TN-COM-ONI","Medium","Rabi","true"
"TN-MKT-VIL-020","TN-COM-POT","High","Rabi","true"
"TN-MKT-VIL-020","TN-COM-BRI","Medium","Year-Round","true"
"TN-MKT-VIL-020","TN-COM-CHL","High","Kharif","false"
"TN-MKT-VIL-020","TN-COM-BHE","Medium","Year-Round","false"
"TN-MKT-VIL-020","TN-COM-DRM","High","Year-Round","false"
"TN-MKT-VIL-020","TN-COM-BAN","Medium","Year-Round","false"
"TN-MKT-VIL-020","TN-COM-COC","High","Year-Round","false"
"TN-MKT-VIL-020","TN-COM-GND","Medium","Kharif","false"
"TN-MKT-VIL-020","TN-COM-TUR","High","Rabi","false"
"TN-MKT-VIL-020","TN-COM-SUG","Medium","Year-Round","false"
"TN-MKT-VIL-020","TN-COM-PAD","High","Kharif","false"
"TN-MKT-VIL-020","TN-COM-COT","Medium","Kharif","false"
"TN-MKT-VIL-020","TN-COM-MAN","High","Zaid","false"
"TN-MKT-VIL-020","TN-COM-JAS","Medium","Year-Round","false"
"TN-MKT-VEL-021","TN-COM-TOM","High","Year-Round","true"
"TN-MKT-VEL-021","TN-COM-ONI","Medium","Rabi","true"
"TN-MKT-VEL-021","TN-COM-POT","High","Rabi","true"
"TN-MKT-VEL-021","TN-COM-BRI","Medium","Year-Round","true"
"TN-MKT-VEL-021","TN-COM-CHL","High","Kharif","false"
"TN-MKT-VEL-021","TN-COM-BHE","Medium","Year-Round","false"
"TN-MKT-VEL-021","TN-COM-DRM","High","Year-Round","false"
"TN-MKT-VEL-021","TN-COM-BAN","Medium","Year-Round","false"
"TN-MKT-VEL-021","TN-COM-COC","High","Year-Round","false"
"TN-MKT-VEL-021","TN-COM-GND","Medium","Kharif","false"
"TN-MKT-VEL-021","TN-COM-TUR","High","Rabi","false"
"TN-MKT-VEL-021","TN-COM-SUG","Medium","Year-Round","false"
"TN-MKT-VEL-021","TN-COM-PAD","High","Kharif","false"
"TN-MKT-VEL-021","TN-COM-COT","Medium","Kharif","false"
"TN-MKT-VEL-021","TN-COM-MAN","High","Zaid","false"
"TN-MKT-VEL-021","TN-COM-JAS","Medium","Year-Round","false"
"TN-MKT-VEL-022","TN-COM-TOM","High","Year-Round","true"
"TN-MKT-VEL-022","TN-COM-ONI","Medium","Rabi","true"
"TN-MKT-VEL-022","TN-COM-POT","High","Rabi","true"
"TN-MKT-VEL-022","TN-COM-BRI","Medium","Year-Round","true"
"TN-MKT-VEL-022","TN-COM-CHL","High","Kharif","false"
"TN-MKT-VEL-022","TN-COM-BHE","Medium","Year-Round","false"
"TN-MKT-VEL-022","TN-COM-DRM","High","Year-Round","false"
"TN-MKT-VEL-022","TN-COM-BAN","Medium","Year-Round","false"
"TN-MKT-VEL-022","TN-COM-COC","High","Year-Round","false"
"TN-MKT-VEL-022","TN-COM-GND","Medium","Kharif","false"
"TN-MKT-VEL-022","TN-COM-TUR","High","Rabi","false"
"TN-MKT-VEL-022","TN-COM-SUG","Medium","Year-Round","false"
"TN-MKT-VEL-022","TN-COM-PAD","High","Kharif","false"
"TN-MKT-VEL-022","TN-COM-COT","Medium","Kharif","false"
"TN-MKT-VEL-022","TN-COM-MAN","High","Zaid","false"
"TN-MKT-VEL-022","TN-COM-JAS","Medium","Year-Round","false"
"TN-MKT-VEL-023","TN-COM-TOM","High","Year-Round","true"
"TN-MKT-VEL-023","TN-COM-ONI","Medium","Rabi","true"
"TN-MKT-VEL-023","TN-COM-POT","High","Rabi","true"
"TN-MKT-VEL-023","TN-COM-BRI","Medium","Year-Round","true"
"TN-MKT-VEL-023","TN-COM-CHL","High","Kharif","false"
"TN-MKT-VEL-023","TN-COM-BHE","Medium","Year-Round","false"
"TN-MKT-VEL-023","TN-COM-DRM","High","Year-Round","false"
"TN-MKT-VEL-023","TN-COM-BAN","Medium","Year-Round","false"
"TN-MKT-VEL-023","TN-COM-COC","High","Year-Round","false"
"TN-MKT-VEL-023","TN-COM-GND","Medium","Kharif","false"
"TN-MKT-VEL-023","TN-COM-TUR","High","Rabi","false"
"TN-MKT-VEL-023","TN-COM-SUG","Medium","Year-Round","false"
"TN-MKT-VEL-023","TN-COM-PAD","High","Kharif","false"
"TN-MKT-VEL-023","TN-COM-COT","Medium","Kharif","false"
"TN-MKT-VEL-023","TN-COM-MAN","High","Zaid","false"
"TN-MKT-VEL-023","TN-COM-JAS","Medium","Year-Round","false"
"TN-MKT-VEL-024","TN-COM-TOM","High","Year-Round","true"
"TN-MKT-VEL-024","TN-COM-ONI","Medium","Rabi","true"
"TN-MKT-VEL-024","TN-COM-POT","High","Rabi","true"
"TN-MKT-VEL-024","TN-COM-BRI","Medium","Year-Round","true"
"TN-MKT-VEL-024","TN-COM-CHL","High","Kharif","false"
"TN-MKT-VEL-024","TN-COM-BHE","Medium","Year-Round","false"
"TN-MKT-VEL-024","TN-COM-DRM","High","Year-Round","false"
"TN-MKT-VEL-024","TN-COM-BAN","Medium","Year-Round","false"
"TN-MKT-VEL-024","TN-COM-COC","High","Year-Round","false"
"TN-MKT-VEL-024","TN-COM-GND","Medium","Kharif","false"
"TN-MKT-VEL-024","TN-COM-TUR","High","Rabi","false"
"TN-MKT-VEL-024","TN-COM-SUG","Medium","Year-Round","false"
"TN-MKT-VEL-024","TN-COM-PAD","High","Kharif","false"
"TN-MKT-VEL-024","TN-COM-COT","Medium","Kharif","false"
"TN-MKT-VEL-024","TN-COM-MAN","High","Zaid","false"
"TN-MKT-VEL-024","TN-COM-JAS","Medium","Year-Round","false"
"TN-MKT-VEL-025","TN-COM-TOM","High","Year-Round","true"
"TN-MKT-VEL-025","TN-COM-ONI","Medium","Rabi","true"
"TN-MKT-VEL-025","TN-COM-POT","High","Rabi","true"
"TN-MKT-VEL-025","TN-COM-BRI","Medium","Year-Round","true"
"TN-MKT-VEL-025","TN-COM-CHL","High","Kharif","false"
"TN-MKT-VEL-025","TN-COM-BHE","Medium","Year-Round","false"
"TN-MKT-VEL-025","TN-COM-DRM","High","Year-Round","false"
"TN-MKT-VEL-025","TN-COM-BAN","Medium","Year-Round","false"
"TN-MKT-VEL-025","TN-COM-COC","High","Year-Round","false"
"TN-MKT-VEL-025","TN-COM-GND","Medium","Kharif","false"
"TN-MKT-VEL-025","TN-COM-TUR","High","Rabi","false"
"TN-MKT-VEL-025","TN-COM-SUG","Medium","Year-Round","false"
"TN-MKT-VEL-025","TN-COM-PAD","High","Kharif","false"
"TN-MKT-VEL-025","TN-COM-COT","Medium","Kharif","false"
"TN-MKT-VEL-025","TN-COM-MAN","High","Zaid","false"
"TN-MKT-VEL-025","TN-COM-JAS","Medium","Year-Round","false"
"TN-MKT-VEL-026","TN-COM-TOM","High","Year-Round","true"
"TN-MKT-VEL-026","TN-COM-ONI","Medium","Rabi","true"
"TN-MKT-VEL-026","TN-COM-POT","High","Rabi","true"
"TN-MKT-VEL-026","TN-COM-BRI","Medium","Year-Round","true"
"TN-MKT-VEL-026","TN-COM-CHL","High","Kharif","false"
"TN-MKT-VEL-026","TN-COM-BHE","Medium","Year-Round","false"
"TN-MKT-VEL-026","TN-COM-DRM","High","Year-Round","false"
"TN-MKT-VEL-026","TN-COM-BAN","Medium","Year-Round","false"
"TN-MKT-VEL-026","TN-COM-COC","High","Year-Round","false"
"TN-MKT-VEL-026","TN-COM-GND","Medium","Kharif","false"
"TN-MKT-VEL-026","TN-COM-TUR","High","Rabi","false"
"TN-MKT-VEL-026","TN-COM-SUG","Medium","Year-Round","false"
"TN-MKT-VEL-026","TN-COM-PAD","High","Kharif","false"
"TN-MKT-VEL-026","TN-COM-COT","Medium","Kharif","false"
"TN-MKT-VEL-026","TN-COM-MAN","High","Zaid","false"
"TN-MKT-VEL-026","TN-COM-JAS","Medium","Year-Round","false"
"TN-MKT-THI-027","TN-COM-TOM","High","Year-Round","true"
"TN-MKT-THI-027","TN-COM-ONI","Medium","Rabi","true"
"TN-MKT-THI-027","TN-COM-POT","High","Rabi","true"
"TN-MKT-THI-027","TN-COM-BRI","Medium","Year-Round","true"
"TN-MKT-THI-027","TN-COM-CHL","High","Kharif","false"
"TN-MKT-THI-027","TN-COM-BHE","Medium","Year-Round","false"
"TN-MKT-THI-027","TN-COM-DRM","High","Year-Round","false"
"TN-MKT-THI-027","TN-COM-BAN","Medium","Year-Round","false"
"TN-MKT-THI-027","TN-COM-COC","High","Year-Round","false"
"TN-MKT-THI-027","TN-COM-GND","Medium","Kharif","false"
"TN-MKT-THI-027","TN-COM-TUR","High","Rabi","false"
"TN-MKT-THI-027","TN-COM-SUG","Medium","Year-Round","false"
"TN-MKT-THI-027","TN-COM-PAD","High","Kharif","false"
"TN-MKT-THI-027","TN-COM-COT","Medium","Kharif","false"
"TN-MKT-THI-027","TN-COM-MAN","High","Zaid","false"
"TN-MKT-THI-027","TN-COM-JAS","Medium","Year-Round","false"
"TN-MKT-THI-028","TN-COM-TOM","High","Year-Round","true"
"TN-MKT-THI-028","TN-COM-ONI","Medium","Rabi","true"
"TN-MKT-THI-028","TN-COM-POT","High","Rabi","true"
"TN-MKT-THI-028","TN-COM-BRI","Medium","Year-Round","true"
"TN-MKT-THI-028","TN-COM-CHL","High","Kharif","false"
"TN-MKT-THI-028","TN-COM-BHE","Medium","Year-Round","false"
"TN-MKT-THI-028","TN-COM-DRM","High","Year-Round","false"
"TN-MKT-THI-028","TN-COM-BAN","Medium","Year-Round","false"
"TN-MKT-THI-028","TN-COM-COC","High","Year-Round","false"
"TN-MKT-THI-028","TN-COM-GND","Medium","Kharif","false"
"TN-MKT-THI-028","TN-COM-TUR","High","Rabi","false"
"TN-MKT-THI-028","TN-COM-SUG","Medium","Year-Round","false"
"TN-MKT-THI-028","TN-COM-PAD","High","Kharif","false"
"TN-MKT-THI-028","TN-COM-COT","Medium","Kharif","false"
"TN-MKT-THI-028","TN-COM-MAN","High","Zaid","false"
"TN-MKT-THI-028","TN-COM-JAS","Medium","Year-Round","false"
"TN-MKT-THI-029","TN-COM-TOM","High","Year-Round","true"
"TN-MKT-THI-029","TN-COM-ONI","Medium","Rabi","true"
"TN-MKT-THI-029","TN-COM-POT","High","Rabi","true"
"TN-MKT-THI-029","TN-COM-BRI","Medium","Year-Round","true"
"TN-MKT-THI-029","TN-COM-CHL","High","Kharif","false"
"TN-MKT-THI-029","TN-COM-BHE","Medium","Year-Round","false"
"TN-MKT-THI-029","TN-COM-DRM","High","Year-Round","false"
"TN-MKT-THI-029","TN-COM-BAN","Medium","Year-Round","false"
"TN-MKT-THI-029","TN-COM-COC","High","Year-Round","false"
"TN-MKT-THI-029","TN-COM-GND","Medium","Kharif","false"
"TN-MKT-THI-029","TN-COM-TUR","High","Rabi","false"
"TN-MKT-THI-029","TN-COM-SUG","Medium","Year-Round","false"
"TN-MKT-THI-029","TN-COM-PAD","High","Kharif","false"
"TN-MKT-THI-029","TN-COM-COT","Medium","Kharif","false"
"TN-MKT-THI-029","TN-COM-MAN","High","Zaid","false"
"TN-MKT-THI-029","TN-COM-JAS","Medium","Year-Round","false"
"TN-MKT-THI-030","TN-COM-TOM","High","Year-Round","true"
"TN-MKT-THI-030","TN-COM-ONI","Medium","Rabi","true"
"TN-MKT-THI-030","TN-COM-POT","High","Rabi","true"
"TN-MKT-THI-030","TN-COM-BRI","Medium","Year-Round","true"
"TN-MKT-THI-030","TN-COM-CHL","High","Kharif","false"
"TN-MKT-THI-030","TN-COM-BHE","Medium","Year-Round","false"
"TN-MKT-THI-030","TN-COM-DRM","High","Year-Round","false"
"TN-MKT-THI-030","TN-COM-BAN","Medium","Year-Round","false"
"TN-MKT-THI-030","TN-COM-COC","High","Year-Round","false"
"TN-MKT-THI-030","TN-COM-GND","Medium","Kharif","false"
"TN-MKT-THI-030","TN-COM-TUR","High","Rabi","false"
"TN-MKT-THI-030","TN-COM-SUG","Medium","Year-Round","false"
"TN-MKT-THI-030","TN-COM-PAD","High","Kharif","false"
"TN-MKT-THI-030","TN-COM-COT","Medium","Kharif","false"
"TN-MKT-THI-030","TN-COM-MAN","High","Zaid","false"
"TN-MKT-THI-030","TN-COM-JAS","Medium","Year-Round","false"
"TN-MKT-THI-031","TN-COM-TOM","High","Year-Round","true"
"TN-MKT-THI-031","TN-COM-ONI","Medium","Rabi","true"
"TN-MKT-THI-031","TN-COM-POT","High","Rabi","true"
"TN-MKT-THI-031","TN-COM-BRI","Medium","Year-Round","true"
"TN-MKT-THI-031","TN-COM-CHL","High","Kharif","false"
"TN-MKT-THI-031","TN-COM-BHE","Medium","Year-Round","false"
"TN-MKT-THI-031","TN-COM-DRM","High","Year-Round","false"
"TN-MKT-THI-031","TN-COM-BAN","Medium","Year-Round","false"
"TN-MKT-THI-031","TN-COM-COC","High","Year-Round","false"
"TN-MKT-THI-031","TN-COM-GND","Medium","Kharif","false"
"TN-MKT-THI-031","TN-COM-TUR","High","Rabi","false"
"TN-MKT-THI-031","TN-COM-SUG","Medium","Year-Round","false"
"TN-MKT-THI-031","TN-COM-PAD","High","Kharif","false"
"TN-MKT-THI-031","TN-COM-COT","Medium","Kharif","false"
"TN-MKT-THI-031","TN-COM-MAN","High","Zaid","false"
"TN-MKT-THI-031","TN-COM-JAS","Medium","Year-Round","false"
"TN-MKT-THI-032","TN-COM-TOM","High","Year-Round","true"
"TN-MKT-THI-032","TN-COM-ONI","Medium","Rabi","true"
"TN-MKT-THI-032","TN-COM-POT","High","Rabi","true"
"TN-MKT-THI-032","TN-COM-BRI","Medium","Year-Round","true"
"TN-MKT-THI-032","TN-COM-CHL","High","Kharif","false"
"TN-MKT-THI-032","TN-COM-BHE","Medium","Year-Round","false"
"TN-MKT-THI-032","TN-COM-DRM","High","Year-Round","false"
"TN-MKT-THI-032","TN-COM-BAN","Medium","Year-Round","false"
"TN-MKT-THI-032","TN-COM-COC","High","Year-Round","false"
"TN-MKT-THI-032","TN-COM-GND","Medium","Kharif","false"
"TN-MKT-THI-032","TN-COM-TUR","High","Rabi","false"
"TN-MKT-THI-032","TN-COM-SUG","Medium","Year-Round","false"
"TN-MKT-THI-032","TN-COM-PAD","High","Kharif","false"
"TN-MKT-THI-032","TN-COM-COT","Medium","Kharif","false"
"TN-MKT-THI-032","TN-COM-MAN","High","Zaid","false"
"TN-MKT-THI-032","TN-COM-JAS","Medium","Year-Round","false"
"TN-MKT-THI-033","TN-COM-TOM","High","Year-Round","true"
"TN-MKT-THI-033","TN-COM-ONI","Medium","Rabi","true"
"TN-MKT-THI-033","TN-COM-POT","High","Rabi","true"
"TN-MKT-THI-033","TN-COM-BRI","Medium","Year-Round","true"
"TN-MKT-THI-033","TN-COM-CHL","High","Kharif","false"
"TN-MKT-THI-033","TN-COM-BHE","Medium","Year-Round","false"
"TN-MKT-THI-033","TN-COM-DRM","High","Year-Round","false"
"TN-MKT-THI-033","TN-COM-BAN","Medium","Year-Round","false"
"TN-MKT-THI-033","TN-COM-COC","High","Year-Round","false"
"TN-MKT-THI-033","TN-COM-GND","Medium","Kharif","false"
"TN-MKT-THI-033","TN-COM-TUR","High","Rabi","false"
"TN-MKT-THI-033","TN-COM-SUG","Medium","Year-Round","false"
"TN-MKT-THI-033","TN-COM-PAD","High","Kharif","false"
"TN-MKT-THI-033","TN-COM-COT","Medium","Kharif","false"
"TN-MKT-THI-033","TN-COM-MAN","High","Zaid","false"
"TN-MKT-THI-033","TN-COM-JAS","Medium","Year-Round","false"
"TN-MKT-THI-034","TN-COM-TOM","High","Year-Round","true"
"TN-MKT-THI-034","TN-COM-ONI","Medium","Rabi","true"
"TN-MKT-THI-034","TN-COM-POT","High","Rabi","true"
"TN-MKT-THI-034","TN-COM-BRI","Medium","Year-Round","true"
"TN-MKT-THI-034","TN-COM-CHL","High","Kharif","false"
"TN-MKT-THI-034","TN-COM-BHE","Medium","Year-Round","false"
"TN-MKT-THI-034","TN-COM-DRM","High","Year-Round","false"
"TN-MKT-THI-034","TN-COM-BAN","Medium","Year-Round","false"
"TN-MKT-THI-034","TN-COM-COC","High","Year-Round","false"
"TN-MKT-THI-034","TN-COM-GND","Medium","Kharif","false"
"TN-MKT-THI-034","TN-COM-TUR","High","Rabi","false"
"TN-MKT-THI-034","TN-COM-SUG","Medium","Year-Round","false"
"TN-MKT-THI-034","TN-COM-PAD","High","Kharif","false"
"TN-MKT-THI-034","TN-COM-COT","Medium","Kharif","false"
"TN-MKT-THI-034","TN-COM-MAN","High","Zaid","false"
"TN-MKT-THI-034","TN-COM-JAS","Medium","Year-Round","false"
"TN-MKT-NAM-035","TN-COM-TOM","High","Year-Round","true"
"TN-MKT-NAM-035","TN-COM-ONI","Medium","Rabi","true"
"TN-MKT-NAM-035","TN-COM-POT","High","Rabi","true"
"TN-MKT-NAM-035","TN-COM-BRI","Medium","Year-Round","true"
"TN-MKT-NAM-035","TN-COM-CHL","High","Kharif","false"
"TN-MKT-NAM-035","TN-COM-BHE","Medium","Year-Round","false"
"TN-MKT-NAM-035","TN-COM-DRM","High","Year-Round","false"
"TN-MKT-NAM-035","TN-COM-BAN","Medium","Year-Round","false"
"TN-MKT-NAM-035","TN-COM-COC","High","Year-Round","false"
"TN-MKT-NAM-035","TN-COM-GND","Medium","Kharif","false"
"TN-MKT-NAM-035","TN-COM-TUR","High","Rabi","false"
"TN-MKT-NAM-035","TN-COM-SUG","Medium","Year-Round","false"
"TN-MKT-NAM-035","TN-COM-PAD","High","Kharif","false"
"TN-MKT-NAM-035","TN-COM-COT","Medium","Kharif","false"
"TN-MKT-NAM-035","TN-COM-MAN","High","Zaid","false"
"TN-MKT-NAM-035","TN-COM-JAS","Medium","Year-Round","false"
"TN-MKT-NAM-036","TN-COM-TOM","High","Year-Round","true"
"TN-MKT-NAM-036","TN-COM-ONI","Medium","Rabi","true"
"TN-MKT-NAM-036","TN-COM-POT","High","Rabi","true"
"TN-MKT-NAM-036","TN-COM-BRI","Medium","Year-Round","true"
"TN-MKT-NAM-036","TN-COM-CHL","High","Kharif","false"
"TN-MKT-NAM-036","TN-COM-BHE","Medium","Year-Round","false"
"TN-MKT-NAM-036","TN-COM-DRM","High","Year-Round","false"
"TN-MKT-NAM-036","TN-COM-BAN","Medium","Year-Round","false"
"TN-MKT-NAM-036","TN-COM-COC","High","Year-Round","false"
"TN-MKT-NAM-036","TN-COM-GND","Medium","Kharif","false"
"TN-MKT-NAM-036","TN-COM-TUR","High","Rabi","false"
"TN-MKT-NAM-036","TN-COM-SUG","Medium","Year-Round","false"
"TN-MKT-NAM-036","TN-COM-PAD","High","Kharif","false"
"TN-MKT-NAM-036","TN-COM-COT","Medium","Kharif","false"
"TN-MKT-NAM-036","TN-COM-MAN","High","Zaid","false"
"TN-MKT-NAM-036","TN-COM-JAS","Medium","Year-Round","false"
"TN-MKT-NAM-037","TN-COM-TOM","High","Year-Round","true"
"TN-MKT-NAM-037","TN-COM-ONI","Medium","Rabi","true"
"TN-MKT-NAM-037","TN-COM-POT","High","Rabi","true"
"TN-MKT-NAM-037","TN-COM-BRI","Medium","Year-Round","true"
"TN-MKT-NAM-037","TN-COM-CHL","High","Kharif","false"
"TN-MKT-NAM-037","TN-COM-BHE","Medium","Year-Round","false"
"TN-MKT-NAM-037","TN-COM-DRM","High","Year-Round","false"
"TN-MKT-NAM-037","TN-COM-BAN","Medium","Year-Round","false"
"TN-MKT-NAM-037","TN-COM-COC","High","Year-Round","false"
"TN-MKT-NAM-037","TN-COM-GND","Medium","Kharif","false"
"TN-MKT-NAM-037","TN-COM-TUR","High","Rabi","false"
"TN-MKT-NAM-037","TN-COM-SUG","Medium","Year-Round","false"
"TN-MKT-NAM-037","TN-COM-PAD","High","Kharif","false"
"TN-MKT-NAM-037","TN-COM-COT","Medium","Kharif","false"
"TN-MKT-NAM-037","TN-COM-MAN","High","Zaid","false"
"TN-MKT-NAM-037","TN-COM-JAS","Medium","Year-Round","false"
"TN-MKT-NAM-038","TN-COM-TOM","High","Year-Round","true"
"TN-MKT-NAM-038","TN-COM-ONI","Medium","Rabi","true"
"TN-MKT-NAM-038","TN-COM-POT","High","Rabi","true"
"TN-MKT-NAM-038","TN-COM-BRI","Medium","Year-Round","true"
"TN-MKT-NAM-038","TN-COM-CHL","High","Kharif","false"
"TN-MKT-NAM-038","TN-COM-BHE","Medium","Year-Round","false"
"TN-MKT-NAM-038","TN-COM-DRM","High","Year-Round","false"
"TN-MKT-NAM-038","TN-COM-BAN","Medium","Year-Round","false"
"TN-MKT-NAM-038","TN-COM-COC","High","Year-Round","false"
"TN-MKT-NAM-038","TN-COM-GND","Medium","Kharif","false"
"TN-MKT-NAM-038","TN-COM-TUR","High","Rabi","false"
"TN-MKT-NAM-038","TN-COM-SUG","Medium","Year-Round","false"
"TN-MKT-NAM-038","TN-COM-PAD","High","Kharif","false"
"TN-MKT-NAM-038","TN-COM-COT","Medium","Kharif","false"
"TN-MKT-NAM-038","TN-COM-MAN","High","Zaid","false"
"TN-MKT-NAM-038","TN-COM-JAS","Medium","Year-Round","false"
"TN-MKT-NAM-039","TN-COM-TOM","High","Year-Round","true"
"TN-MKT-NAM-039","TN-COM-ONI","Medium","Rabi","true"
"TN-MKT-NAM-039","TN-COM-POT","High","Rabi","true"
"TN-MKT-NAM-039","TN-COM-BRI","Medium","Year-Round","true"
"TN-MKT-NAM-039","TN-COM-CHL","High","Kharif","false"
"TN-MKT-NAM-039","TN-COM-BHE","Medium","Year-Round","false"
"TN-MKT-NAM-039","TN-COM-DRM","High","Year-Round","false"
"TN-MKT-NAM-039","TN-COM-BAN","Medium","Year-Round","false"
"TN-MKT-NAM-039","TN-COM-COC","High","Year-Round","false"
"TN-MKT-NAM-039","TN-COM-GND","Medium","Kharif","false"
"TN-MKT-NAM-039","TN-COM-TUR","High","Rabi","false"
"TN-MKT-NAM-039","TN-COM-SUG","Medium","Year-Round","false"
"TN-MKT-NAM-039","TN-COM-PAD","High","Kharif","false"
"TN-MKT-NAM-039","TN-COM-COT","Medium","Kharif","false"
"TN-MKT-NAM-039","TN-COM-MAN","High","Zaid","false"
"TN-MKT-NAM-039","TN-COM-JAS","Medium","Year-Round","false"
"TN-MKT-NAM-040","TN-COM-TOM","High","Year-Round","true"
"TN-MKT-NAM-040","TN-COM-ONI","Medium","Rabi","true"
"TN-MKT-NAM-040","TN-COM-POT","High","Rabi","true"
"TN-MKT-NAM-040","TN-COM-BRI","Medium","Year-Round","true"
"TN-MKT-NAM-040","TN-COM-CHL","High","Kharif","false"
"TN-MKT-NAM-040","TN-COM-BHE","Medium","Year-Round","false"
"TN-MKT-NAM-040","TN-COM-DRM","High","Year-Round","false"
"TN-MKT-NAM-040","TN-COM-BAN","Medium","Year-Round","false"
"TN-MKT-NAM-040","TN-COM-COC","High","Year-Round","false"
"TN-MKT-NAM-040","TN-COM-GND","Medium","Kharif","false"
"TN-MKT-NAM-040","TN-COM-TUR","High","Rabi","false"
"TN-MKT-NAM-040","TN-COM-SUG","Medium","Year-Round","false"
"TN-MKT-NAM-040","TN-COM-PAD","High","Kharif","false"
"TN-MKT-NAM-040","TN-COM-COT","Medium","Kharif","false"
"TN-MKT-NAM-040","TN-COM-MAN","High","Zaid","false"
"TN-MKT-NAM-040","TN-COM-JAS","Medium","Year-Round","false"
"TN-MKT-SAL-041","TN-COM-TOM","High","Year-Round","true"
"TN-MKT-SAL-041","TN-COM-ONI","Medium","Rabi","true"
"TN-MKT-SAL-041","TN-COM-POT","High","Rabi","true"
"TN-MKT-SAL-041","TN-COM-BRI","Medium","Year-Round","true"
"TN-MKT-SAL-041","TN-COM-CHL","High","Kharif","false"
"TN-MKT-SAL-041","TN-COM-BHE","Medium","Year-Round","false"
"TN-MKT-SAL-041","TN-COM-DRM","High","Year-Round","false"
"TN-MKT-SAL-041","TN-COM-BAN","Medium","Year-Round","false"
"TN-MKT-SAL-041","TN-COM-COC","High","Year-Round","false"
"TN-MKT-SAL-041","TN-COM-GND","Medium","Kharif","false"
"TN-MKT-SAL-041","TN-COM-TUR","High","Rabi","false"
"TN-MKT-SAL-041","TN-COM-SUG","Medium","Year-Round","false"
"TN-MKT-SAL-041","TN-COM-PAD","High","Kharif","false"
"TN-MKT-SAL-041","TN-COM-COT","Medium","Kharif","false"
"TN-MKT-SAL-041","TN-COM-MAN","High","Zaid","false"
"TN-MKT-SAL-041","TN-COM-JAS","Medium","Year-Round","false"
"TN-MKT-SAL-042","TN-COM-TOM","High","Year-Round","true"
"TN-MKT-SAL-042","TN-COM-ONI","Medium","Rabi","true"
"TN-MKT-SAL-042","TN-COM-POT","High","Rabi","true"
"TN-MKT-SAL-042","TN-COM-BRI","Medium","Year-Round","true"
"TN-MKT-SAL-042","TN-COM-CHL","High","Kharif","false"
"TN-MKT-SAL-042","TN-COM-BHE","Medium","Year-Round","false"
"TN-MKT-SAL-042","TN-COM-DRM","High","Year-Round","false"
"TN-MKT-SAL-042","TN-COM-BAN","Medium","Year-Round","false"
"TN-MKT-SAL-042","TN-COM-COC","High","Year-Round","false"
"TN-MKT-SAL-042","TN-COM-GND","Medium","Kharif","false"
"TN-MKT-SAL-042","TN-COM-TUR","High","Rabi","false"
"TN-MKT-SAL-042","TN-COM-SUG","Medium","Year-Round","false"
"TN-MKT-SAL-042","TN-COM-PAD","High","Kharif","false"
"TN-MKT-SAL-042","TN-COM-COT","Medium","Kharif","false"
"TN-MKT-SAL-042","TN-COM-MAN","High","Zaid","false"
"TN-MKT-SAL-042","TN-COM-JAS","Medium","Year-Round","false"
"TN-MKT-SAL-043","TN-COM-TOM","High","Year-Round","true"
"TN-MKT-SAL-043","TN-COM-ONI","Medium","Rabi","true"
"TN-MKT-SAL-043","TN-COM-POT","High","Rabi","true"
"TN-MKT-SAL-043","TN-COM-BRI","Medium","Year-Round","true"
"TN-MKT-SAL-043","TN-COM-CHL","High","Kharif","false"
"TN-MKT-SAL-043","TN-COM-BHE","Medium","Year-Round","false"
"TN-MKT-SAL-043","TN-COM-DRM","High","Year-Round","false"
"TN-MKT-SAL-043","TN-COM-BAN","Medium","Year-Round","false"
"TN-MKT-SAL-043","TN-COM-COC","High","Year-Round","false"
"TN-MKT-SAL-043","TN-COM-GND","Medium","Kharif","false"
"TN-MKT-SAL-043","TN-COM-TUR","High","Rabi","false"
"TN-MKT-SAL-043","TN-COM-SUG","Medium","Year-Round","false"
"TN-MKT-SAL-043","TN-COM-PAD","High","Kharif","false"
"TN-MKT-SAL-043","TN-COM-COT","Medium","Kharif","false"
"TN-MKT-SAL-043","TN-COM-MAN","High","Zaid","false"
"TN-MKT-SAL-043","TN-COM-JAS","Medium","Year-Round","false"
"TN-MKT-SAL-044","TN-COM-TOM","High","Year-Round","true"
"TN-MKT-SAL-044","TN-COM-ONI","Medium","Rabi","true"
"TN-MKT-SAL-044","TN-COM-POT","High","Rabi","true"
"TN-MKT-SAL-044","TN-COM-BRI","Medium","Year-Round","true"
"TN-MKT-SAL-044","TN-COM-CHL","High","Kharif","false"
"TN-MKT-SAL-044","TN-COM-BHE","Medium","Year-Round","false"
"TN-MKT-SAL-044","TN-COM-DRM","High","Year-Round","false"
"TN-MKT-SAL-044","TN-COM-BAN","Medium","Year-Round","false"
"TN-MKT-SAL-044","TN-COM-COC","High","Year-Round","false"
"TN-MKT-SAL-044","TN-COM-GND","Medium","Kharif","false"
"TN-MKT-SAL-044","TN-COM-TUR","High","Rabi","false"
"TN-MKT-SAL-044","TN-COM-SUG","Medium","Year-Round","false"
"TN-MKT-SAL-044","TN-COM-PAD","High","Kharif","false"
"TN-MKT-SAL-044","TN-COM-COT","Medium","Kharif","false"
"TN-MKT-SAL-044","TN-COM-MAN","High","Zaid","false"
"TN-MKT-SAL-044","TN-COM-JAS","Medium","Year-Round","false"
"TN-MKT-SAL-045","TN-COM-TOM","High","Year-Round","true"
"TN-MKT-SAL-045","TN-COM-ONI","Medium","Rabi","true"
"TN-MKT-SAL-045","TN-COM-POT","High","Rabi","true"
"TN-MKT-SAL-045","TN-COM-BRI","Medium","Year-Round","true"
"TN-MKT-SAL-045","TN-COM-CHL","High","Kharif","false"
"TN-MKT-SAL-045","TN-COM-BHE","Medium","Year-Round","false"
"TN-MKT-SAL-045","TN-COM-DRM","High","Year-Round","false"
"TN-MKT-SAL-045","TN-COM-BAN","Medium","Year-Round","false"
"TN-MKT-SAL-045","TN-COM-COC","High","Year-Round","false"
"TN-MKT-SAL-045","TN-COM-GND","Medium","Kharif","false"
"TN-MKT-SAL-045","TN-COM-TUR","High","Rabi","false"
"TN-MKT-SAL-045","TN-COM-SUG","Medium","Year-Round","false"
"TN-MKT-SAL-045","TN-COM-PAD","High","Kharif","false"
"TN-MKT-SAL-045","TN-COM-COT","Medium","Kharif","false"
"TN-MKT-SAL-045","TN-COM-MAN","High","Zaid","false"
"TN-MKT-SAL-045","TN-COM-JAS","Medium","Year-Round","false"
"TN-MKT-SAL-046","TN-COM-TOM","High","Year-Round","true"
"TN-MKT-SAL-046","TN-COM-ONI","Medium","Rabi","true"
"TN-MKT-SAL-046","TN-COM-POT","High","Rabi","true"
"TN-MKT-SAL-046","TN-COM-BRI","Medium","Year-Round","true"
"TN-MKT-SAL-046","TN-COM-CHL","High","Kharif","false"
"TN-MKT-SAL-046","TN-COM-BHE","Medium","Year-Round","false"
"TN-MKT-SAL-046","TN-COM-DRM","High","Year-Round","false"
"TN-MKT-SAL-046","TN-COM-BAN","Medium","Year-Round","false"
"TN-MKT-SAL-046","TN-COM-COC","High","Year-Round","false"
"TN-MKT-SAL-046","TN-COM-GND","Medium","Kharif","false"
"TN-MKT-SAL-046","TN-COM-TUR","High","Rabi","false"
"TN-MKT-SAL-046","TN-COM-SUG","Medium","Year-Round","false"
"TN-MKT-SAL-046","TN-COM-PAD","High","Kharif","false"
"TN-MKT-SAL-046","TN-COM-COT","Medium","Kharif","false"
"TN-MKT-SAL-046","TN-COM-MAN","High","Zaid","false"
"TN-MKT-SAL-046","TN-COM-JAS","Medium","Year-Round","false"
"TN-MKT-SAL-047","TN-COM-TOM","High","Year-Round","true"
"TN-MKT-SAL-047","TN-COM-ONI","Medium","Rabi","true"
"TN-MKT-SAL-047","TN-COM-POT","High","Rabi","true"
"TN-MKT-SAL-047","TN-COM-BRI","Medium","Year-Round","true"
"TN-MKT-SAL-047","TN-COM-CHL","High","Kharif","false"
"TN-MKT-SAL-047","TN-COM-BHE","Medium","Year-Round","false"
"TN-MKT-SAL-047","TN-COM-DRM","High","Year-Round","false"
"TN-MKT-SAL-047","TN-COM-BAN","Medium","Year-Round","false"
"TN-MKT-SAL-047","TN-COM-COC","High","Year-Round","false"
"TN-MKT-SAL-047","TN-COM-GND","Medium","Kharif","false"
"TN-MKT-SAL-047","TN-COM-TUR","High","Rabi","false"
"TN-MKT-SAL-047","TN-COM-SUG","Medium","Year-Round","false"
"TN-MKT-SAL-047","TN-COM-PAD","High","Kharif","false"
"TN-MKT-SAL-047","TN-COM-COT","Medium","Kharif","false"
"TN-MKT-SAL-047","TN-COM-MAN","High","Zaid","false"
"TN-MKT-SAL-047","TN-COM-JAS","Medium","Year-Round","false"
"TN-MKT-SAL-048","TN-COM-TOM","High","Year-Round","true"
"TN-MKT-SAL-048","TN-COM-ONI","Medium","Rabi","true"
"TN-MKT-SAL-048","TN-COM-POT","High","Rabi","true"
"TN-MKT-SAL-048","TN-COM-BRI","Medium","Year-Round","true"
"TN-MKT-SAL-048","TN-COM-CHL","High","Kharif","false"
"TN-MKT-SAL-048","TN-COM-BHE","Medium","Year-Round","false"
"TN-MKT-SAL-048","TN-COM-DRM","High","Year-Round","false"
"TN-MKT-SAL-048","TN-COM-BAN","Medium","Year-Round","false"
"TN-MKT-SAL-048","TN-COM-COC","High","Year-Round","false"
"TN-MKT-SAL-048","TN-COM-GND","Medium","Kharif","false"
"TN-MKT-SAL-048","TN-COM-TUR","High","Rabi","false"
"TN-MKT-SAL-048","TN-COM-SUG","Medium","Year-Round","false"
"TN-MKT-SAL-048","TN-COM-PAD","High","Kharif","false"
"TN-MKT-SAL-048","TN-COM-COT","Medium","Kharif","false"
"TN-MKT-SAL-048","TN-COM-MAN","High","Zaid","false"
"TN-MKT-SAL-048","TN-COM-JAS","Medium","Year-Round","false"
"TN-MKT-SAL-049","TN-COM-TOM","High","Year-Round","true"
"TN-MKT-SAL-049","TN-COM-ONI","Medium","Rabi","true"
"TN-MKT-SAL-049","TN-COM-POT","High","Rabi","true"
"TN-MKT-SAL-049","TN-COM-BRI","Medium","Year-Round","true"
"TN-MKT-SAL-049","TN-COM-CHL","High","Kharif","false"
"TN-MKT-SAL-049","TN-COM-BHE","Medium","Year-Round","false"
"TN-MKT-SAL-049","TN-COM-DRM","High","Year-Round","false"
"TN-MKT-SAL-049","TN-COM-BAN","Medium","Year-Round","false"
"TN-MKT-SAL-049","TN-COM-COC","High","Year-Round","false"
"TN-MKT-SAL-049","TN-COM-GND","Medium","Kharif","false"
"TN-MKT-SAL-049","TN-COM-TUR","High","Rabi","false"
"TN-MKT-SAL-049","TN-COM-SUG","Medium","Year-Round","false"
"TN-MKT-SAL-049","TN-COM-PAD","High","Kharif","false"
"TN-MKT-SAL-049","TN-COM-COT","Medium","Kharif","false"
"TN-MKT-SAL-049","TN-COM-MAN","High","Zaid","false"
"TN-MKT-SAL-049","TN-COM-JAS","Medium","Year-Round","false"
"TN-MKT-SAL-050","TN-COM-TOM","High","Year-Round","true"
"TN-MKT-SAL-050","TN-COM-ONI","Medium","Rabi","true"
"TN-MKT-SAL-050","TN-COM-POT","High","Rabi","true"
"TN-MKT-SAL-050","TN-COM-BRI","Medium","Year-Round","true"
"TN-MKT-SAL-050","TN-COM-CHL","High","Kharif","false"
"TN-MKT-SAL-050","TN-COM-BHE","Medium","Year-Round","false"
"TN-MKT-SAL-050","TN-COM-DRM","High","Year-Round","false"
"TN-MKT-SAL-050","TN-COM-BAN","Medium","Year-Round","false"
"TN-MKT-SAL-050","TN-COM-COC","High","Year-Round","false"
"TN-MKT-SAL-050","TN-COM-GND","Medium","Kharif","false"
"TN-MKT-SAL-050","TN-COM-TUR","High","Rabi","false"
"TN-MKT-SAL-050","TN-COM-SUG","Medium","Year-Round","false"
"TN-MKT-SAL-050","TN-COM-PAD","High","Kharif","false"
"TN-MKT-SAL-050","TN-COM-COT","Medium","Kharif","false"
"TN-MKT-SAL-050","TN-COM-MAN","High","Zaid","false"
"TN-MKT-SAL-050","TN-COM-JAS","Medium","Year-Round","false"
"TN-MKT-SAL-051","TN-COM-TOM","High","Year-Round","true"
"TN-MKT-SAL-051","TN-COM-ONI","Medium","Rabi","true"
"TN-MKT-SAL-051","TN-COM-POT","High","Rabi","true"
"TN-MKT-SAL-051","TN-COM-BRI","Medium","Year-Round","true"
"TN-MKT-SAL-051","TN-COM-CHL","High","Kharif","false"
"TN-MKT-SAL-051","TN-COM-BHE","Medium","Year-Round","false"
"TN-MKT-SAL-051","TN-COM-DRM","High","Year-Round","false"
"TN-MKT-SAL-051","TN-COM-BAN","Medium","Year-Round","false"
"TN-MKT-SAL-051","TN-COM-COC","High","Year-Round","false"
"TN-MKT-SAL-051","TN-COM-GND","Medium","Kharif","false"
"TN-MKT-SAL-051","TN-COM-TUR","High","Rabi","false"
"TN-MKT-SAL-051","TN-COM-SUG","Medium","Year-Round","false"
"TN-MKT-SAL-051","TN-COM-PAD","High","Kharif","false"
"TN-MKT-SAL-051","TN-COM-COT","Medium","Kharif","false"
"TN-MKT-SAL-051","TN-COM-MAN","High","Zaid","false"
"TN-MKT-SAL-051","TN-COM-JAS","Medium","Year-Round","false"
"TN-MKT-SAL-052","TN-COM-TOM","High","Year-Round","true"
"TN-MKT-SAL-052","TN-COM-ONI","Medium","Rabi","true"
"TN-MKT-SAL-052","TN-COM-POT","High","Rabi","true"
"TN-MKT-SAL-052","TN-COM-BRI","Medium","Year-Round","true"
"TN-MKT-SAL-052","TN-COM-CHL","High","Kharif","false"
"TN-MKT-SAL-052","TN-COM-BHE","Medium","Year-Round","false"
"TN-MKT-SAL-052","TN-COM-DRM","High","Year-Round","false"
"TN-MKT-SAL-052","TN-COM-BAN","Medium","Year-Round","false"
"TN-MKT-SAL-052","TN-COM-COC","High","Year-Round","false"
"TN-MKT-SAL-052","TN-COM-GND","Medium","Kharif","false"
"TN-MKT-SAL-052","TN-COM-TUR","High","Rabi","false"
"TN-MKT-SAL-052","TN-COM-SUG","Medium","Year-Round","false"
"TN-MKT-SAL-052","TN-COM-PAD","High","Kharif","false"
"TN-MKT-SAL-052","TN-COM-COT","Medium","Kharif","false"
"TN-MKT-SAL-052","TN-COM-MAN","High","Zaid","false"
"TN-MKT-SAL-052","TN-COM-JAS","Medium","Year-Round","false"
"TN-MKT-SAL-053","TN-COM-TOM","High","Year-Round","true"
"TN-MKT-SAL-053","TN-COM-ONI","Medium","Rabi","true"
"TN-MKT-SAL-053","TN-COM-POT","High","Rabi","true"
"TN-MKT-SAL-053","TN-COM-BRI","Medium","Year-Round","true"
"TN-MKT-SAL-053","TN-COM-CHL","High","Kharif","false"
"TN-MKT-SAL-053","TN-COM-BHE","Medium","Year-Round","false"
"TN-MKT-SAL-053","TN-COM-DRM","High","Year-Round","false"
"TN-MKT-SAL-053","TN-COM-BAN","Medium","Year-Round","false"
"TN-MKT-SAL-053","TN-COM-COC","High","Year-Round","false"
"TN-MKT-SAL-053","TN-COM-GND","Medium","Kharif","false"
"TN-MKT-SAL-053","TN-COM-TUR","High","Rabi","false"
"TN-MKT-SAL-053","TN-COM-SUG","Medium","Year-Round","false"
"TN-MKT-SAL-053","TN-COM-PAD","High","Kharif","false"
"TN-MKT-SAL-053","TN-COM-COT","Medium","Kharif","false"
"TN-MKT-SAL-053","TN-COM-MAN","High","Zaid","false"
"TN-MKT-SAL-053","TN-COM-JAS","Medium","Year-Round","false"
"TN-MKT-ERO-054","TN-COM-TOM","High","Year-Round","true"
"TN-MKT-ERO-054","TN-COM-ONI","Medium","Rabi","true"
"TN-MKT-ERO-054","TN-COM-POT","High","Rabi","true"
"TN-MKT-ERO-054","TN-COM-BRI","Medium","Year-Round","true"
"TN-MKT-ERO-054","TN-COM-CHL","High","Kharif","false"
"TN-MKT-ERO-054","TN-COM-BHE","Medium","Year-Round","false"
"TN-MKT-ERO-054","TN-COM-DRM","High","Year-Round","false"
"TN-MKT-ERO-054","TN-COM-BAN","Medium","Year-Round","false"
"TN-MKT-ERO-054","TN-COM-COC","High","Year-Round","false"
"TN-MKT-ERO-054","TN-COM-GND","Medium","Kharif","false"
"TN-MKT-ERO-054","TN-COM-TUR","High","Rabi","false"
"TN-MKT-ERO-054","TN-COM-SUG","Medium","Year-Round","false"
"TN-MKT-ERO-054","TN-COM-PAD","High","Kharif","false"
"TN-MKT-ERO-054","TN-COM-COT","Medium","Kharif","false"
"TN-MKT-ERO-054","TN-COM-MAN","High","Zaid","false"
"TN-MKT-ERO-054","TN-COM-JAS","Medium","Year-Round","false"
"TN-MKT-ERO-055","TN-COM-TOM","High","Year-Round","true"
"TN-MKT-ERO-055","TN-COM-ONI","Medium","Rabi","true"
"TN-MKT-ERO-055","TN-COM-POT","High","Rabi","true"
"TN-MKT-ERO-055","TN-COM-BRI","Medium","Year-Round","true"
"TN-MKT-ERO-055","TN-COM-CHL","High","Kharif","false"
"TN-MKT-ERO-055","TN-COM-BHE","Medium","Year-Round","false"
"TN-MKT-ERO-055","TN-COM-DRM","High","Year-Round","false"
"TN-MKT-ERO-055","TN-COM-BAN","Medium","Year-Round","false"
"TN-MKT-ERO-055","TN-COM-COC","High","Year-Round","false"
"TN-MKT-ERO-055","TN-COM-GND","Medium","Kharif","false"
"TN-MKT-ERO-055","TN-COM-TUR","High","Rabi","false"
"TN-MKT-ERO-055","TN-COM-SUG","Medium","Year-Round","false"
"TN-MKT-ERO-055","TN-COM-PAD","High","Kharif","false"
"TN-MKT-ERO-055","TN-COM-COT","Medium","Kharif","false"
"TN-MKT-ERO-055","TN-COM-MAN","High","Zaid","false"
"TN-MKT-ERO-055","TN-COM-JAS","Medium","Year-Round","false"
"TN-MKT-ERO-056","TN-COM-TOM","High","Year-Round","true"
"TN-MKT-ERO-056","TN-COM-ONI","Medium","Rabi","true"
"TN-MKT-ERO-056","TN-COM-POT","High","Rabi","true"
"TN-MKT-ERO-056","TN-COM-BRI","Medium","Year-Round","true"
"TN-MKT-ERO-056","TN-COM-CHL","High","Kharif","false"
"TN-MKT-ERO-056","TN-COM-BHE","Medium","Year-Round","false"
"TN-MKT-ERO-056","TN-COM-DRM","High","Year-Round","false"
"TN-MKT-ERO-056","TN-COM-BAN","Medium","Year-Round","false"
"TN-MKT-ERO-056","TN-COM-COC","High","Year-Round","false"
"TN-MKT-ERO-056","TN-COM-GND","Medium","Kharif","false"
"TN-MKT-ERO-056","TN-COM-TUR","High","Rabi","false"
"TN-MKT-ERO-056","TN-COM-SUG","Medium","Year-Round","false"
"TN-MKT-ERO-056","TN-COM-PAD","High","Kharif","false"
"TN-MKT-ERO-056","TN-COM-COT","Medium","Kharif","false"
"TN-MKT-ERO-056","TN-COM-MAN","High","Zaid","false"
"TN-MKT-ERO-056","TN-COM-JAS","Medium","Year-Round","false"
"TN-MKT-ERO-057","TN-COM-TOM","High","Year-Round","true"
"TN-MKT-ERO-057","TN-COM-ONI","Medium","Rabi","true"
"TN-MKT-ERO-057","TN-COM-POT","High","Rabi","true"
"TN-MKT-ERO-057","TN-COM-BRI","Medium","Year-Round","true"
"TN-MKT-ERO-057","TN-COM-CHL","High","Kharif","false"
"TN-MKT-ERO-057","TN-COM-BHE","Medium","Year-Round","false"
"TN-MKT-ERO-057","TN-COM-DRM","High","Year-Round","false"
"TN-MKT-ERO-057","TN-COM-BAN","Medium","Year-Round","false"
"TN-MKT-ERO-057","TN-COM-COC","High","Year-Round","false"
"TN-MKT-ERO-057","TN-COM-GND","Medium","Kharif","false"
"TN-MKT-ERO-057","TN-COM-TUR","High","Rabi","false"
"TN-MKT-ERO-057","TN-COM-SUG","Medium","Year-Round","false"
"TN-MKT-ERO-057","TN-COM-PAD","High","Kharif","false"
"TN-MKT-ERO-057","TN-COM-COT","Medium","Kharif","false"
"TN-MKT-ERO-057","TN-COM-MAN","High","Zaid","false"
"TN-MKT-ERO-057","TN-COM-JAS","Medium","Year-Round","false"
"TN-MKT-ERO-058","TN-COM-TOM","High","Year-Round","true"
"TN-MKT-ERO-058","TN-COM-ONI","Medium","Rabi","true"
"TN-MKT-ERO-058","TN-COM-POT","High","Rabi","true"
"TN-MKT-ERO-058","TN-COM-BRI","Medium","Year-Round","true"
"TN-MKT-ERO-058","TN-COM-CHL","High","Kharif","false"
"TN-MKT-ERO-058","TN-COM-BHE","Medium","Year-Round","false"
"TN-MKT-ERO-058","TN-COM-DRM","High","Year-Round","false"
"TN-MKT-ERO-058","TN-COM-BAN","Medium","Year-Round","false"
"TN-MKT-ERO-058","TN-COM-COC","High","Year-Round","false"
"TN-MKT-ERO-058","TN-COM-GND","Medium","Kharif","false"
"TN-MKT-ERO-058","TN-COM-TUR","High","Rabi","false"
"TN-MKT-ERO-058","TN-COM-SUG","Medium","Year-Round","false"
"TN-MKT-ERO-058","TN-COM-PAD","High","Kharif","false"
"TN-MKT-ERO-058","TN-COM-COT","Medium","Kharif","false"
"TN-MKT-ERO-058","TN-COM-MAN","High","Zaid","false"
"TN-MKT-ERO-058","TN-COM-JAS","Medium","Year-Round","false"
"TN-MKT-ERO-059","TN-COM-TOM","High","Year-Round","true"
"TN-MKT-ERO-059","TN-COM-ONI","Medium","Rabi","true"
"TN-MKT-ERO-059","TN-COM-POT","High","Rabi","true"
"TN-MKT-ERO-059","TN-COM-BRI","Medium","Year-Round","true"
"TN-MKT-ERO-059","TN-COM-CHL","High","Kharif","false"
"TN-MKT-ERO-059","TN-COM-BHE","Medium","Year-Round","false"
"TN-MKT-ERO-059","TN-COM-DRM","High","Year-Round","false"
"TN-MKT-ERO-059","TN-COM-BAN","Medium","Year-Round","false"
"TN-MKT-ERO-059","TN-COM-COC","High","Year-Round","false"
"TN-MKT-ERO-059","TN-COM-GND","Medium","Kharif","false"
"TN-MKT-ERO-059","TN-COM-TUR","High","Rabi","false"
"TN-MKT-ERO-059","TN-COM-SUG","Medium","Year-Round","false"
"TN-MKT-ERO-059","TN-COM-PAD","High","Kharif","false"
"TN-MKT-ERO-059","TN-COM-COT","Medium","Kharif","false"
"TN-MKT-ERO-059","TN-COM-MAN","High","Zaid","false"
"TN-MKT-ERO-059","TN-COM-JAS","Medium","Year-Round","false"
"TN-MKT-COI-060","TN-COM-TOM","High","Year-Round","true"
"TN-MKT-COI-060","TN-COM-ONI","Medium","Rabi","true"
"TN-MKT-COI-060","TN-COM-POT","High","Rabi","true"
"TN-MKT-COI-060","TN-COM-BRI","Medium","Year-Round","true"
"TN-MKT-COI-060","TN-COM-CHL","High","Kharif","false"
"TN-MKT-COI-060","TN-COM-BHE","Medium","Year-Round","false"
"TN-MKT-COI-060","TN-COM-DRM","High","Year-Round","false"
"TN-MKT-COI-060","TN-COM-BAN","Medium","Year-Round","false"
"TN-MKT-COI-060","TN-COM-COC","High","Year-Round","false"
"TN-MKT-COI-060","TN-COM-GND","Medium","Kharif","false"
"TN-MKT-COI-060","TN-COM-TUR","High","Rabi","false"
"TN-MKT-COI-060","TN-COM-SUG","Medium","Year-Round","false"
"TN-MKT-COI-060","TN-COM-PAD","High","Kharif","false"
"TN-MKT-COI-060","TN-COM-COT","Medium","Kharif","false"
"TN-MKT-COI-060","TN-COM-MAN","High","Zaid","false"
"TN-MKT-COI-060","TN-COM-JAS","Medium","Year-Round","false"
"TN-MKT-COI-061","TN-COM-TOM","High","Year-Round","true"
"TN-MKT-COI-061","TN-COM-ONI","Medium","Rabi","true"
"TN-MKT-COI-061","TN-COM-POT","High","Rabi","true"
"TN-MKT-COI-061","TN-COM-BRI","Medium","Year-Round","true"
"TN-MKT-COI-061","TN-COM-CHL","High","Kharif","false"
"TN-MKT-COI-061","TN-COM-BHE","Medium","Year-Round","false"
"TN-MKT-COI-061","TN-COM-DRM","High","Year-Round","false"
"TN-MKT-COI-061","TN-COM-BAN","Medium","Year-Round","false"
"TN-MKT-COI-061","TN-COM-COC","High","Year-Round","false"
"TN-MKT-COI-061","TN-COM-GND","Medium","Kharif","false"
"TN-MKT-COI-061","TN-COM-TUR","High","Rabi","false"
"TN-MKT-COI-061","TN-COM-SUG","Medium","Year-Round","false"
"TN-MKT-COI-061","TN-COM-PAD","High","Kharif","false"
"TN-MKT-COI-061","TN-COM-COT","Medium","Kharif","false"
"TN-MKT-COI-061","TN-COM-MAN","High","Zaid","false"
"TN-MKT-COI-061","TN-COM-JAS","Medium","Year-Round","false"
"TN-MKT-COI-062","TN-COM-TOM","High","Year-Round","true"
"TN-MKT-COI-062","TN-COM-ONI","Medium","Rabi","true"
"TN-MKT-COI-062","TN-COM-POT","High","Rabi","true"
"TN-MKT-COI-062","TN-COM-BRI","Medium","Year-Round","true"
"TN-MKT-COI-062","TN-COM-CHL","High","Kharif","false"
"TN-MKT-COI-062","TN-COM-BHE","Medium","Year-Round","false"
"TN-MKT-COI-062","TN-COM-DRM","High","Year-Round","false"
"TN-MKT-COI-062","TN-COM-BAN","Medium","Year-Round","false"
"TN-MKT-COI-062","TN-COM-COC","High","Year-Round","false"
"TN-MKT-COI-062","TN-COM-GND","Medium","Kharif","false"
"TN-MKT-COI-062","TN-COM-TUR","High","Rabi","false"
"TN-MKT-COI-062","TN-COM-SUG","Medium","Year-Round","false"
"TN-MKT-COI-062","TN-COM-PAD","High","Kharif","false"
"TN-MKT-COI-062","TN-COM-COT","Medium","Kharif","false"
"TN-MKT-COI-062","TN-COM-MAN","High","Zaid","false"
"TN-MKT-COI-062","TN-COM-JAS","Medium","Year-Round","false"
"TN-MKT-COI-063","TN-COM-TOM","High","Year-Round","true"
"TN-MKT-COI-063","TN-COM-ONI","Medium","Rabi","true"
"TN-MKT-COI-063","TN-COM-POT","High","Rabi","true"
"TN-MKT-COI-063","TN-COM-BRI","Medium","Year-Round","true"
"TN-MKT-COI-063","TN-COM-CHL","High","Kharif","false"
"TN-MKT-COI-063","TN-COM-BHE","Medium","Year-Round","false"
"TN-MKT-COI-063","TN-COM-DRM","High","Year-Round","false"
"TN-MKT-COI-063","TN-COM-BAN","Medium","Year-Round","false"
"TN-MKT-COI-063","TN-COM-COC","High","Year-Round","false"
"TN-MKT-COI-063","TN-COM-GND","Medium","Kharif","false"
"TN-MKT-COI-063","TN-COM-TUR","High","Rabi","false"
"TN-MKT-COI-063","TN-COM-SUG","Medium","Year-Round","false"
"TN-MKT-COI-063","TN-COM-PAD","High","Kharif","false"
"TN-MKT-COI-063","TN-COM-COT","Medium","Kharif","false"
"TN-MKT-COI-063","TN-COM-MAN","High","Zaid","false"
"TN-MKT-COI-063","TN-COM-JAS","Medium","Year-Round","false"
"TN-MKT-COI-064","TN-COM-TOM","High","Year-Round","true"
"TN-MKT-COI-064","TN-COM-ONI","Medium","Rabi","true"
"TN-MKT-COI-064","TN-COM-POT","High","Rabi","true"
"TN-MKT-COI-064","TN-COM-BRI","Medium","Year-Round","true"
"TN-MKT-COI-064","TN-COM-CHL","High","Kharif","false"
"TN-MKT-COI-064","TN-COM-BHE","Medium","Year-Round","false"
"TN-MKT-COI-064","TN-COM-DRM","High","Year-Round","false"
"TN-MKT-COI-064","TN-COM-BAN","Medium","Year-Round","false"
"TN-MKT-COI-064","TN-COM-COC","High","Year-Round","false"
"TN-MKT-COI-064","TN-COM-GND","Medium","Kharif","false"
"TN-MKT-COI-064","TN-COM-TUR","High","Rabi","false"
"TN-MKT-COI-064","TN-COM-SUG","Medium","Year-Round","false"
"TN-MKT-COI-064","TN-COM-PAD","High","Kharif","false"
"TN-MKT-COI-064","TN-COM-COT","Medium","Kharif","false"
"TN-MKT-COI-064","TN-COM-MAN","High","Zaid","false"
"TN-MKT-COI-064","TN-COM-JAS","Medium","Year-Round","false"
"TN-MKT-COI-065","TN-COM-TOM","High","Year-Round","true"
"TN-MKT-COI-065","TN-COM-ONI","Medium","Rabi","true"
"TN-MKT-COI-065","TN-COM-POT","High","Rabi","true"
"TN-MKT-COI-065","TN-COM-BRI","Medium","Year-Round","true"
"TN-MKT-COI-065","TN-COM-CHL","High","Kharif","false"
"TN-MKT-COI-065","TN-COM-BHE","Medium","Year-Round","false"
"TN-MKT-COI-065","TN-COM-DRM","High","Year-Round","false"
"TN-MKT-COI-065","TN-COM-BAN","Medium","Year-Round","false"
"TN-MKT-COI-065","TN-COM-COC","High","Year-Round","false"
"TN-MKT-COI-065","TN-COM-GND","Medium","Kharif","false"
"TN-MKT-COI-065","TN-COM-TUR","High","Rabi","false"
"TN-MKT-COI-065","TN-COM-SUG","Medium","Year-Round","false"
"TN-MKT-COI-065","TN-COM-PAD","High","Kharif","false"
"TN-MKT-COI-065","TN-COM-COT","Medium","Kharif","false"
"TN-MKT-COI-065","TN-COM-MAN","High","Zaid","false"
"TN-MKT-COI-065","TN-COM-JAS","Medium","Year-Round","false"
"TN-MKT-COI-066","TN-COM-TOM","High","Year-Round","true"
"TN-MKT-COI-066","TN-COM-ONI","Medium","Rabi","true"
"TN-MKT-COI-066","TN-COM-POT","High","Rabi","true"
"TN-MKT-COI-066","TN-COM-BRI","Medium","Year-Round","true"
"TN-MKT-COI-066","TN-COM-CHL","High","Kharif","false"
"TN-MKT-COI-066","TN-COM-BHE","Medium","Year-Round","false"
"TN-MKT-COI-066","TN-COM-DRM","High","Year-Round","false"
"TN-MKT-COI-066","TN-COM-BAN","Medium","Year-Round","false"
"TN-MKT-COI-066","TN-COM-COC","High","Year-Round","false"
"TN-MKT-COI-066","TN-COM-GND","Medium","Kharif","false"
"TN-MKT-COI-066","TN-COM-TUR","High","Rabi","false"
"TN-MKT-COI-066","TN-COM-SUG","Medium","Year-Round","false"
"TN-MKT-COI-066","TN-COM-PAD","High","Kharif","false"
"TN-MKT-COI-066","TN-COM-COT","Medium","Kharif","false"
"TN-MKT-COI-066","TN-COM-MAN","High","Zaid","false"
"TN-MKT-COI-066","TN-COM-JAS","Medium","Year-Round","false"
"TN-MKT-COI-067","TN-COM-TOM","High","Year-Round","true"
"TN-MKT-COI-067","TN-COM-ONI","Medium","Rabi","true"
"TN-MKT-COI-067","TN-COM-POT","High","Rabi","true"
"TN-MKT-COI-067","TN-COM-BRI","Medium","Year-Round","true"
"TN-MKT-COI-067","TN-COM-CHL","High","Kharif","false"
"TN-MKT-COI-067","TN-COM-BHE","Medium","Year-Round","false"
"TN-MKT-COI-067","TN-COM-DRM","High","Year-Round","false"
"TN-MKT-COI-067","TN-COM-BAN","Medium","Year-Round","false"
"TN-MKT-COI-067","TN-COM-COC","High","Year-Round","false"
"TN-MKT-COI-067","TN-COM-GND","Medium","Kharif","false"
"TN-MKT-COI-067","TN-COM-TUR","High","Rabi","false"
"TN-MKT-COI-067","TN-COM-SUG","Medium","Year-Round","false"
"TN-MKT-COI-067","TN-COM-PAD","High","Kharif","false"
"TN-MKT-COI-067","TN-COM-COT","Medium","Kharif","false"
"TN-MKT-COI-067","TN-COM-MAN","High","Zaid","false"
"TN-MKT-COI-067","TN-COM-JAS","Medium","Year-Round","false"
"TN-MKT-DHA-068","TN-COM-TOM","High","Year-Round","true"
"TN-MKT-DHA-068","TN-COM-ONI","Medium","Rabi","true"
"TN-MKT-DHA-068","TN-COM-POT","High","Rabi","true"
"TN-MKT-DHA-068","TN-COM-BRI","Medium","Year-Round","true"
"TN-MKT-DHA-068","TN-COM-CHL","High","Kharif","false"
"TN-MKT-DHA-068","TN-COM-BHE","Medium","Year-Round","false"
"TN-MKT-DHA-068","TN-COM-DRM","High","Year-Round","false"
"TN-MKT-DHA-068","TN-COM-BAN","Medium","Year-Round","false"
"TN-MKT-DHA-068","TN-COM-COC","High","Year-Round","false"
"TN-MKT-DHA-068","TN-COM-GND","Medium","Kharif","false"
"TN-MKT-DHA-068","TN-COM-TUR","High","Rabi","false"
"TN-MKT-DHA-068","TN-COM-SUG","Medium","Year-Round","false"
"TN-MKT-DHA-068","TN-COM-PAD","High","Kharif","false"
"TN-MKT-DHA-068","TN-COM-COT","Medium","Kharif","false"
"TN-MKT-DHA-068","TN-COM-MAN","High","Zaid","false"
"TN-MKT-DHA-068","TN-COM-JAS","Medium","Year-Round","false"
"TN-MKT-DHA-069","TN-COM-TOM","High","Year-Round","true"
"TN-MKT-DHA-069","TN-COM-ONI","Medium","Rabi","true"
"TN-MKT-DHA-069","TN-COM-POT","High","Rabi","true"
"TN-MKT-DHA-069","TN-COM-BRI","Medium","Year-Round","true"
"TN-MKT-DHA-069","TN-COM-CHL","High","Kharif","false"
"TN-MKT-DHA-069","TN-COM-BHE","Medium","Year-Round","false"
"TN-MKT-DHA-069","TN-COM-DRM","High","Year-Round","false"
"TN-MKT-DHA-069","TN-COM-BAN","Medium","Year-Round","false"
"TN-MKT-DHA-069","TN-COM-COC","High","Year-Round","false"
"TN-MKT-DHA-069","TN-COM-GND","Medium","Kharif","false"
"TN-MKT-DHA-069","TN-COM-TUR","High","Rabi","false"
"TN-MKT-DHA-069","TN-COM-SUG","Medium","Year-Round","false"
"TN-MKT-DHA-069","TN-COM-PAD","High","Kharif","false"
"TN-MKT-DHA-069","TN-COM-COT","Medium","Kharif","false"
"TN-MKT-DHA-069","TN-COM-MAN","High","Zaid","false"
"TN-MKT-DHA-069","TN-COM-JAS","Medium","Year-Round","false"
"TN-MKT-DHA-070","TN-COM-TOM","High","Year-Round","true"
"TN-MKT-DHA-070","TN-COM-ONI","Medium","Rabi","true"
"TN-MKT-DHA-070","TN-COM-POT","High","Rabi","true"
"TN-MKT-DHA-070","TN-COM-BRI","Medium","Year-Round","true"
"TN-MKT-DHA-070","TN-COM-CHL","High","Kharif","false"
"TN-MKT-DHA-070","TN-COM-BHE","Medium","Year-Round","false"
"TN-MKT-DHA-070","TN-COM-DRM","High","Year-Round","false"
"TN-MKT-DHA-070","TN-COM-BAN","Medium","Year-Round","false"
"TN-MKT-DHA-070","TN-COM-COC","High","Year-Round","false"
"TN-MKT-DHA-070","TN-COM-GND","Medium","Kharif","false"
"TN-MKT-DHA-070","TN-COM-TUR","High","Rabi","false"
"TN-MKT-DHA-070","TN-COM-SUG","Medium","Year-Round","false"
"TN-MKT-DHA-070","TN-COM-PAD","High","Kharif","false"
"TN-MKT-DHA-070","TN-COM-COT","Medium","Kharif","false"
"TN-MKT-DHA-070","TN-COM-MAN","High","Zaid","false"
"TN-MKT-DHA-070","TN-COM-JAS","Medium","Year-Round","false"
"TN-MKT-DHA-071","TN-COM-TOM","High","Year-Round","true"
"TN-MKT-DHA-071","TN-COM-ONI","Medium","Rabi","true"
"TN-MKT-DHA-071","TN-COM-POT","High","Rabi","true"
"TN-MKT-DHA-071","TN-COM-BRI","Medium","Year-Round","true"
"TN-MKT-DHA-071","TN-COM-CHL","High","Kharif","false"
"TN-MKT-DHA-071","TN-COM-BHE","Medium","Year-Round","false"
"TN-MKT-DHA-071","TN-COM-DRM","High","Year-Round","false"
"TN-MKT-DHA-071","TN-COM-BAN","Medium","Year-Round","false"
"TN-MKT-DHA-071","TN-COM-COC","High","Year-Round","false"
"TN-MKT-DHA-071","TN-COM-GND","Medium","Kharif","false"
"TN-MKT-DHA-071","TN-COM-TUR","High","Rabi","false"
"TN-MKT-DHA-071","TN-COM-SUG","Medium","Year-Round","false"
"TN-MKT-DHA-071","TN-COM-PAD","High","Kharif","false"
"TN-MKT-DHA-071","TN-COM-COT","Medium","Kharif","false"
"TN-MKT-DHA-071","TN-COM-MAN","High","Zaid","false"
"TN-MKT-DHA-071","TN-COM-JAS","Medium","Year-Round","false"
"TN-MKT-DHA-072","TN-COM-TOM","High","Year-Round","true"
"TN-MKT-DHA-072","TN-COM-ONI","Medium","Rabi","true"
"TN-MKT-DHA-072","TN-COM-POT","High","Rabi","true"
"TN-MKT-DHA-072","TN-COM-BRI","Medium","Year-Round","true"
"TN-MKT-DHA-072","TN-COM-CHL","High","Kharif","false"
"TN-MKT-DHA-072","TN-COM-BHE","Medium","Year-Round","false"
"TN-MKT-DHA-072","TN-COM-DRM","High","Year-Round","false"
"TN-MKT-DHA-072","TN-COM-BAN","Medium","Year-Round","false"
"TN-MKT-DHA-072","TN-COM-COC","High","Year-Round","false"
"TN-MKT-DHA-072","TN-COM-GND","Medium","Kharif","false"
"TN-MKT-DHA-072","TN-COM-TUR","High","Rabi","false"
"TN-MKT-DHA-072","TN-COM-SUG","Medium","Year-Round","false"
"TN-MKT-DHA-072","TN-COM-PAD","High","Kharif","false"
"TN-MKT-DHA-072","TN-COM-COT","Medium","Kharif","false"
"TN-MKT-DHA-072","TN-COM-MAN","High","Zaid","false"
"TN-MKT-DHA-072","TN-COM-JAS","Medium","Year-Round","false"
"TN-MKT-DHA-073","TN-COM-TOM","High","Year-Round","true"
"TN-MKT-DHA-073","TN-COM-ONI","Medium","Rabi","true"
"TN-MKT-DHA-073","TN-COM-POT","High","Rabi","true"
"TN-MKT-DHA-073","TN-COM-BRI","Medium","Year-Round","true"
"TN-MKT-DHA-073","TN-COM-CHL","High","Kharif","false"
"TN-MKT-DHA-073","TN-COM-BHE","Medium","Year-Round","false"
"TN-MKT-DHA-073","TN-COM-DRM","High","Year-Round","false"
"TN-MKT-DHA-073","TN-COM-BAN","Medium","Year-Round","false"
"TN-MKT-DHA-073","TN-COM-COC","High","Year-Round","false"
"TN-MKT-DHA-073","TN-COM-GND","Medium","Kharif","false"
"TN-MKT-DHA-073","TN-COM-TUR","High","Rabi","false"
"TN-MKT-DHA-073","TN-COM-SUG","Medium","Year-Round","false"
"TN-MKT-DHA-073","TN-COM-PAD","High","Kharif","false"
"TN-MKT-DHA-073","TN-COM-COT","Medium","Kharif","false"
"TN-MKT-DHA-073","TN-COM-MAN","High","Zaid","false"
"TN-MKT-DHA-073","TN-COM-JAS","Medium","Year-Round","false"
"TN-MKT-KRI-074","TN-COM-TOM","High","Year-Round","true"
"TN-MKT-KRI-074","TN-COM-ONI","Medium","Rabi","true"
"TN-MKT-KRI-074","TN-COM-POT","High","Rabi","true"
"TN-MKT-KRI-074","TN-COM-BRI","Medium","Year-Round","true"
"TN-MKT-KRI-074","TN-COM-CHL","High","Kharif","false"
"TN-MKT-KRI-074","TN-COM-BHE","Medium","Year-Round","false"
"TN-MKT-KRI-074","TN-COM-DRM","High","Year-Round","false"
"TN-MKT-KRI-074","TN-COM-BAN","Medium","Year-Round","false"
"TN-MKT-KRI-074","TN-COM-COC","High","Year-Round","false"
"TN-MKT-KRI-074","TN-COM-GND","Medium","Kharif","false"
"TN-MKT-KRI-074","TN-COM-TUR","High","Rabi","false"
"TN-MKT-KRI-074","TN-COM-SUG","Medium","Year-Round","false"
"TN-MKT-KRI-074","TN-COM-PAD","High","Kharif","false"
"TN-MKT-KRI-074","TN-COM-COT","Medium","Kharif","false"
"TN-MKT-KRI-074","TN-COM-MAN","High","Zaid","false"
"TN-MKT-KRI-074","TN-COM-JAS","Medium","Year-Round","false"
"TN-MKT-KRI-075","TN-COM-TOM","High","Year-Round","true"
"TN-MKT-KRI-075","TN-COM-ONI","Medium","Rabi","true"
"TN-MKT-KRI-075","TN-COM-POT","High","Rabi","true"
"TN-MKT-KRI-075","TN-COM-BRI","Medium","Year-Round","true"
"TN-MKT-KRI-075","TN-COM-CHL","High","Kharif","false"
"TN-MKT-KRI-075","TN-COM-BHE","Medium","Year-Round","false"
"TN-MKT-KRI-075","TN-COM-DRM","High","Year-Round","false"
"TN-MKT-KRI-075","TN-COM-BAN","Medium","Year-Round","false"
"TN-MKT-KRI-075","TN-COM-COC","High","Year-Round","false"
"TN-MKT-KRI-075","TN-COM-GND","Medium","Kharif","false"
"TN-MKT-KRI-075","TN-COM-TUR","High","Rabi","false"
"TN-MKT-KRI-075","TN-COM-SUG","Medium","Year-Round","false"
"TN-MKT-KRI-075","TN-COM-PAD","High","Kharif","false"
"TN-MKT-KRI-075","TN-COM-COT","Medium","Kharif","false"
"TN-MKT-KRI-075","TN-COM-MAN","High","Zaid","false"
"TN-MKT-KRI-075","TN-COM-JAS","Medium","Year-Round","false"
"TN-MKT-KRI-076","TN-COM-TOM","High","Year-Round","true"
"TN-MKT-KRI-076","TN-COM-ONI","Medium","Rabi","true"
"TN-MKT-KRI-076","TN-COM-POT","High","Rabi","true"
"TN-MKT-KRI-076","TN-COM-BRI","Medium","Year-Round","true"
"TN-MKT-KRI-076","TN-COM-CHL","High","Kharif","false"
"TN-MKT-KRI-076","TN-COM-BHE","Medium","Year-Round","false"
"TN-MKT-KRI-076","TN-COM-DRM","High","Year-Round","false"
"TN-MKT-KRI-076","TN-COM-BAN","Medium","Year-Round","false"
"TN-MKT-KRI-076","TN-COM-COC","High","Year-Round","false"
"TN-MKT-KRI-076","TN-COM-GND","Medium","Kharif","false"
"TN-MKT-KRI-076","TN-COM-TUR","High","Rabi","false"
"TN-MKT-KRI-076","TN-COM-SUG","Medium","Year-Round","false"
"TN-MKT-KRI-076","TN-COM-PAD","High","Kharif","false"
"TN-MKT-KRI-076","TN-COM-COT","Medium","Kharif","false"
"TN-MKT-KRI-076","TN-COM-MAN","High","Zaid","false"
"TN-MKT-KRI-076","TN-COM-JAS","Medium","Year-Round","false"
"TN-MKT-KRI-077","TN-COM-TOM","High","Year-Round","true"
"TN-MKT-KRI-077","TN-COM-ONI","Medium","Rabi","true"
"TN-MKT-KRI-077","TN-COM-POT","High","Rabi","true"
"TN-MKT-KRI-077","TN-COM-BRI","Medium","Year-Round","true"
"TN-MKT-KRI-077","TN-COM-CHL","High","Kharif","false"
"TN-MKT-KRI-077","TN-COM-BHE","Medium","Year-Round","false"
"TN-MKT-KRI-077","TN-COM-DRM","High","Year-Round","false"
"TN-MKT-KRI-077","TN-COM-BAN","Medium","Year-Round","false"
"TN-MKT-KRI-077","TN-COM-COC","High","Year-Round","false"
"TN-MKT-KRI-077","TN-COM-GND","Medium","Kharif","false"
"TN-MKT-KRI-077","TN-COM-TUR","High","Rabi","false"
"TN-MKT-KRI-077","TN-COM-SUG","Medium","Year-Round","false"
"TN-MKT-KRI-077","TN-COM-PAD","High","Kharif","false"
"TN-MKT-KRI-077","TN-COM-COT","Medium","Kharif","false"
"TN-MKT-KRI-077","TN-COM-MAN","High","Zaid","false"
"TN-MKT-KRI-077","TN-COM-JAS","Medium","Year-Round","false"
"TN-MKT-KRI-078","TN-COM-TOM","High","Year-Round","true"
"TN-MKT-KRI-078","TN-COM-ONI","Medium","Rabi","true"
"TN-MKT-KRI-078","TN-COM-POT","High","Rabi","true"
"TN-MKT-KRI-078","TN-COM-BRI","Medium","Year-Round","true"
"TN-MKT-KRI-078","TN-COM-CHL","High","Kharif","false"
"TN-MKT-KRI-078","TN-COM-BHE","Medium","Year-Round","false"
"TN-MKT-KRI-078","TN-COM-DRM","High","Year-Round","false"
"TN-MKT-KRI-078","TN-COM-BAN","Medium","Year-Round","false"
"TN-MKT-KRI-078","TN-COM-COC","High","Year-Round","false"
"TN-MKT-KRI-078","TN-COM-GND","Medium","Kharif","false"
"TN-MKT-KRI-078","TN-COM-TUR","High","Rabi","false"
"TN-MKT-KRI-078","TN-COM-SUG","Medium","Year-Round","false"
"TN-MKT-KRI-078","TN-COM-PAD","High","Kharif","false"
"TN-MKT-KRI-078","TN-COM-COT","Medium","Kharif","false"
"TN-MKT-KRI-078","TN-COM-MAN","High","Zaid","false"
"TN-MKT-KRI-078","TN-COM-JAS","Medium","Year-Round","false"
"TN-MKT-TIR-079","TN-COM-TOM","High","Year-Round","true"
"TN-MKT-TIR-079","TN-COM-ONI","Medium","Rabi","true"
"TN-MKT-TIR-079","TN-COM-POT","High","Rabi","true"
"TN-MKT-TIR-079","TN-COM-BRI","Medium","Year-Round","true"
"TN-MKT-TIR-079","TN-COM-CHL","High","Kharif","false"
"TN-MKT-TIR-079","TN-COM-BHE","Medium","Year-Round","false"
"TN-MKT-TIR-079","TN-COM-DRM","High","Year-Round","false"
"TN-MKT-TIR-079","TN-COM-BAN","Medium","Year-Round","false"
"TN-MKT-TIR-079","TN-COM-COC","High","Year-Round","false"
"TN-MKT-TIR-079","TN-COM-GND","Medium","Kharif","false"
"TN-MKT-TIR-079","TN-COM-TUR","High","Rabi","false"
"TN-MKT-TIR-079","TN-COM-SUG","Medium","Year-Round","false"
"TN-MKT-TIR-079","TN-COM-PAD","High","Kharif","false"
"TN-MKT-TIR-079","TN-COM-COT","Medium","Kharif","false"
"TN-MKT-TIR-079","TN-COM-MAN","High","Zaid","false"
"TN-MKT-TIR-079","TN-COM-JAS","Medium","Year-Round","false"
"TN-MKT-TIR-080","TN-COM-TOM","High","Year-Round","true"
"TN-MKT-TIR-080","TN-COM-ONI","Medium","Rabi","true"
"TN-MKT-TIR-080","TN-COM-POT","High","Rabi","true"
"TN-MKT-TIR-080","TN-COM-BRI","Medium","Year-Round","true"
"TN-MKT-TIR-080","TN-COM-CHL","High","Kharif","false"
"TN-MKT-TIR-080","TN-COM-BHE","Medium","Year-Round","false"
"TN-MKT-TIR-080","TN-COM-DRM","High","Year-Round","false"
"TN-MKT-TIR-080","TN-COM-BAN","Medium","Year-Round","false"
"TN-MKT-TIR-080","TN-COM-COC","High","Year-Round","false"
"TN-MKT-TIR-080","TN-COM-GND","Medium","Kharif","false"
"TN-MKT-TIR-080","TN-COM-TUR","High","Rabi","false"
"TN-MKT-TIR-080","TN-COM-SUG","Medium","Year-Round","false"
"TN-MKT-TIR-080","TN-COM-PAD","High","Kharif","false"
"TN-MKT-TIR-080","TN-COM-COT","Medium","Kharif","false"
"TN-MKT-TIR-080","TN-COM-MAN","High","Zaid","false"
"TN-MKT-TIR-080","TN-COM-JAS","Medium","Year-Round","false"
"TN-MKT-TIR-081","TN-COM-TOM","High","Year-Round","true"
"TN-MKT-TIR-081","TN-COM-ONI","Medium","Rabi","true"
"TN-MKT-TIR-081","TN-COM-POT","High","Rabi","true"
"TN-MKT-TIR-081","TN-COM-BRI","Medium","Year-Round","true"
"TN-MKT-TIR-081","TN-COM-CHL","High","Kharif","false"
"TN-MKT-TIR-081","TN-COM-BHE","Medium","Year-Round","false"
"TN-MKT-TIR-081","TN-COM-DRM","High","Year-Round","false"
"TN-MKT-TIR-081","TN-COM-BAN","Medium","Year-Round","false"
"TN-MKT-TIR-081","TN-COM-COC","High","Year-Round","false"
"TN-MKT-TIR-081","TN-COM-GND","Medium","Kharif","false"
"TN-MKT-TIR-081","TN-COM-TUR","High","Rabi","false"
"TN-MKT-TIR-081","TN-COM-SUG","Medium","Year-Round","false"
"TN-MKT-TIR-081","TN-COM-PAD","High","Kharif","false"
"TN-MKT-TIR-081","TN-COM-COT","Medium","Kharif","false"
"TN-MKT-TIR-081","TN-COM-MAN","High","Zaid","false"
"TN-MKT-TIR-081","TN-COM-JAS","Medium","Year-Round","false"
"TN-MKT-TIR-082","TN-COM-TOM","High","Year-Round","true"
"TN-MKT-TIR-082","TN-COM-ONI","Medium","Rabi","true"
"TN-MKT-TIR-082","TN-COM-POT","High","Rabi","true"
"TN-MKT-TIR-082","TN-COM-BRI","Medium","Year-Round","true"
"TN-MKT-TIR-082","TN-COM-CHL","High","Kharif","false"
"TN-MKT-TIR-082","TN-COM-BHE","Medium","Year-Round","false"
"TN-MKT-TIR-082","TN-COM-DRM","High","Year-Round","false"
"TN-MKT-TIR-082","TN-COM-BAN","Medium","Year-Round","false"
"TN-MKT-TIR-082","TN-COM-COC","High","Year-Round","false"
"TN-MKT-TIR-082","TN-COM-GND","Medium","Kharif","false"
"TN-MKT-TIR-082","TN-COM-TUR","High","Rabi","false"
"TN-MKT-TIR-082","TN-COM-SUG","Medium","Year-Round","false"
"TN-MKT-TIR-082","TN-COM-PAD","High","Kharif","false"
"TN-MKT-TIR-082","TN-COM-COT","Medium","Kharif","false"
"TN-MKT-TIR-082","TN-COM-MAN","High","Zaid","false"
"TN-MKT-TIR-082","TN-COM-JAS","Medium","Year-Round","false"
"TN-MKT-TIR-083","TN-COM-TOM","High","Year-Round","true"
"TN-MKT-TIR-083","TN-COM-ONI","Medium","Rabi","true"
"TN-MKT-TIR-083","TN-COM-POT","High","Rabi","true"
"TN-MKT-TIR-083","TN-COM-BRI","Medium","Year-Round","true"
"TN-MKT-TIR-083","TN-COM-CHL","High","Kharif","false"
"TN-MKT-TIR-083","TN-COM-BHE","Medium","Year-Round","false"
"TN-MKT-TIR-083","TN-COM-DRM","High","Year-Round","false"
"TN-MKT-TIR-083","TN-COM-BAN","Medium","Year-Round","false"
"TN-MKT-TIR-083","TN-COM-COC","High","Year-Round","false"
"TN-MKT-TIR-083","TN-COM-GND","Medium","Kharif","false"
"TN-MKT-TIR-083","TN-COM-TUR","High","Rabi","false"
"TN-MKT-TIR-083","TN-COM-SUG","Medium","Year-Round","false"
"TN-MKT-TIR-083","TN-COM-PAD","High","Kharif","false"
"TN-MKT-TIR-083","TN-COM-COT","Medium","Kharif","false"
"TN-MKT-TIR-083","TN-COM-MAN","High","Zaid","false"
"TN-MKT-TIR-083","TN-COM-JAS","Medium","Year-Round","false"
"TN-MKT-TIR-084","TN-COM-TOM","High","Year-Round","true"
"TN-MKT-TIR-084","TN-COM-ONI","Medium","Rabi","true"
"TN-MKT-TIR-084","TN-COM-POT","High","Rabi","true"
"TN-MKT-TIR-084","TN-COM-BRI","Medium","Year-Round","true"
"TN-MKT-TIR-084","TN-COM-CHL","High","Kharif","false"
"TN-MKT-TIR-084","TN-COM-BHE","Medium","Year-Round","false"
"TN-MKT-TIR-084","TN-COM-DRM","High","Year-Round","false"
"TN-MKT-TIR-084","TN-COM-BAN","Medium","Year-Round","false"
"TN-MKT-TIR-084","TN-COM-COC","High","Year-Round","false"
"TN-MKT-TIR-084","TN-COM-GND","Medium","Kharif","false"
"TN-MKT-TIR-084","TN-COM-TUR","High","Rabi","false"
"TN-MKT-TIR-084","TN-COM-SUG","Medium","Year-Round","false"
"TN-MKT-TIR-084","TN-COM-PAD","High","Kharif","false"
"TN-MKT-TIR-084","TN-COM-COT","Medium","Kharif","false"
"TN-MKT-TIR-084","TN-COM-MAN","High","Zaid","false"
"TN-MKT-TIR-084","TN-COM-JAS","Medium","Year-Round","false"
"TN-MKT-TIR-085","TN-COM-TOM","High","Year-Round","true"
"TN-MKT-TIR-085","TN-COM-ONI","Medium","Rabi","true"
"TN-MKT-TIR-085","TN-COM-POT","High","Rabi","true"
"TN-MKT-TIR-085","TN-COM-BRI","Medium","Year-Round","true"
"TN-MKT-TIR-085","TN-COM-CHL","High","Kharif","false"
"TN-MKT-TIR-085","TN-COM-BHE","Medium","Year-Round","false"
"TN-MKT-TIR-085","TN-COM-DRM","High","Year-Round","false"
"TN-MKT-TIR-085","TN-COM-BAN","Medium","Year-Round","false"
"TN-MKT-TIR-085","TN-COM-COC","High","Year-Round","false"
"TN-MKT-TIR-085","TN-COM-GND","Medium","Kharif","false"
"TN-MKT-TIR-085","TN-COM-TUR","High","Rabi","false"
"TN-MKT-TIR-085","TN-COM-SUG","Medium","Year-Round","false"
"TN-MKT-TIR-085","TN-COM-PAD","High","Kharif","false"
"TN-MKT-TIR-085","TN-COM-COT","Medium","Kharif","false"
"TN-MKT-TIR-085","TN-COM-MAN","High","Zaid","false"
"TN-MKT-TIR-085","TN-COM-JAS","Medium","Year-Round","false"
"TN-MKT-TIR-086","TN-COM-TOM","High","Year-Round","true"
"TN-MKT-TIR-086","TN-COM-ONI","Medium","Rabi","true"
"TN-MKT-TIR-086","TN-COM-POT","High","Rabi","true"
"TN-MKT-TIR-086","TN-COM-BRI","Medium","Year-Round","true"
"TN-MKT-TIR-086","TN-COM-CHL","High","Kharif","false"
"TN-MKT-TIR-086","TN-COM-BHE","Medium","Year-Round","false"
"TN-MKT-TIR-086","TN-COM-DRM","High","Year-Round","false"
"TN-MKT-TIR-086","TN-COM-BAN","Medium","Year-Round","false"
"TN-MKT-TIR-086","TN-COM-COC","High","Year-Round","false"
"TN-MKT-TIR-086","TN-COM-GND","Medium","Kharif","false"
"TN-MKT-TIR-086","TN-COM-TUR","High","Rabi","false"
"TN-MKT-TIR-086","TN-COM-SUG","Medium","Year-Round","false"
"TN-MKT-TIR-086","TN-COM-PAD","High","Kharif","false"
"TN-MKT-TIR-086","TN-COM-COT","Medium","Kharif","false"
"TN-MKT-TIR-086","TN-COM-MAN","High","Zaid","false"
"TN-MKT-TIR-086","TN-COM-JAS","Medium","Year-Round","false"
"TN-MKT-KAR-087","TN-COM-TOM","High","Year-Round","true"
"TN-MKT-KAR-087","TN-COM-ONI","Medium","Rabi","true"
"TN-MKT-KAR-087","TN-COM-POT","High","Rabi","true"
"TN-MKT-KAR-087","TN-COM-BRI","Medium","Year-Round","true"
"TN-MKT-KAR-087","TN-COM-CHL","High","Kharif","false"
"TN-MKT-KAR-087","TN-COM-BHE","Medium","Year-Round","false"
"TN-MKT-KAR-087","TN-COM-DRM","High","Year-Round","false"
"TN-MKT-KAR-087","TN-COM-BAN","Medium","Year-Round","false"
"TN-MKT-KAR-087","TN-COM-COC","High","Year-Round","false"
"TN-MKT-KAR-087","TN-COM-GND","Medium","Kharif","false"
"TN-MKT-KAR-087","TN-COM-TUR","High","Rabi","false"
"TN-MKT-KAR-087","TN-COM-SUG","Medium","Year-Round","false"
"TN-MKT-KAR-087","TN-COM-PAD","High","Kharif","false"
"TN-MKT-KAR-087","TN-COM-COT","Medium","Kharif","false"
"TN-MKT-KAR-087","TN-COM-MAN","High","Zaid","false"
"TN-MKT-KAR-087","TN-COM-JAS","Medium","Year-Round","false"
"TN-MKT-KAR-088","TN-COM-TOM","High","Year-Round","true"
"TN-MKT-KAR-088","TN-COM-ONI","Medium","Rabi","true"
"TN-MKT-KAR-088","TN-COM-POT","High","Rabi","true"
"TN-MKT-KAR-088","TN-COM-BRI","Medium","Year-Round","true"
"TN-MKT-KAR-088","TN-COM-CHL","High","Kharif","false"
"TN-MKT-KAR-088","TN-COM-BHE","Medium","Year-Round","false"
"TN-MKT-KAR-088","TN-COM-DRM","High","Year-Round","false"
"TN-MKT-KAR-088","TN-COM-BAN","Medium","Year-Round","false"
"TN-MKT-KAR-088","TN-COM-COC","High","Year-Round","false"
"TN-MKT-KAR-088","TN-COM-GND","Medium","Kharif","false"
"TN-MKT-KAR-088","TN-COM-TUR","High","Rabi","false"
"TN-MKT-KAR-088","TN-COM-SUG","Medium","Year-Round","false"
"TN-MKT-KAR-088","TN-COM-PAD","High","Kharif","false"
"TN-MKT-KAR-088","TN-COM-COT","Medium","Kharif","false"
"TN-MKT-KAR-088","TN-COM-MAN","High","Zaid","false"
"TN-MKT-KAR-088","TN-COM-JAS","Medium","Year-Round","false"
"TN-MKT-KAR-089","TN-COM-TOM","High","Year-Round","true"
"TN-MKT-KAR-089","TN-COM-ONI","Medium","Rabi","true"
"TN-MKT-KAR-089","TN-COM-POT","High","Rabi","true"
"TN-MKT-KAR-089","TN-COM-BRI","Medium","Year-Round","true"
"TN-MKT-KAR-089","TN-COM-CHL","High","Kharif","false"
"TN-MKT-KAR-089","TN-COM-BHE","Medium","Year-Round","false"
"TN-MKT-KAR-089","TN-COM-DRM","High","Year-Round","false"
"TN-MKT-KAR-089","TN-COM-BAN","Medium","Year-Round","false"
"TN-MKT-KAR-089","TN-COM-COC","High","Year-Round","false"
"TN-MKT-KAR-089","TN-COM-GND","Medium","Kharif","false"
"TN-MKT-KAR-089","TN-COM-TUR","High","Rabi","false"
"TN-MKT-KAR-089","TN-COM-SUG","Medium","Year-Round","false"
"TN-MKT-KAR-089","TN-COM-PAD","High","Kharif","false"
"TN-MKT-KAR-089","TN-COM-COT","Medium","Kharif","false"
"TN-MKT-KAR-089","TN-COM-MAN","High","Zaid","false"
"TN-MKT-KAR-089","TN-COM-JAS","Medium","Year-Round","false"
"TN-MKT-KAR-090","TN-COM-TOM","High","Year-Round","true"
"TN-MKT-KAR-090","TN-COM-ONI","Medium","Rabi","true"
"TN-MKT-KAR-090","TN-COM-POT","High","Rabi","true"
"TN-MKT-KAR-090","TN-COM-BRI","Medium","Year-Round","true"
"TN-MKT-KAR-090","TN-COM-CHL","High","Kharif","false"
"TN-MKT-KAR-090","TN-COM-BHE","Medium","Year-Round","false"
"TN-MKT-KAR-090","TN-COM-DRM","High","Year-Round","false"
"TN-MKT-KAR-090","TN-COM-BAN","Medium","Year-Round","false"
"TN-MKT-KAR-090","TN-COM-COC","High","Year-Round","false"
"TN-MKT-KAR-090","TN-COM-GND","Medium","Kharif","false"
"TN-MKT-KAR-090","TN-COM-TUR","High","Rabi","false"
"TN-MKT-KAR-090","TN-COM-SUG","Medium","Year-Round","false"
"TN-MKT-KAR-090","TN-COM-PAD","High","Kharif","false"
"TN-MKT-KAR-090","TN-COM-COT","Medium","Kharif","false"
"TN-MKT-KAR-090","TN-COM-MAN","High","Zaid","false"
"TN-MKT-KAR-090","TN-COM-JAS","Medium","Year-Round","false"
"TN-MKT-KAR-091","TN-COM-TOM","High","Year-Round","true"
"TN-MKT-KAR-091","TN-COM-ONI","Medium","Rabi","true"
"TN-MKT-KAR-091","TN-COM-POT","High","Rabi","true"
"TN-MKT-KAR-091","TN-COM-BRI","Medium","Year-Round","true"
"TN-MKT-KAR-091","TN-COM-CHL","High","Kharif","false"
"TN-MKT-KAR-091","TN-COM-BHE","Medium","Year-Round","false"
"TN-MKT-KAR-091","TN-COM-DRM","High","Year-Round","false"
"TN-MKT-KAR-091","TN-COM-BAN","Medium","Year-Round","false"
"TN-MKT-KAR-091","TN-COM-COC","High","Year-Round","false"
"TN-MKT-KAR-091","TN-COM-GND","Medium","Kharif","false"
"TN-MKT-KAR-091","TN-COM-TUR","High","Rabi","false"
"TN-MKT-KAR-091","TN-COM-SUG","Medium","Year-Round","false"
"TN-MKT-KAR-091","TN-COM-PAD","High","Kharif","false"
"TN-MKT-KAR-091","TN-COM-COT","Medium","Kharif","false"
"TN-MKT-KAR-091","TN-COM-MAN","High","Zaid","false"
"TN-MKT-KAR-091","TN-COM-JAS","Medium","Year-Round","false"
"TN-MKT-KAR-092","TN-COM-TOM","High","Year-Round","true"
"TN-MKT-KAR-092","TN-COM-ONI","Medium","Rabi","true"
"TN-MKT-KAR-092","TN-COM-POT","High","Rabi","true"
"TN-MKT-KAR-092","TN-COM-BRI","Medium","Year-Round","true"
"TN-MKT-KAR-092","TN-COM-CHL","High","Kharif","false"
"TN-MKT-KAR-092","TN-COM-BHE","Medium","Year-Round","false"
"TN-MKT-KAR-092","TN-COM-DRM","High","Year-Round","false"
"TN-MKT-KAR-092","TN-COM-BAN","Medium","Year-Round","false"
"TN-MKT-KAR-092","TN-COM-COC","High","Year-Round","false"
"TN-MKT-KAR-092","TN-COM-GND","Medium","Kharif","false"
"TN-MKT-KAR-092","TN-COM-TUR","High","Rabi","false"
"TN-MKT-KAR-092","TN-COM-SUG","Medium","Year-Round","false"
"TN-MKT-KAR-092","TN-COM-PAD","High","Kharif","false"
"TN-MKT-KAR-092","TN-COM-COT","Medium","Kharif","false"
"TN-MKT-KAR-092","TN-COM-MAN","High","Zaid","false"
"TN-MKT-KAR-092","TN-COM-JAS","Medium","Year-Round","false"
"TN-MKT-PER-093","TN-COM-TOM","High","Year-Round","true"
"TN-MKT-PER-093","TN-COM-ONI","Medium","Rabi","true"
"TN-MKT-PER-093","TN-COM-POT","High","Rabi","true"
"TN-MKT-PER-093","TN-COM-BRI","Medium","Year-Round","true"
"TN-MKT-PER-093","TN-COM-CHL","High","Kharif","false"
"TN-MKT-PER-093","TN-COM-BHE","Medium","Year-Round","false"
"TN-MKT-PER-093","TN-COM-DRM","High","Year-Round","false"
"TN-MKT-PER-093","TN-COM-BAN","Medium","Year-Round","false"
"TN-MKT-PER-093","TN-COM-COC","High","Year-Round","false"
"TN-MKT-PER-093","TN-COM-GND","Medium","Kharif","false"
"TN-MKT-PER-093","TN-COM-TUR","High","Rabi","false"
"TN-MKT-PER-093","TN-COM-SUG","Medium","Year-Round","false"
"TN-MKT-PER-093","TN-COM-PAD","High","Kharif","false"
"TN-MKT-PER-093","TN-COM-COT","Medium","Kharif","false"
"TN-MKT-PER-093","TN-COM-MAN","High","Zaid","false"
"TN-MKT-PER-093","TN-COM-JAS","Medium","Year-Round","false"
"TN-MKT-PER-094","TN-COM-TOM","High","Year-Round","true"
"TN-MKT-PER-094","TN-COM-ONI","Medium","Rabi","true"
"TN-MKT-PER-094","TN-COM-POT","High","Rabi","true"
"TN-MKT-PER-094","TN-COM-BRI","Medium","Year-Round","true"
"TN-MKT-PER-094","TN-COM-CHL","High","Kharif","false"
"TN-MKT-PER-094","TN-COM-BHE","Medium","Year-Round","false"
"TN-MKT-PER-094","TN-COM-DRM","High","Year-Round","false"
"TN-MKT-PER-094","TN-COM-BAN","Medium","Year-Round","false"
"TN-MKT-PER-094","TN-COM-COC","High","Year-Round","false"
"TN-MKT-PER-094","TN-COM-GND","Medium","Kharif","false"
"TN-MKT-PER-094","TN-COM-TUR","High","Rabi","false"
"TN-MKT-PER-094","TN-COM-SUG","Medium","Year-Round","false"
"TN-MKT-PER-094","TN-COM-PAD","High","Kharif","false"
"TN-MKT-PER-094","TN-COM-COT","Medium","Kharif","false"
"TN-MKT-PER-094","TN-COM-MAN","High","Zaid","false"
"TN-MKT-PER-094","TN-COM-JAS","Medium","Year-Round","false"
"TN-MKT-THA-095","TN-COM-TOM","High","Year-Round","true"
"TN-MKT-THA-095","TN-COM-ONI","Medium","Rabi","true"
"TN-MKT-THA-095","TN-COM-POT","High","Rabi","true"
"TN-MKT-THA-095","TN-COM-BRI","Medium","Year-Round","true"
"TN-MKT-THA-095","TN-COM-CHL","High","Kharif","false"
"TN-MKT-THA-095","TN-COM-BHE","Medium","Year-Round","false"
"TN-MKT-THA-095","TN-COM-DRM","High","Year-Round","false"
"TN-MKT-THA-095","TN-COM-BAN","Medium","Year-Round","false"
"TN-MKT-THA-095","TN-COM-COC","High","Year-Round","false"
"TN-MKT-THA-095","TN-COM-GND","Medium","Kharif","false"
"TN-MKT-THA-095","TN-COM-TUR","High","Rabi","false"
"TN-MKT-THA-095","TN-COM-SUG","Medium","Year-Round","false"
"TN-MKT-THA-095","TN-COM-PAD","High","Kharif","false"
"TN-MKT-THA-095","TN-COM-COT","Medium","Kharif","false"
"TN-MKT-THA-095","TN-COM-MAN","High","Zaid","false"
"TN-MKT-THA-095","TN-COM-JAS","Medium","Year-Round","false"
"TN-MKT-THA-096","TN-COM-TOM","High","Year-Round","true"
"TN-MKT-THA-096","TN-COM-ONI","Medium","Rabi","true"
"TN-MKT-THA-096","TN-COM-POT","High","Rabi","true"
"TN-MKT-THA-096","TN-COM-BRI","Medium","Year-Round","true"
"TN-MKT-THA-096","TN-COM-CHL","High","Kharif","false"
"TN-MKT-THA-096","TN-COM-BHE","Medium","Year-Round","false"
"TN-MKT-THA-096","TN-COM-DRM","High","Year-Round","false"
"TN-MKT-THA-096","TN-COM-BAN","Medium","Year-Round","false"
"TN-MKT-THA-096","TN-COM-COC","High","Year-Round","false"
"TN-MKT-THA-096","TN-COM-GND","Medium","Kharif","false"
"TN-MKT-THA-096","TN-COM-TUR","High","Rabi","false"
"TN-MKT-THA-096","TN-COM-SUG","Medium","Year-Round","false"
"TN-MKT-THA-096","TN-COM-PAD","High","Kharif","false"
"TN-MKT-THA-096","TN-COM-COT","Medium","Kharif","false"
"TN-MKT-THA-096","TN-COM-MAN","High","Zaid","false"
"TN-MKT-THA-096","TN-COM-JAS","Medium","Year-Round","false"
"TN-MKT-THA-097","TN-COM-TOM","High","Year-Round","true"
"TN-MKT-THA-097","TN-COM-ONI","Medium","Rabi","true"
"TN-MKT-THA-097","TN-COM-POT","High","Rabi","true"
"TN-MKT-THA-097","TN-COM-BRI","Medium","Year-Round","true"
"TN-MKT-THA-097","TN-COM-CHL","High","Kharif","false"
"TN-MKT-THA-097","TN-COM-BHE","Medium","Year-Round","false"
"TN-MKT-THA-097","TN-COM-DRM","High","Year-Round","false"
"TN-MKT-THA-097","TN-COM-BAN","Medium","Year-Round","false"
"TN-MKT-THA-097","TN-COM-COC","High","Year-Round","false"
"TN-MKT-THA-097","TN-COM-GND","Medium","Kharif","false"
"TN-MKT-THA-097","TN-COM-TUR","High","Rabi","false"
"TN-MKT-THA-097","TN-COM-SUG","Medium","Year-Round","false"
"TN-MKT-THA-097","TN-COM-PAD","High","Kharif","false"
"TN-MKT-THA-097","TN-COM-COT","Medium","Kharif","false"
"TN-MKT-THA-097","TN-COM-MAN","High","Zaid","false"
"TN-MKT-THA-097","TN-COM-JAS","Medium","Year-Round","false"
"TN-MKT-THA-098","TN-COM-TOM","High","Year-Round","true"
"TN-MKT-THA-098","TN-COM-ONI","Medium","Rabi","true"
"TN-MKT-THA-098","TN-COM-POT","High","Rabi","true"
"TN-MKT-THA-098","TN-COM-BRI","Medium","Year-Round","true"
"TN-MKT-THA-098","TN-COM-CHL","High","Kharif","false"
"TN-MKT-THA-098","TN-COM-BHE","Medium","Year-Round","false"
"TN-MKT-THA-098","TN-COM-DRM","High","Year-Round","false"
"TN-MKT-THA-098","TN-COM-BAN","Medium","Year-Round","false"
"TN-MKT-THA-098","TN-COM-COC","High","Year-Round","false"
"TN-MKT-THA-098","TN-COM-GND","Medium","Kharif","false"
"TN-MKT-THA-098","TN-COM-TUR","High","Rabi","false"
"TN-MKT-THA-098","TN-COM-SUG","Medium","Year-Round","false"
"TN-MKT-THA-098","TN-COM-PAD","High","Kharif","false"
"TN-MKT-THA-098","TN-COM-COT","Medium","Kharif","false"
"TN-MKT-THA-098","TN-COM-MAN","High","Zaid","false"
"TN-MKT-THA-098","TN-COM-JAS","Medium","Year-Round","false"
"TN-MKT-THA-099","TN-COM-TOM","High","Year-Round","true"
"TN-MKT-THA-099","TN-COM-ONI","Medium","Rabi","true"
"TN-MKT-THA-099","TN-COM-POT","High","Rabi","true"
"TN-MKT-THA-099","TN-COM-BRI","Medium","Year-Round","true"
"TN-MKT-THA-099","TN-COM-CHL","High","Kharif","false"
"TN-MKT-THA-099","TN-COM-BHE","Medium","Year-Round","false"
"TN-MKT-THA-099","TN-COM-DRM","High","Year-Round","false"
"TN-MKT-THA-099","TN-COM-BAN","Medium","Year-Round","false"
"TN-MKT-THA-099","TN-COM-COC","High","Year-Round","false"
"TN-MKT-THA-099","TN-COM-GND","Medium","Kharif","false"
"TN-MKT-THA-099","TN-COM-TUR","High","Rabi","false"
"TN-MKT-THA-099","TN-COM-SUG","Medium","Year-Round","false"
"TN-MKT-THA-099","TN-COM-PAD","High","Kharif","false"
"TN-MKT-THA-099","TN-COM-COT","Medium","Kharif","false"
"TN-MKT-THA-099","TN-COM-MAN","High","Zaid","false"
"TN-MKT-THA-099","TN-COM-JAS","Medium","Year-Round","false"
"TN-MKT-THA-100","TN-COM-TOM","High","Year-Round","true"
"TN-MKT-THA-100","TN-COM-ONI","Medium","Rabi","true"
"TN-MKT-THA-100","TN-COM-POT","High","Rabi","true"
"TN-MKT-THA-100","TN-COM-BRI","Medium","Year-Round","true"
"TN-MKT-THA-100","TN-COM-CHL","High","Kharif","false"
"TN-MKT-THA-100","TN-COM-BHE","Medium","Year-Round","false"
"TN-MKT-THA-100","TN-COM-DRM","High","Year-Round","false"
"TN-MKT-THA-100","TN-COM-BAN","Medium","Year-Round","false"
"TN-MKT-THA-100","TN-COM-COC","High","Year-Round","false"
"TN-MKT-THA-100","TN-COM-GND","Medium","Kharif","false"
"TN-MKT-THA-100","TN-COM-TUR","High","Rabi","false"
"TN-MKT-THA-100","TN-COM-SUG","Medium","Year-Round","false"
"TN-MKT-THA-100","TN-COM-PAD","High","Kharif","false"
"TN-MKT-THA-100","TN-COM-COT","Medium","Kharif","false"
"TN-MKT-THA-100","TN-COM-MAN","High","Zaid","false"
"TN-MKT-THA-100","TN-COM-JAS","Medium","Year-Round","false"
"TN-MKT-TIR-101","TN-COM-TOM","High","Year-Round","true"
"TN-MKT-TIR-101","TN-COM-ONI","Medium","Rabi","true"
"TN-MKT-TIR-101","TN-COM-POT","High","Rabi","true"
"TN-MKT-TIR-101","TN-COM-BRI","Medium","Year-Round","true"
"TN-MKT-TIR-101","TN-COM-CHL","High","Kharif","false"
"TN-MKT-TIR-101","TN-COM-BHE","Medium","Year-Round","false"
"TN-MKT-TIR-101","TN-COM-DRM","High","Year-Round","false"
"TN-MKT-TIR-101","TN-COM-BAN","Medium","Year-Round","false"
"TN-MKT-TIR-101","TN-COM-COC","High","Year-Round","false"
"TN-MKT-TIR-101","TN-COM-GND","Medium","Kharif","false"
"TN-MKT-TIR-101","TN-COM-TUR","High","Rabi","false"
"TN-MKT-TIR-101","TN-COM-SUG","Medium","Year-Round","false"
"TN-MKT-TIR-101","TN-COM-PAD","High","Kharif","false"
"TN-MKT-TIR-101","TN-COM-COT","Medium","Kharif","false"
"TN-MKT-TIR-101","TN-COM-MAN","High","Zaid","false"
"TN-MKT-TIR-101","TN-COM-JAS","Medium","Year-Round","false"
"TN-MKT-TIR-102","TN-COM-TOM","High","Year-Round","true"
"TN-MKT-TIR-102","TN-COM-ONI","Medium","Rabi","true"
"TN-MKT-TIR-102","TN-COM-POT","High","Rabi","true"
"TN-MKT-TIR-102","TN-COM-BRI","Medium","Year-Round","true"
"TN-MKT-TIR-102","TN-COM-CHL","High","Kharif","false"
"TN-MKT-TIR-102","TN-COM-BHE","Medium","Year-Round","false"
"TN-MKT-TIR-102","TN-COM-DRM","High","Year-Round","false"
"TN-MKT-TIR-102","TN-COM-BAN","Medium","Year-Round","false"
"TN-MKT-TIR-102","TN-COM-COC","High","Year-Round","false"
"TN-MKT-TIR-102","TN-COM-GND","Medium","Kharif","false"
"TN-MKT-TIR-102","TN-COM-TUR","High","Rabi","false"
"TN-MKT-TIR-102","TN-COM-SUG","Medium","Year-Round","false"
"TN-MKT-TIR-102","TN-COM-PAD","High","Kharif","false"
"TN-MKT-TIR-102","TN-COM-COT","Medium","Kharif","false"
"TN-MKT-TIR-102","TN-COM-MAN","High","Zaid","false"
"TN-MKT-TIR-102","TN-COM-JAS","Medium","Year-Round","false"
"TN-MKT-TIR-103","TN-COM-TOM","High","Year-Round","true"
"TN-MKT-TIR-103","TN-COM-ONI","Medium","Rabi","true"
"TN-MKT-TIR-103","TN-COM-POT","High","Rabi","true"
"TN-MKT-TIR-103","TN-COM-BRI","Medium","Year-Round","true"
"TN-MKT-TIR-103","TN-COM-CHL","High","Kharif","false"
"TN-MKT-TIR-103","TN-COM-BHE","Medium","Year-Round","false"
"TN-MKT-TIR-103","TN-COM-DRM","High","Year-Round","false"
"TN-MKT-TIR-103","TN-COM-BAN","Medium","Year-Round","false"
"TN-MKT-TIR-103","TN-COM-COC","High","Year-Round","false"
"TN-MKT-TIR-103","TN-COM-GND","Medium","Kharif","false"
"TN-MKT-TIR-103","TN-COM-TUR","High","Rabi","false"
"TN-MKT-TIR-103","TN-COM-SUG","Medium","Year-Round","false"
"TN-MKT-TIR-103","TN-COM-PAD","High","Kharif","false"
"TN-MKT-TIR-103","TN-COM-COT","Medium","Kharif","false"
"TN-MKT-TIR-103","TN-COM-MAN","High","Zaid","false"
"TN-MKT-TIR-103","TN-COM-JAS","Medium","Year-Round","false"
"TN-MKT-TIR-104","TN-COM-TOM","High","Year-Round","true"
"TN-MKT-TIR-104","TN-COM-ONI","Medium","Rabi","true"
"TN-MKT-TIR-104","TN-COM-POT","High","Rabi","true"
"TN-MKT-TIR-104","TN-COM-BRI","Medium","Year-Round","true"
"TN-MKT-TIR-104","TN-COM-CHL","High","Kharif","false"
"TN-MKT-TIR-104","TN-COM-BHE","Medium","Year-Round","false"
"TN-MKT-TIR-104","TN-COM-DRM","High","Year-Round","false"
"TN-MKT-TIR-104","TN-COM-BAN","Medium","Year-Round","false"
"TN-MKT-TIR-104","TN-COM-COC","High","Year-Round","false"
"TN-MKT-TIR-104","TN-COM-GND","Medium","Kharif","false"
"TN-MKT-TIR-104","TN-COM-TUR","High","Rabi","false"
"TN-MKT-TIR-104","TN-COM-SUG","Medium","Year-Round","false"
"TN-MKT-TIR-104","TN-COM-PAD","High","Kharif","false"
"TN-MKT-TIR-104","TN-COM-COT","Medium","Kharif","false"
"TN-MKT-TIR-104","TN-COM-MAN","High","Zaid","false"
"TN-MKT-TIR-104","TN-COM-JAS","Medium","Year-Round","false"
"TN-MKT-TIR-105","TN-COM-TOM","High","Year-Round","true"
"TN-MKT-TIR-105","TN-COM-ONI","Medium","Rabi","true"
"TN-MKT-TIR-105","TN-COM-POT","High","Rabi","true"
"TN-MKT-TIR-105","TN-COM-BRI","Medium","Year-Round","true"
"TN-MKT-TIR-105","TN-COM-CHL","High","Kharif","false"
"TN-MKT-TIR-105","TN-COM-BHE","Medium","Year-Round","false"
"TN-MKT-TIR-105","TN-COM-DRM","High","Year-Round","false"
"TN-MKT-TIR-105","TN-COM-BAN","Medium","Year-Round","false"
"TN-MKT-TIR-105","TN-COM-COC","High","Year-Round","false"
"TN-MKT-TIR-105","TN-COM-GND","Medium","Kharif","false"
"TN-MKT-TIR-105","TN-COM-TUR","High","Rabi","false"
"TN-MKT-TIR-105","TN-COM-SUG","Medium","Year-Round","false"
"TN-MKT-TIR-105","TN-COM-PAD","High","Kharif","false"
"TN-MKT-TIR-105","TN-COM-COT","Medium","Kharif","false"
"TN-MKT-TIR-105","TN-COM-MAN","High","Zaid","false"
"TN-MKT-TIR-105","TN-COM-JAS","Medium","Year-Round","false"
"TN-MKT-TIR-106","TN-COM-TOM","High","Year-Round","true"
"TN-MKT-TIR-106","TN-COM-ONI","Medium","Rabi","true"
"TN-MKT-TIR-106","TN-COM-POT","High","Rabi","true"
"TN-MKT-TIR-106","TN-COM-BRI","Medium","Year-Round","true"
"TN-MKT-TIR-106","TN-COM-CHL","High","Kharif","false"
"TN-MKT-TIR-106","TN-COM-BHE","Medium","Year-Round","false"
"TN-MKT-TIR-106","TN-COM-DRM","High","Year-Round","false"
"TN-MKT-TIR-106","TN-COM-BAN","Medium","Year-Round","false"
"TN-MKT-TIR-106","TN-COM-COC","High","Year-Round","false"
"TN-MKT-TIR-106","TN-COM-GND","Medium","Kharif","false"
"TN-MKT-TIR-106","TN-COM-TUR","High","Rabi","false"
"TN-MKT-TIR-106","TN-COM-SUG","Medium","Year-Round","false"
"TN-MKT-TIR-106","TN-COM-PAD","High","Kharif","false"
"TN-MKT-TIR-106","TN-COM-COT","Medium","Kharif","false"
"TN-MKT-TIR-106","TN-COM-MAN","High","Zaid","false"
"TN-MKT-TIR-106","TN-COM-JAS","Medium","Year-Round","false"
"TN-MKT-TIR-107","TN-COM-TOM","High","Year-Round","true"
"TN-MKT-TIR-107","TN-COM-ONI","Medium","Rabi","true"
"TN-MKT-TIR-107","TN-COM-POT","High","Rabi","true"
"TN-MKT-TIR-107","TN-COM-BRI","Medium","Year-Round","true"
"TN-MKT-TIR-107","TN-COM-CHL","High","Kharif","false"
"TN-MKT-TIR-107","TN-COM-BHE","Medium","Year-Round","false"
"TN-MKT-TIR-107","TN-COM-DRM","High","Year-Round","false"
"TN-MKT-TIR-107","TN-COM-BAN","Medium","Year-Round","false"
"TN-MKT-TIR-107","TN-COM-COC","High","Year-Round","false"
"TN-MKT-TIR-107","TN-COM-GND","Medium","Kharif","false"
"TN-MKT-TIR-107","TN-COM-TUR","High","Rabi","false"
"TN-MKT-TIR-107","TN-COM-SUG","Medium","Year-Round","false"
"TN-MKT-TIR-107","TN-COM-PAD","High","Kharif","false"
"TN-MKT-TIR-107","TN-COM-COT","Medium","Kharif","false"
"TN-MKT-TIR-107","TN-COM-MAN","High","Zaid","false"
"TN-MKT-TIR-107","TN-COM-JAS","Medium","Year-Round","false"
"TN-MKT-NAG-108","TN-COM-TOM","High","Year-Round","true"
"TN-MKT-NAG-108","TN-COM-ONI","Medium","Rabi","true"
"TN-MKT-NAG-108","TN-COM-POT","High","Rabi","true"
"TN-MKT-NAG-108","TN-COM-BRI","Medium","Year-Round","true"
"TN-MKT-NAG-108","TN-COM-CHL","High","Kharif","false"
"TN-MKT-NAG-108","TN-COM-BHE","Medium","Year-Round","false"
"TN-MKT-NAG-108","TN-COM-DRM","High","Year-Round","false"
"TN-MKT-NAG-108","TN-COM-BAN","Medium","Year-Round","false"
"TN-MKT-NAG-108","TN-COM-COC","High","Year-Round","false"
"TN-MKT-NAG-108","TN-COM-GND","Medium","Kharif","false"
"TN-MKT-NAG-108","TN-COM-TUR","High","Rabi","false"
"TN-MKT-NAG-108","TN-COM-SUG","Medium","Year-Round","false"
"TN-MKT-NAG-108","TN-COM-PAD","High","Kharif","false"
"TN-MKT-NAG-108","TN-COM-COT","Medium","Kharif","false"
"TN-MKT-NAG-108","TN-COM-MAN","High","Zaid","false"
"TN-MKT-NAG-108","TN-COM-JAS","Medium","Year-Round","false"
"TN-MKT-NAG-109","TN-COM-TOM","High","Year-Round","true"
"TN-MKT-NAG-109","TN-COM-ONI","Medium","Rabi","true"
"TN-MKT-NAG-109","TN-COM-POT","High","Rabi","true"
"TN-MKT-NAG-109","TN-COM-BRI","Medium","Year-Round","true"
"TN-MKT-NAG-109","TN-COM-CHL","High","Kharif","false"
"TN-MKT-NAG-109","TN-COM-BHE","Medium","Year-Round","false"
"TN-MKT-NAG-109","TN-COM-DRM","High","Year-Round","false"
"TN-MKT-NAG-109","TN-COM-BAN","Medium","Year-Round","false"
"TN-MKT-NAG-109","TN-COM-COC","High","Year-Round","false"
"TN-MKT-NAG-109","TN-COM-GND","Medium","Kharif","false"
"TN-MKT-NAG-109","TN-COM-TUR","High","Rabi","false"
"TN-MKT-NAG-109","TN-COM-SUG","Medium","Year-Round","false"
"TN-MKT-NAG-109","TN-COM-PAD","High","Kharif","false"
"TN-MKT-NAG-109","TN-COM-COT","Medium","Kharif","false"
"TN-MKT-NAG-109","TN-COM-MAN","High","Zaid","false"
"TN-MKT-NAG-109","TN-COM-JAS","Medium","Year-Round","false"
"TN-MKT-NAG-110","TN-COM-TOM","High","Year-Round","true"
"TN-MKT-NAG-110","TN-COM-ONI","Medium","Rabi","true"
"TN-MKT-NAG-110","TN-COM-POT","High","Rabi","true"
"TN-MKT-NAG-110","TN-COM-BRI","Medium","Year-Round","true"
"TN-MKT-NAG-110","TN-COM-CHL","High","Kharif","false"
"TN-MKT-NAG-110","TN-COM-BHE","Medium","Year-Round","false"
"TN-MKT-NAG-110","TN-COM-DRM","High","Year-Round","false"
"TN-MKT-NAG-110","TN-COM-BAN","Medium","Year-Round","false"
"TN-MKT-NAG-110","TN-COM-COC","High","Year-Round","false"
"TN-MKT-NAG-110","TN-COM-GND","Medium","Kharif","false"
"TN-MKT-NAG-110","TN-COM-TUR","High","Rabi","false"
"TN-MKT-NAG-110","TN-COM-SUG","Medium","Year-Round","false"
"TN-MKT-NAG-110","TN-COM-PAD","High","Kharif","false"
"TN-MKT-NAG-110","TN-COM-COT","Medium","Kharif","false"
"TN-MKT-NAG-110","TN-COM-MAN","High","Zaid","false"
"TN-MKT-NAG-110","TN-COM-JAS","Medium","Year-Round","false"
"TN-MKT-NAG-111","TN-COM-TOM","High","Year-Round","true"
"TN-MKT-NAG-111","TN-COM-ONI","Medium","Rabi","true"
"TN-MKT-NAG-111","TN-COM-POT","High","Rabi","true"
"TN-MKT-NAG-111","TN-COM-BRI","Medium","Year-Round","true"
"TN-MKT-NAG-111","TN-COM-CHL","High","Kharif","false"
"TN-MKT-NAG-111","TN-COM-BHE","Medium","Year-Round","false"
"TN-MKT-NAG-111","TN-COM-DRM","High","Year-Round","false"
"TN-MKT-NAG-111","TN-COM-BAN","Medium","Year-Round","false"
"TN-MKT-NAG-111","TN-COM-COC","High","Year-Round","false"
"TN-MKT-NAG-111","TN-COM-GND","Medium","Kharif","false"
"TN-MKT-NAG-111","TN-COM-TUR","High","Rabi","false"
"TN-MKT-NAG-111","TN-COM-SUG","Medium","Year-Round","false"
"TN-MKT-NAG-111","TN-COM-PAD","High","Kharif","false"
"TN-MKT-NAG-111","TN-COM-COT","Medium","Kharif","false"
"TN-MKT-NAG-111","TN-COM-MAN","High","Zaid","false"
"TN-MKT-NAG-111","TN-COM-JAS","Medium","Year-Round","false"
"TN-MKT-PUD-112","TN-COM-TOM","High","Year-Round","true"
"TN-MKT-PUD-112","TN-COM-ONI","Medium","Rabi","true"
"TN-MKT-PUD-112","TN-COM-POT","High","Rabi","true"
"TN-MKT-PUD-112","TN-COM-BRI","Medium","Year-Round","true"
"TN-MKT-PUD-112","TN-COM-CHL","High","Kharif","false"
"TN-MKT-PUD-112","TN-COM-BHE","Medium","Year-Round","false"
"TN-MKT-PUD-112","TN-COM-DRM","High","Year-Round","false"
"TN-MKT-PUD-112","TN-COM-BAN","Medium","Year-Round","false"
"TN-MKT-PUD-112","TN-COM-COC","High","Year-Round","false"
"TN-MKT-PUD-112","TN-COM-GND","Medium","Kharif","false"
"TN-MKT-PUD-112","TN-COM-TUR","High","Rabi","false"
"TN-MKT-PUD-112","TN-COM-SUG","Medium","Year-Round","false"
"TN-MKT-PUD-112","TN-COM-PAD","High","Kharif","false"
"TN-MKT-PUD-112","TN-COM-COT","Medium","Kharif","false"
"TN-MKT-PUD-112","TN-COM-MAN","High","Zaid","false"
"TN-MKT-PUD-112","TN-COM-JAS","Medium","Year-Round","false"
"TN-MKT-PUD-113","TN-COM-TOM","High","Year-Round","true"
"TN-MKT-PUD-113","TN-COM-ONI","Medium","Rabi","true"
"TN-MKT-PUD-113","TN-COM-POT","High","Rabi","true"
"TN-MKT-PUD-113","TN-COM-BRI","Medium","Year-Round","true"
"TN-MKT-PUD-113","TN-COM-CHL","High","Kharif","false"
"TN-MKT-PUD-113","TN-COM-BHE","Medium","Year-Round","false"
"TN-MKT-PUD-113","TN-COM-DRM","High","Year-Round","false"
"TN-MKT-PUD-113","TN-COM-BAN","Medium","Year-Round","false"
"TN-MKT-PUD-113","TN-COM-COC","High","Year-Round","false"
"TN-MKT-PUD-113","TN-COM-GND","Medium","Kharif","false"
"TN-MKT-PUD-113","TN-COM-TUR","High","Rabi","false"
"TN-MKT-PUD-113","TN-COM-SUG","Medium","Year-Round","false"
"TN-MKT-PUD-113","TN-COM-PAD","High","Kharif","false"
"TN-MKT-PUD-113","TN-COM-COT","Medium","Kharif","false"
"TN-MKT-PUD-113","TN-COM-MAN","High","Zaid","false"
"TN-MKT-PUD-113","TN-COM-JAS","Medium","Year-Round","false"
"TN-MKT-PUD-114","TN-COM-TOM","High","Year-Round","true"
"TN-MKT-PUD-114","TN-COM-ONI","Medium","Rabi","true"
"TN-MKT-PUD-114","TN-COM-POT","High","Rabi","true"
"TN-MKT-PUD-114","TN-COM-BRI","Medium","Year-Round","true"
"TN-MKT-PUD-114","TN-COM-CHL","High","Kharif","false"
"TN-MKT-PUD-114","TN-COM-BHE","Medium","Year-Round","false"
"TN-MKT-PUD-114","TN-COM-DRM","High","Year-Round","false"
"TN-MKT-PUD-114","TN-COM-BAN","Medium","Year-Round","false"
"TN-MKT-PUD-114","TN-COM-COC","High","Year-Round","false"
"TN-MKT-PUD-114","TN-COM-GND","Medium","Kharif","false"
"TN-MKT-PUD-114","TN-COM-TUR","High","Rabi","false"
"TN-MKT-PUD-114","TN-COM-SUG","Medium","Year-Round","false"
"TN-MKT-PUD-114","TN-COM-PAD","High","Kharif","false"
"TN-MKT-PUD-114","TN-COM-COT","Medium","Kharif","false"
"TN-MKT-PUD-114","TN-COM-MAN","High","Zaid","false"
"TN-MKT-PUD-114","TN-COM-JAS","Medium","Year-Round","false"
"TN-MKT-PUD-115","TN-COM-TOM","High","Year-Round","true"
"TN-MKT-PUD-115","TN-COM-ONI","Medium","Rabi","true"
"TN-MKT-PUD-115","TN-COM-POT","High","Rabi","true"
"TN-MKT-PUD-115","TN-COM-BRI","Medium","Year-Round","true"
"TN-MKT-PUD-115","TN-COM-CHL","High","Kharif","false"
"TN-MKT-PUD-115","TN-COM-BHE","Medium","Year-Round","false"
"TN-MKT-PUD-115","TN-COM-DRM","High","Year-Round","false"
"TN-MKT-PUD-115","TN-COM-BAN","Medium","Year-Round","false"
"TN-MKT-PUD-115","TN-COM-COC","High","Year-Round","false"
"TN-MKT-PUD-115","TN-COM-GND","Medium","Kharif","false"
"TN-MKT-PUD-115","TN-COM-TUR","High","Rabi","false"
"TN-MKT-PUD-115","TN-COM-SUG","Medium","Year-Round","false"
"TN-MKT-PUD-115","TN-COM-PAD","High","Kharif","false"
"TN-MKT-PUD-115","TN-COM-COT","Medium","Kharif","false"
"TN-MKT-PUD-115","TN-COM-MAN","High","Zaid","false"
"TN-MKT-PUD-115","TN-COM-JAS","Medium","Year-Round","false"
"TN-MKT-PUD-116","TN-COM-TOM","High","Year-Round","true"
"TN-MKT-PUD-116","TN-COM-ONI","Medium","Rabi","true"
"TN-MKT-PUD-116","TN-COM-POT","High","Rabi","true"
"TN-MKT-PUD-116","TN-COM-BRI","Medium","Year-Round","true"
"TN-MKT-PUD-116","TN-COM-CHL","High","Kharif","false"
"TN-MKT-PUD-116","TN-COM-BHE","Medium","Year-Round","false"
"TN-MKT-PUD-116","TN-COM-DRM","High","Year-Round","false"
"TN-MKT-PUD-116","TN-COM-BAN","Medium","Year-Round","false"
"TN-MKT-PUD-116","TN-COM-COC","High","Year-Round","false"
"TN-MKT-PUD-116","TN-COM-GND","Medium","Kharif","false"
"TN-MKT-PUD-116","TN-COM-TUR","High","Rabi","false"
"TN-MKT-PUD-116","TN-COM-SUG","Medium","Year-Round","false"
"TN-MKT-PUD-116","TN-COM-PAD","High","Kharif","false"
"TN-MKT-PUD-116","TN-COM-COT","Medium","Kharif","false"
"TN-MKT-PUD-116","TN-COM-MAN","High","Zaid","false"
"TN-MKT-PUD-116","TN-COM-JAS","Medium","Year-Round","false"
"TN-MKT-PUD-117","TN-COM-TOM","High","Year-Round","true"
"TN-MKT-PUD-117","TN-COM-ONI","Medium","Rabi","true"
"TN-MKT-PUD-117","TN-COM-POT","High","Rabi","true"
"TN-MKT-PUD-117","TN-COM-BRI","Medium","Year-Round","true"
"TN-MKT-PUD-117","TN-COM-CHL","High","Kharif","false"
"TN-MKT-PUD-117","TN-COM-BHE","Medium","Year-Round","false"
"TN-MKT-PUD-117","TN-COM-DRM","High","Year-Round","false"
"TN-MKT-PUD-117","TN-COM-BAN","Medium","Year-Round","false"
"TN-MKT-PUD-117","TN-COM-COC","High","Year-Round","false"
"TN-MKT-PUD-117","TN-COM-GND","Medium","Kharif","false"
"TN-MKT-PUD-117","TN-COM-TUR","High","Rabi","false"
"TN-MKT-PUD-117","TN-COM-SUG","Medium","Year-Round","false"
"TN-MKT-PUD-117","TN-COM-PAD","High","Kharif","false"
"TN-MKT-PUD-117","TN-COM-COT","Medium","Kharif","false"
"TN-MKT-PUD-117","TN-COM-MAN","High","Zaid","false"
"TN-MKT-PUD-117","TN-COM-JAS","Medium","Year-Round","false"
"TN-MKT-PUD-118","TN-COM-TOM","High","Year-Round","true"
"TN-MKT-PUD-118","TN-COM-ONI","Medium","Rabi","true"
"TN-MKT-PUD-118","TN-COM-POT","High","Rabi","true"
"TN-MKT-PUD-118","TN-COM-BRI","Medium","Year-Round","true"
"TN-MKT-PUD-118","TN-COM-CHL","High","Kharif","false"
"TN-MKT-PUD-118","TN-COM-BHE","Medium","Year-Round","false"
"TN-MKT-PUD-118","TN-COM-DRM","High","Year-Round","false"
"TN-MKT-PUD-118","TN-COM-BAN","Medium","Year-Round","false"
"TN-MKT-PUD-118","TN-COM-COC","High","Year-Round","false"
"TN-MKT-PUD-118","TN-COM-GND","Medium","Kharif","false"
"TN-MKT-PUD-118","TN-COM-TUR","High","Rabi","false"
"TN-MKT-PUD-118","TN-COM-SUG","Medium","Year-Round","false"
"TN-MKT-PUD-118","TN-COM-PAD","High","Kharif","false"
"TN-MKT-PUD-118","TN-COM-COT","Medium","Kharif","false"
"TN-MKT-PUD-118","TN-COM-MAN","High","Zaid","false"
"TN-MKT-PUD-118","TN-COM-JAS","Medium","Year-Round","false"
"TN-MKT-MAD-119","TN-COM-TOM","High","Year-Round","true"
"TN-MKT-MAD-119","TN-COM-ONI","Medium","Rabi","true"
"TN-MKT-MAD-119","TN-COM-POT","High","Rabi","true"
"TN-MKT-MAD-119","TN-COM-BRI","Medium","Year-Round","true"
"TN-MKT-MAD-119","TN-COM-CHL","High","Kharif","false"
"TN-MKT-MAD-119","TN-COM-BHE","Medium","Year-Round","false"
"TN-MKT-MAD-119","TN-COM-DRM","High","Year-Round","false"
"TN-MKT-MAD-119","TN-COM-BAN","Medium","Year-Round","false"
"TN-MKT-MAD-119","TN-COM-COC","High","Year-Round","false"
"TN-MKT-MAD-119","TN-COM-GND","Medium","Kharif","false"
"TN-MKT-MAD-119","TN-COM-TUR","High","Rabi","false"
"TN-MKT-MAD-119","TN-COM-SUG","Medium","Year-Round","false"
"TN-MKT-MAD-119","TN-COM-PAD","High","Kharif","false"
"TN-MKT-MAD-119","TN-COM-COT","Medium","Kharif","false"
"TN-MKT-MAD-119","TN-COM-MAN","High","Zaid","false"
"TN-MKT-MAD-119","TN-COM-JAS","Medium","Year-Round","false"
"TN-MKT-MAD-120","TN-COM-TOM","High","Year-Round","true"
"TN-MKT-MAD-120","TN-COM-ONI","Medium","Rabi","true"
"TN-MKT-MAD-120","TN-COM-POT","High","Rabi","true"
"TN-MKT-MAD-120","TN-COM-BRI","Medium","Year-Round","true"
"TN-MKT-MAD-120","TN-COM-CHL","High","Kharif","false"
"TN-MKT-MAD-120","TN-COM-BHE","Medium","Year-Round","false"
"TN-MKT-MAD-120","TN-COM-DRM","High","Year-Round","false"
"TN-MKT-MAD-120","TN-COM-BAN","Medium","Year-Round","false"
"TN-MKT-MAD-120","TN-COM-COC","High","Year-Round","false"
"TN-MKT-MAD-120","TN-COM-GND","Medium","Kharif","false"
"TN-MKT-MAD-120","TN-COM-TUR","High","Rabi","false"
"TN-MKT-MAD-120","TN-COM-SUG","Medium","Year-Round","false"
"TN-MKT-MAD-120","TN-COM-PAD","High","Kharif","false"
"TN-MKT-MAD-120","TN-COM-COT","Medium","Kharif","false"
"TN-MKT-MAD-120","TN-COM-MAN","High","Zaid","false"
"TN-MKT-MAD-120","TN-COM-JAS","Medium","Year-Round","false"
"TN-MKT-MAD-121","TN-COM-TOM","High","Year-Round","true"
"TN-MKT-MAD-121","TN-COM-ONI","Medium","Rabi","true"
"TN-MKT-MAD-121","TN-COM-POT","High","Rabi","true"
"TN-MKT-MAD-121","TN-COM-BRI","Medium","Year-Round","true"
"TN-MKT-MAD-121","TN-COM-CHL","High","Kharif","false"
"TN-MKT-MAD-121","TN-COM-BHE","Medium","Year-Round","false"
"TN-MKT-MAD-121","TN-COM-DRM","High","Year-Round","false"
"TN-MKT-MAD-121","TN-COM-BAN","Medium","Year-Round","false"
"TN-MKT-MAD-121","TN-COM-COC","High","Year-Round","false"
"TN-MKT-MAD-121","TN-COM-GND","Medium","Kharif","false"
"TN-MKT-MAD-121","TN-COM-TUR","High","Rabi","false"
"TN-MKT-MAD-121","TN-COM-SUG","Medium","Year-Round","false"
"TN-MKT-MAD-121","TN-COM-PAD","High","Kharif","false"
"TN-MKT-MAD-121","TN-COM-COT","Medium","Kharif","false"
"TN-MKT-MAD-121","TN-COM-MAN","High","Zaid","false"
"TN-MKT-MAD-121","TN-COM-JAS","Medium","Year-Round","false"
"TN-MKT-MAD-122","TN-COM-TOM","High","Year-Round","true"
"TN-MKT-MAD-122","TN-COM-ONI","Medium","Rabi","true"
"TN-MKT-MAD-122","TN-COM-POT","High","Rabi","true"
"TN-MKT-MAD-122","TN-COM-BRI","Medium","Year-Round","true"
"TN-MKT-MAD-122","TN-COM-CHL","High","Kharif","false"
"TN-MKT-MAD-122","TN-COM-BHE","Medium","Year-Round","false"
"TN-MKT-MAD-122","TN-COM-DRM","High","Year-Round","false"
"TN-MKT-MAD-122","TN-COM-BAN","Medium","Year-Round","false"
"TN-MKT-MAD-122","TN-COM-COC","High","Year-Round","false"
"TN-MKT-MAD-122","TN-COM-GND","Medium","Kharif","false"
"TN-MKT-MAD-122","TN-COM-TUR","High","Rabi","false"
"TN-MKT-MAD-122","TN-COM-SUG","Medium","Year-Round","false"
"TN-MKT-MAD-122","TN-COM-PAD","High","Kharif","false"
"TN-MKT-MAD-122","TN-COM-COT","Medium","Kharif","false"
"TN-MKT-MAD-122","TN-COM-MAN","High","Zaid","false"
"TN-MKT-MAD-122","TN-COM-JAS","Medium","Year-Round","false"
"TN-MKT-MAD-123","TN-COM-TOM","High","Year-Round","true"
"TN-MKT-MAD-123","TN-COM-ONI","Medium","Rabi","true"
"TN-MKT-MAD-123","TN-COM-POT","High","Rabi","true"
"TN-MKT-MAD-123","TN-COM-BRI","Medium","Year-Round","true"
"TN-MKT-MAD-123","TN-COM-CHL","High","Kharif","false"
"TN-MKT-MAD-123","TN-COM-BHE","Medium","Year-Round","false"
"TN-MKT-MAD-123","TN-COM-DRM","High","Year-Round","false"
"TN-MKT-MAD-123","TN-COM-BAN","Medium","Year-Round","false"
"TN-MKT-MAD-123","TN-COM-COC","High","Year-Round","false"
"TN-MKT-MAD-123","TN-COM-GND","Medium","Kharif","false"
"TN-MKT-MAD-123","TN-COM-TUR","High","Rabi","false"
"TN-MKT-MAD-123","TN-COM-SUG","Medium","Year-Round","false"
"TN-MKT-MAD-123","TN-COM-PAD","High","Kharif","false"
"TN-MKT-MAD-123","TN-COM-COT","Medium","Kharif","false"
"TN-MKT-MAD-123","TN-COM-MAN","High","Zaid","false"
"TN-MKT-MAD-123","TN-COM-JAS","Medium","Year-Round","false"
"TN-MKT-MAD-124","TN-COM-TOM","High","Year-Round","true"
"TN-MKT-MAD-124","TN-COM-ONI","Medium","Rabi","true"
"TN-MKT-MAD-124","TN-COM-POT","High","Rabi","true"
"TN-MKT-MAD-124","TN-COM-BRI","Medium","Year-Round","true"
"TN-MKT-MAD-124","TN-COM-CHL","High","Kharif","false"
"TN-MKT-MAD-124","TN-COM-BHE","Medium","Year-Round","false"
"TN-MKT-MAD-124","TN-COM-DRM","High","Year-Round","false"
"TN-MKT-MAD-124","TN-COM-BAN","Medium","Year-Round","false"
"TN-MKT-MAD-124","TN-COM-COC","High","Year-Round","false"
"TN-MKT-MAD-124","TN-COM-GND","Medium","Kharif","false"
"TN-MKT-MAD-124","TN-COM-TUR","High","Rabi","false"
"TN-MKT-MAD-124","TN-COM-SUG","Medium","Year-Round","false"
"TN-MKT-MAD-124","TN-COM-PAD","High","Kharif","false"
"TN-MKT-MAD-124","TN-COM-COT","Medium","Kharif","false"
"TN-MKT-MAD-124","TN-COM-MAN","High","Zaid","false"
"TN-MKT-MAD-124","TN-COM-JAS","Medium","Year-Round","false"
"TN-MKT-MAD-125","TN-COM-TOM","High","Year-Round","true"
"TN-MKT-MAD-125","TN-COM-ONI","Medium","Rabi","true"
"TN-MKT-MAD-125","TN-COM-POT","High","Rabi","true"
"TN-MKT-MAD-125","TN-COM-BRI","Medium","Year-Round","true"
"TN-MKT-MAD-125","TN-COM-CHL","High","Kharif","false"
"TN-MKT-MAD-125","TN-COM-BHE","Medium","Year-Round","false"
"TN-MKT-MAD-125","TN-COM-DRM","High","Year-Round","false"
"TN-MKT-MAD-125","TN-COM-BAN","Medium","Year-Round","false"
"TN-MKT-MAD-125","TN-COM-COC","High","Year-Round","false"
"TN-MKT-MAD-125","TN-COM-GND","Medium","Kharif","false"
"TN-MKT-MAD-125","TN-COM-TUR","High","Rabi","false"
"TN-MKT-MAD-125","TN-COM-SUG","Medium","Year-Round","false"
"TN-MKT-MAD-125","TN-COM-PAD","High","Kharif","false"
"TN-MKT-MAD-125","TN-COM-COT","Medium","Kharif","false"
"TN-MKT-MAD-125","TN-COM-MAN","High","Zaid","false"
"TN-MKT-MAD-125","TN-COM-JAS","Medium","Year-Round","false"
"TN-MKT-DIN-126","TN-COM-TOM","High","Year-Round","true"
"TN-MKT-DIN-126","TN-COM-ONI","Medium","Rabi","true"
"TN-MKT-DIN-126","TN-COM-POT","High","Rabi","true"
"TN-MKT-DIN-126","TN-COM-BRI","Medium","Year-Round","true"
"TN-MKT-DIN-126","TN-COM-CHL","High","Kharif","false"
"TN-MKT-DIN-126","TN-COM-BHE","Medium","Year-Round","false"
"TN-MKT-DIN-126","TN-COM-DRM","High","Year-Round","false"
"TN-MKT-DIN-126","TN-COM-BAN","Medium","Year-Round","false"
"TN-MKT-DIN-126","TN-COM-COC","High","Year-Round","false"
"TN-MKT-DIN-126","TN-COM-GND","Medium","Kharif","false"
"TN-MKT-DIN-126","TN-COM-TUR","High","Rabi","false"
"TN-MKT-DIN-126","TN-COM-SUG","Medium","Year-Round","false"
"TN-MKT-DIN-126","TN-COM-PAD","High","Kharif","false"
"TN-MKT-DIN-126","TN-COM-COT","Medium","Kharif","false"
"TN-MKT-DIN-126","TN-COM-MAN","High","Zaid","false"
"TN-MKT-DIN-126","TN-COM-JAS","Medium","Year-Round","false"
"TN-MKT-DIN-127","TN-COM-TOM","High","Year-Round","true"
"TN-MKT-DIN-127","TN-COM-ONI","Medium","Rabi","true"
"TN-MKT-DIN-127","TN-COM-POT","High","Rabi","true"
"TN-MKT-DIN-127","TN-COM-BRI","Medium","Year-Round","true"
"TN-MKT-DIN-127","TN-COM-CHL","High","Kharif","false"
"TN-MKT-DIN-127","TN-COM-BHE","Medium","Year-Round","false"
"TN-MKT-DIN-127","TN-COM-DRM","High","Year-Round","false"
"TN-MKT-DIN-127","TN-COM-BAN","Medium","Year-Round","false"
"TN-MKT-DIN-127","TN-COM-COC","High","Year-Round","false"
"TN-MKT-DIN-127","TN-COM-GND","Medium","Kharif","false"
"TN-MKT-DIN-127","TN-COM-TUR","High","Rabi","false"
"TN-MKT-DIN-127","TN-COM-SUG","Medium","Year-Round","false"
"TN-MKT-DIN-127","TN-COM-PAD","High","Kharif","false"
"TN-MKT-DIN-127","TN-COM-COT","Medium","Kharif","false"
"TN-MKT-DIN-127","TN-COM-MAN","High","Zaid","false"
"TN-MKT-DIN-127","TN-COM-JAS","Medium","Year-Round","false"
"TN-MKT-DIN-128","TN-COM-TOM","High","Year-Round","true"
"TN-MKT-DIN-128","TN-COM-ONI","Medium","Rabi","true"
"TN-MKT-DIN-128","TN-COM-POT","High","Rabi","true"
"TN-MKT-DIN-128","TN-COM-BRI","Medium","Year-Round","true"
"TN-MKT-DIN-128","TN-COM-CHL","High","Kharif","false"
"TN-MKT-DIN-128","TN-COM-BHE","Medium","Year-Round","false"
"TN-MKT-DIN-128","TN-COM-DRM","High","Year-Round","false"
"TN-MKT-DIN-128","TN-COM-BAN","Medium","Year-Round","false"
"TN-MKT-DIN-128","TN-COM-COC","High","Year-Round","false"
"TN-MKT-DIN-128","TN-COM-GND","Medium","Kharif","false"
"TN-MKT-DIN-128","TN-COM-TUR","High","Rabi","false"
"TN-MKT-DIN-128","TN-COM-SUG","Medium","Year-Round","false"
"TN-MKT-DIN-128","TN-COM-PAD","High","Kharif","false"
"TN-MKT-DIN-128","TN-COM-COT","Medium","Kharif","false"
"TN-MKT-DIN-128","TN-COM-MAN","High","Zaid","false"
"TN-MKT-DIN-128","TN-COM-JAS","Medium","Year-Round","false"
"TN-MKT-DIN-129","TN-COM-TOM","High","Year-Round","true"
"TN-MKT-DIN-129","TN-COM-ONI","Medium","Rabi","true"
"TN-MKT-DIN-129","TN-COM-POT","High","Rabi","true"
"TN-MKT-DIN-129","TN-COM-BRI","Medium","Year-Round","true"
"TN-MKT-DIN-129","TN-COM-CHL","High","Kharif","false"
"TN-MKT-DIN-129","TN-COM-BHE","Medium","Year-Round","false"
"TN-MKT-DIN-129","TN-COM-DRM","High","Year-Round","false"
"TN-MKT-DIN-129","TN-COM-BAN","Medium","Year-Round","false"
"TN-MKT-DIN-129","TN-COM-COC","High","Year-Round","false"
"TN-MKT-DIN-129","TN-COM-GND","Medium","Kharif","false"
"TN-MKT-DIN-129","TN-COM-TUR","High","Rabi","false"
"TN-MKT-DIN-129","TN-COM-SUG","Medium","Year-Round","false"
"TN-MKT-DIN-129","TN-COM-PAD","High","Kharif","false"
"TN-MKT-DIN-129","TN-COM-COT","Medium","Kharif","false"
"TN-MKT-DIN-129","TN-COM-MAN","High","Zaid","false"
"TN-MKT-DIN-129","TN-COM-JAS","Medium","Year-Round","false"
"TN-MKT-DIN-130","TN-COM-TOM","High","Year-Round","true"
"TN-MKT-DIN-130","TN-COM-ONI","Medium","Rabi","true"
"TN-MKT-DIN-130","TN-COM-POT","High","Rabi","true"
"TN-MKT-DIN-130","TN-COM-BRI","Medium","Year-Round","true"
"TN-MKT-DIN-130","TN-COM-CHL","High","Kharif","false"
"TN-MKT-DIN-130","TN-COM-BHE","Medium","Year-Round","false"
"TN-MKT-DIN-130","TN-COM-DRM","High","Year-Round","false"
"TN-MKT-DIN-130","TN-COM-BAN","Medium","Year-Round","false"
"TN-MKT-DIN-130","TN-COM-COC","High","Year-Round","false"
"TN-MKT-DIN-130","TN-COM-GND","Medium","Kharif","false"
"TN-MKT-DIN-130","TN-COM-TUR","High","Rabi","false"
"TN-MKT-DIN-130","TN-COM-SUG","Medium","Year-Round","false"
"TN-MKT-DIN-130","TN-COM-PAD","High","Kharif","false"
"TN-MKT-DIN-130","TN-COM-COT","Medium","Kharif","false"
"TN-MKT-DIN-130","TN-COM-MAN","High","Zaid","false"
"TN-MKT-DIN-130","TN-COM-JAS","Medium","Year-Round","false"
"TN-MKT-DIN-131","TN-COM-TOM","High","Year-Round","true"
"TN-MKT-DIN-131","TN-COM-ONI","Medium","Rabi","true"
"TN-MKT-DIN-131","TN-COM-POT","High","Rabi","true"
"TN-MKT-DIN-131","TN-COM-BRI","Medium","Year-Round","true"
"TN-MKT-DIN-131","TN-COM-CHL","High","Kharif","false"
"TN-MKT-DIN-131","TN-COM-BHE","Medium","Year-Round","false"
"TN-MKT-DIN-131","TN-COM-DRM","High","Year-Round","false"
"TN-MKT-DIN-131","TN-COM-BAN","Medium","Year-Round","false"
"TN-MKT-DIN-131","TN-COM-COC","High","Year-Round","false"
"TN-MKT-DIN-131","TN-COM-GND","Medium","Kharif","false"
"TN-MKT-DIN-131","TN-COM-TUR","High","Rabi","false"
"TN-MKT-DIN-131","TN-COM-SUG","Medium","Year-Round","false"
"TN-MKT-DIN-131","TN-COM-PAD","High","Kharif","false"
"TN-MKT-DIN-131","TN-COM-COT","Medium","Kharif","false"
"TN-MKT-DIN-131","TN-COM-MAN","High","Zaid","false"
"TN-MKT-DIN-131","TN-COM-JAS","Medium","Year-Round","false"
"TN-MKT-THE-132","TN-COM-TOM","High","Year-Round","true"
"TN-MKT-THE-132","TN-COM-ONI","Medium","Rabi","true"
"TN-MKT-THE-132","TN-COM-POT","High","Rabi","true"
"TN-MKT-THE-132","TN-COM-BRI","Medium","Year-Round","true"
"TN-MKT-THE-132","TN-COM-CHL","High","Kharif","false"
"TN-MKT-THE-132","TN-COM-BHE","Medium","Year-Round","false"
"TN-MKT-THE-132","TN-COM-DRM","High","Year-Round","false"
"TN-MKT-THE-132","TN-COM-BAN","Medium","Year-Round","false"
"TN-MKT-THE-132","TN-COM-COC","High","Year-Round","false"
"TN-MKT-THE-132","TN-COM-GND","Medium","Kharif","false"
"TN-MKT-THE-132","TN-COM-TUR","High","Rabi","false"
"TN-MKT-THE-132","TN-COM-SUG","Medium","Year-Round","false"
"TN-MKT-THE-132","TN-COM-PAD","High","Kharif","false"
"TN-MKT-THE-132","TN-COM-COT","Medium","Kharif","false"
"TN-MKT-THE-132","TN-COM-MAN","High","Zaid","false"
"TN-MKT-THE-132","TN-COM-JAS","Medium","Year-Round","false"
"TN-MKT-THE-133","TN-COM-TOM","High","Year-Round","true"
"TN-MKT-THE-133","TN-COM-ONI","Medium","Rabi","true"
"TN-MKT-THE-133","TN-COM-POT","High","Rabi","true"
"TN-MKT-THE-133","TN-COM-BRI","Medium","Year-Round","true"
"TN-MKT-THE-133","TN-COM-CHL","High","Kharif","false"
"TN-MKT-THE-133","TN-COM-BHE","Medium","Year-Round","false"
"TN-MKT-THE-133","TN-COM-DRM","High","Year-Round","false"
"TN-MKT-THE-133","TN-COM-BAN","Medium","Year-Round","false"
"TN-MKT-THE-133","TN-COM-COC","High","Year-Round","false"
"TN-MKT-THE-133","TN-COM-GND","Medium","Kharif","false"
"TN-MKT-THE-133","TN-COM-TUR","High","Rabi","false"
"TN-MKT-THE-133","TN-COM-SUG","Medium","Year-Round","false"
"TN-MKT-THE-133","TN-COM-PAD","High","Kharif","false"
"TN-MKT-THE-133","TN-COM-COT","Medium","Kharif","false"
"TN-MKT-THE-133","TN-COM-MAN","High","Zaid","false"
"TN-MKT-THE-133","TN-COM-JAS","Medium","Year-Round","false"
"TN-MKT-THE-134","TN-COM-TOM","High","Year-Round","true"
"TN-MKT-THE-134","TN-COM-ONI","Medium","Rabi","true"
"TN-MKT-THE-134","TN-COM-POT","High","Rabi","true"
"TN-MKT-THE-134","TN-COM-BRI","Medium","Year-Round","true"
"TN-MKT-THE-134","TN-COM-CHL","High","Kharif","false"
"TN-MKT-THE-134","TN-COM-BHE","Medium","Year-Round","false"
"TN-MKT-THE-134","TN-COM-DRM","High","Year-Round","false"
"TN-MKT-THE-134","TN-COM-BAN","Medium","Year-Round","false"
"TN-MKT-THE-134","TN-COM-COC","High","Year-Round","false"
"TN-MKT-THE-134","TN-COM-GND","Medium","Kharif","false"
"TN-MKT-THE-134","TN-COM-TUR","High","Rabi","false"
"TN-MKT-THE-134","TN-COM-SUG","Medium","Year-Round","false"
"TN-MKT-THE-134","TN-COM-PAD","High","Kharif","false"
"TN-MKT-THE-134","TN-COM-COT","Medium","Kharif","false"
"TN-MKT-THE-134","TN-COM-MAN","High","Zaid","false"
"TN-MKT-THE-134","TN-COM-JAS","Medium","Year-Round","false"
"TN-MKT-THE-135","TN-COM-TOM","High","Year-Round","true"
"TN-MKT-THE-135","TN-COM-ONI","Medium","Rabi","true"
"TN-MKT-THE-135","TN-COM-POT","High","Rabi","true"
"TN-MKT-THE-135","TN-COM-BRI","Medium","Year-Round","true"
"TN-MKT-THE-135","TN-COM-CHL","High","Kharif","false"
"TN-MKT-THE-135","TN-COM-BHE","Medium","Year-Round","false"
"TN-MKT-THE-135","TN-COM-DRM","High","Year-Round","false"
"TN-MKT-THE-135","TN-COM-BAN","Medium","Year-Round","false"
"TN-MKT-THE-135","TN-COM-COC","High","Year-Round","false"
"TN-MKT-THE-135","TN-COM-GND","Medium","Kharif","false"
"TN-MKT-THE-135","TN-COM-TUR","High","Rabi","false"
"TN-MKT-THE-135","TN-COM-SUG","Medium","Year-Round","false"
"TN-MKT-THE-135","TN-COM-PAD","High","Kharif","false"
"TN-MKT-THE-135","TN-COM-COT","Medium","Kharif","false"
"TN-MKT-THE-135","TN-COM-MAN","High","Zaid","false"
"TN-MKT-THE-135","TN-COM-JAS","Medium","Year-Round","false"
"TN-MKT-THE-136","TN-COM-TOM","High","Year-Round","true"
"TN-MKT-THE-136","TN-COM-ONI","Medium","Rabi","true"
"TN-MKT-THE-136","TN-COM-POT","High","Rabi","true"
"TN-MKT-THE-136","TN-COM-BRI","Medium","Year-Round","true"
"TN-MKT-THE-136","TN-COM-CHL","High","Kharif","false"
"TN-MKT-THE-136","TN-COM-BHE","Medium","Year-Round","false"
"TN-MKT-THE-136","TN-COM-DRM","High","Year-Round","false"
"TN-MKT-THE-136","TN-COM-BAN","Medium","Year-Round","false"
"TN-MKT-THE-136","TN-COM-COC","High","Year-Round","false"
"TN-MKT-THE-136","TN-COM-GND","Medium","Kharif","false"
"TN-MKT-THE-136","TN-COM-TUR","High","Rabi","false"
"TN-MKT-THE-136","TN-COM-SUG","Medium","Year-Round","false"
"TN-MKT-THE-136","TN-COM-PAD","High","Kharif","false"
"TN-MKT-THE-136","TN-COM-COT","Medium","Kharif","false"
"TN-MKT-THE-136","TN-COM-MAN","High","Zaid","false"
"TN-MKT-THE-136","TN-COM-JAS","Medium","Year-Round","false"
"TN-MKT-THE-137","TN-COM-TOM","High","Year-Round","true"
"TN-MKT-THE-137","TN-COM-ONI","Medium","Rabi","true"
"TN-MKT-THE-137","TN-COM-POT","High","Rabi","true"
"TN-MKT-THE-137","TN-COM-BRI","Medium","Year-Round","true"
"TN-MKT-THE-137","TN-COM-CHL","High","Kharif","false"
"TN-MKT-THE-137","TN-COM-BHE","Medium","Year-Round","false"
"TN-MKT-THE-137","TN-COM-DRM","High","Year-Round","false"
"TN-MKT-THE-137","TN-COM-BAN","Medium","Year-Round","false"
"TN-MKT-THE-137","TN-COM-COC","High","Year-Round","false"
"TN-MKT-THE-137","TN-COM-GND","Medium","Kharif","false"
"TN-MKT-THE-137","TN-COM-TUR","High","Rabi","false"
"TN-MKT-THE-137","TN-COM-SUG","Medium","Year-Round","false"
"TN-MKT-THE-137","TN-COM-PAD","High","Kharif","false"
"TN-MKT-THE-137","TN-COM-COT","Medium","Kharif","false"
"TN-MKT-THE-137","TN-COM-MAN","High","Zaid","false"
"TN-MKT-THE-137","TN-COM-JAS","Medium","Year-Round","false"
"TN-MKT-THE-138","TN-COM-TOM","High","Year-Round","true"
"TN-MKT-THE-138","TN-COM-ONI","Medium","Rabi","true"
"TN-MKT-THE-138","TN-COM-POT","High","Rabi","true"
"TN-MKT-THE-138","TN-COM-BRI","Medium","Year-Round","true"
"TN-MKT-THE-138","TN-COM-CHL","High","Kharif","false"
"TN-MKT-THE-138","TN-COM-BHE","Medium","Year-Round","false"
"TN-MKT-THE-138","TN-COM-DRM","High","Year-Round","false"
"TN-MKT-THE-138","TN-COM-BAN","Medium","Year-Round","false"
"TN-MKT-THE-138","TN-COM-COC","High","Year-Round","false"
"TN-MKT-THE-138","TN-COM-GND","Medium","Kharif","false"
"TN-MKT-THE-138","TN-COM-TUR","High","Rabi","false"
"TN-MKT-THE-138","TN-COM-SUG","Medium","Year-Round","false"
"TN-MKT-THE-138","TN-COM-PAD","High","Kharif","false"
"TN-MKT-THE-138","TN-COM-COT","Medium","Kharif","false"
"TN-MKT-THE-138","TN-COM-MAN","High","Zaid","false"
"TN-MKT-THE-138","TN-COM-JAS","Medium","Year-Round","false"
"TN-MKT-SIV-139","TN-COM-TOM","High","Year-Round","true"
"TN-MKT-SIV-139","TN-COM-ONI","Medium","Rabi","true"
"TN-MKT-SIV-139","TN-COM-POT","High","Rabi","true"
"TN-MKT-SIV-139","TN-COM-BRI","Medium","Year-Round","true"
"TN-MKT-SIV-139","TN-COM-CHL","High","Kharif","false"
"TN-MKT-SIV-139","TN-COM-BHE","Medium","Year-Round","false"
"TN-MKT-SIV-139","TN-COM-DRM","High","Year-Round","false"
"TN-MKT-SIV-139","TN-COM-BAN","Medium","Year-Round","false"
"TN-MKT-SIV-139","TN-COM-COC","High","Year-Round","false"
"TN-MKT-SIV-139","TN-COM-GND","Medium","Kharif","false"
"TN-MKT-SIV-139","TN-COM-TUR","High","Rabi","false"
"TN-MKT-SIV-139","TN-COM-SUG","Medium","Year-Round","false"
"TN-MKT-SIV-139","TN-COM-PAD","High","Kharif","false"
"TN-MKT-SIV-139","TN-COM-COT","Medium","Kharif","false"
"TN-MKT-SIV-139","TN-COM-MAN","High","Zaid","false"
"TN-MKT-SIV-139","TN-COM-JAS","Medium","Year-Round","false"
"TN-MKT-SIV-140","TN-COM-TOM","High","Year-Round","true"
"TN-MKT-SIV-140","TN-COM-ONI","Medium","Rabi","true"
"TN-MKT-SIV-140","TN-COM-POT","High","Rabi","true"
"TN-MKT-SIV-140","TN-COM-BRI","Medium","Year-Round","true"
"TN-MKT-SIV-140","TN-COM-CHL","High","Kharif","false"
"TN-MKT-SIV-140","TN-COM-BHE","Medium","Year-Round","false"
"TN-MKT-SIV-140","TN-COM-DRM","High","Year-Round","false"
"TN-MKT-SIV-140","TN-COM-BAN","Medium","Year-Round","false"
"TN-MKT-SIV-140","TN-COM-COC","High","Year-Round","false"
"TN-MKT-SIV-140","TN-COM-GND","Medium","Kharif","false"
"TN-MKT-SIV-140","TN-COM-TUR","High","Rabi","false"
"TN-MKT-SIV-140","TN-COM-SUG","Medium","Year-Round","false"
"TN-MKT-SIV-140","TN-COM-PAD","High","Kharif","false"
"TN-MKT-SIV-140","TN-COM-COT","Medium","Kharif","false"
"TN-MKT-SIV-140","TN-COM-MAN","High","Zaid","false"
"TN-MKT-SIV-140","TN-COM-JAS","Medium","Year-Round","false"
"TN-MKT-SIV-141","TN-COM-TOM","High","Year-Round","true"
"TN-MKT-SIV-141","TN-COM-ONI","Medium","Rabi","true"
"TN-MKT-SIV-141","TN-COM-POT","High","Rabi","true"
"TN-MKT-SIV-141","TN-COM-BRI","Medium","Year-Round","true"
"TN-MKT-SIV-141","TN-COM-CHL","High","Kharif","false"
"TN-MKT-SIV-141","TN-COM-BHE","Medium","Year-Round","false"
"TN-MKT-SIV-141","TN-COM-DRM","High","Year-Round","false"
"TN-MKT-SIV-141","TN-COM-BAN","Medium","Year-Round","false"
"TN-MKT-SIV-141","TN-COM-COC","High","Year-Round","false"
"TN-MKT-SIV-141","TN-COM-GND","Medium","Kharif","false"
"TN-MKT-SIV-141","TN-COM-TUR","High","Rabi","false"
"TN-MKT-SIV-141","TN-COM-SUG","Medium","Year-Round","false"
"TN-MKT-SIV-141","TN-COM-PAD","High","Kharif","false"
"TN-MKT-SIV-141","TN-COM-COT","Medium","Kharif","false"
"TN-MKT-SIV-141","TN-COM-MAN","High","Zaid","false"
"TN-MKT-SIV-141","TN-COM-JAS","Medium","Year-Round","false"
"TN-MKT-SIV-142","TN-COM-TOM","High","Year-Round","true"
"TN-MKT-SIV-142","TN-COM-ONI","Medium","Rabi","true"
"TN-MKT-SIV-142","TN-COM-POT","High","Rabi","true"
"TN-MKT-SIV-142","TN-COM-BRI","Medium","Year-Round","true"
"TN-MKT-SIV-142","TN-COM-CHL","High","Kharif","false"
"TN-MKT-SIV-142","TN-COM-BHE","Medium","Year-Round","false"
"TN-MKT-SIV-142","TN-COM-DRM","High","Year-Round","false"
"TN-MKT-SIV-142","TN-COM-BAN","Medium","Year-Round","false"
"TN-MKT-SIV-142","TN-COM-COC","High","Year-Round","false"
"TN-MKT-SIV-142","TN-COM-GND","Medium","Kharif","false"
"TN-MKT-SIV-142","TN-COM-TUR","High","Rabi","false"
"TN-MKT-SIV-142","TN-COM-SUG","Medium","Year-Round","false"
"TN-MKT-SIV-142","TN-COM-PAD","High","Kharif","false"
"TN-MKT-SIV-142","TN-COM-COT","Medium","Kharif","false"
"TN-MKT-SIV-142","TN-COM-MAN","High","Zaid","false"
"TN-MKT-SIV-142","TN-COM-JAS","Medium","Year-Round","false"
"TN-MKT-SIV-143","TN-COM-TOM","High","Year-Round","true"
"TN-MKT-SIV-143","TN-COM-ONI","Medium","Rabi","true"
"TN-MKT-SIV-143","TN-COM-POT","High","Rabi","true"
"TN-MKT-SIV-143","TN-COM-BRI","Medium","Year-Round","true"
"TN-MKT-SIV-143","TN-COM-CHL","High","Kharif","false"
"TN-MKT-SIV-143","TN-COM-BHE","Medium","Year-Round","false"
"TN-MKT-SIV-143","TN-COM-DRM","High","Year-Round","false"
"TN-MKT-SIV-143","TN-COM-BAN","Medium","Year-Round","false"
"TN-MKT-SIV-143","TN-COM-COC","High","Year-Round","false"
"TN-MKT-SIV-143","TN-COM-GND","Medium","Kharif","false"
"TN-MKT-SIV-143","TN-COM-TUR","High","Rabi","false"
"TN-MKT-SIV-143","TN-COM-SUG","Medium","Year-Round","false"
"TN-MKT-SIV-143","TN-COM-PAD","High","Kharif","false"
"TN-MKT-SIV-143","TN-COM-COT","Medium","Kharif","false"
"TN-MKT-SIV-143","TN-COM-MAN","High","Zaid","false"
"TN-MKT-SIV-143","TN-COM-JAS","Medium","Year-Round","false"
"TN-MKT-RAM-144","TN-COM-TOM","High","Year-Round","true"
"TN-MKT-RAM-144","TN-COM-ONI","Medium","Rabi","true"
"TN-MKT-RAM-144","TN-COM-POT","High","Rabi","true"
"TN-MKT-RAM-144","TN-COM-BRI","Medium","Year-Round","true"
"TN-MKT-RAM-144","TN-COM-CHL","High","Kharif","false"
"TN-MKT-RAM-144","TN-COM-BHE","Medium","Year-Round","false"
"TN-MKT-RAM-144","TN-COM-DRM","High","Year-Round","false"
"TN-MKT-RAM-144","TN-COM-BAN","Medium","Year-Round","false"
"TN-MKT-RAM-144","TN-COM-COC","High","Year-Round","false"
"TN-MKT-RAM-144","TN-COM-GND","Medium","Kharif","false"
"TN-MKT-RAM-144","TN-COM-TUR","High","Rabi","false"
"TN-MKT-RAM-144","TN-COM-SUG","Medium","Year-Round","false"
"TN-MKT-RAM-144","TN-COM-PAD","High","Kharif","false"
"TN-MKT-RAM-144","TN-COM-COT","Medium","Kharif","false"
"TN-MKT-RAM-144","TN-COM-MAN","High","Zaid","false"
"TN-MKT-RAM-144","TN-COM-JAS","Medium","Year-Round","false"
"TN-MKT-RAM-145","TN-COM-TOM","High","Year-Round","true"
"TN-MKT-RAM-145","TN-COM-ONI","Medium","Rabi","true"
"TN-MKT-RAM-145","TN-COM-POT","High","Rabi","true"
"TN-MKT-RAM-145","TN-COM-BRI","Medium","Year-Round","true"
"TN-MKT-RAM-145","TN-COM-CHL","High","Kharif","false"
"TN-MKT-RAM-145","TN-COM-BHE","Medium","Year-Round","false"
"TN-MKT-RAM-145","TN-COM-DRM","High","Year-Round","false"
"TN-MKT-RAM-145","TN-COM-BAN","Medium","Year-Round","false"
"TN-MKT-RAM-145","TN-COM-COC","High","Year-Round","false"
"TN-MKT-RAM-145","TN-COM-GND","Medium","Kharif","false"
"TN-MKT-RAM-145","TN-COM-TUR","High","Rabi","false"
"TN-MKT-RAM-145","TN-COM-SUG","Medium","Year-Round","false"
"TN-MKT-RAM-145","TN-COM-PAD","High","Kharif","false"
"TN-MKT-RAM-145","TN-COM-COT","Medium","Kharif","false"
"TN-MKT-RAM-145","TN-COM-MAN","High","Zaid","false"
"TN-MKT-RAM-145","TN-COM-JAS","Medium","Year-Round","false"
"TN-MKT-RAM-146","TN-COM-TOM","High","Year-Round","true"
"TN-MKT-RAM-146","TN-COM-ONI","Medium","Rabi","true"
"TN-MKT-RAM-146","TN-COM-POT","High","Rabi","true"
"TN-MKT-RAM-146","TN-COM-BRI","Medium","Year-Round","true"
"TN-MKT-RAM-146","TN-COM-CHL","High","Kharif","false"
"TN-MKT-RAM-146","TN-COM-BHE","Medium","Year-Round","false"
"TN-MKT-RAM-146","TN-COM-DRM","High","Year-Round","false"
"TN-MKT-RAM-146","TN-COM-BAN","Medium","Year-Round","false"
"TN-MKT-RAM-146","TN-COM-COC","High","Year-Round","false"
"TN-MKT-RAM-146","TN-COM-GND","Medium","Kharif","false"
"TN-MKT-RAM-146","TN-COM-TUR","High","Rabi","false"
"TN-MKT-RAM-146","TN-COM-SUG","Medium","Year-Round","false"
"TN-MKT-RAM-146","TN-COM-PAD","High","Kharif","false"
"TN-MKT-RAM-146","TN-COM-COT","Medium","Kharif","false"
"TN-MKT-RAM-146","TN-COM-MAN","High","Zaid","false"
"TN-MKT-RAM-146","TN-COM-JAS","Medium","Year-Round","false"
"TN-MKT-VIR-147","TN-COM-TOM","High","Year-Round","true"
"TN-MKT-VIR-147","TN-COM-ONI","Medium","Rabi","true"
"TN-MKT-VIR-147","TN-COM-POT","High","Rabi","true"
"TN-MKT-VIR-147","TN-COM-BRI","Medium","Year-Round","true"
"TN-MKT-VIR-147","TN-COM-CHL","High","Kharif","false"
"TN-MKT-VIR-147","TN-COM-BHE","Medium","Year-Round","false"
"TN-MKT-VIR-147","TN-COM-DRM","High","Year-Round","false"
"TN-MKT-VIR-147","TN-COM-BAN","Medium","Year-Round","false"
"TN-MKT-VIR-147","TN-COM-COC","High","Year-Round","false"
"TN-MKT-VIR-147","TN-COM-GND","Medium","Kharif","false"
"TN-MKT-VIR-147","TN-COM-TUR","High","Rabi","false"
"TN-MKT-VIR-147","TN-COM-SUG","Medium","Year-Round","false"
"TN-MKT-VIR-147","TN-COM-PAD","High","Kharif","false"
"TN-MKT-VIR-147","TN-COM-COT","Medium","Kharif","false"
"TN-MKT-VIR-147","TN-COM-MAN","High","Zaid","false"
"TN-MKT-VIR-147","TN-COM-JAS","Medium","Year-Round","false"
"TN-MKT-VIR-148","TN-COM-TOM","High","Year-Round","true"
"TN-MKT-VIR-148","TN-COM-ONI","Medium","Rabi","true"
"TN-MKT-VIR-148","TN-COM-POT","High","Rabi","true"
"TN-MKT-VIR-148","TN-COM-BRI","Medium","Year-Round","true"
"TN-MKT-VIR-148","TN-COM-CHL","High","Kharif","false"
"TN-MKT-VIR-148","TN-COM-BHE","Medium","Year-Round","false"
"TN-MKT-VIR-148","TN-COM-DRM","High","Year-Round","false"
"TN-MKT-VIR-148","TN-COM-BAN","Medium","Year-Round","false"
"TN-MKT-VIR-148","TN-COM-COC","High","Year-Round","false"
"TN-MKT-VIR-148","TN-COM-GND","Medium","Kharif","false"
"TN-MKT-VIR-148","TN-COM-TUR","High","Rabi","false"
"TN-MKT-VIR-148","TN-COM-SUG","Medium","Year-Round","false"
"TN-MKT-VIR-148","TN-COM-PAD","High","Kharif","false"
"TN-MKT-VIR-148","TN-COM-COT","Medium","Kharif","false"
"TN-MKT-VIR-148","TN-COM-MAN","High","Zaid","false"
"TN-MKT-VIR-148","TN-COM-JAS","Medium","Year-Round","false"
"TN-MKT-VIR-149","TN-COM-TOM","High","Year-Round","true"
"TN-MKT-VIR-149","TN-COM-ONI","Medium","Rabi","true"
"TN-MKT-VIR-149","TN-COM-POT","High","Rabi","true"
"TN-MKT-VIR-149","TN-COM-BRI","Medium","Year-Round","true"
"TN-MKT-VIR-149","TN-COM-CHL","High","Kharif","false"
"TN-MKT-VIR-149","TN-COM-BHE","Medium","Year-Round","false"
"TN-MKT-VIR-149","TN-COM-DRM","High","Year-Round","false"
"TN-MKT-VIR-149","TN-COM-BAN","Medium","Year-Round","false"
"TN-MKT-VIR-149","TN-COM-COC","High","Year-Round","false"
"TN-MKT-VIR-149","TN-COM-GND","Medium","Kharif","false"
"TN-MKT-VIR-149","TN-COM-TUR","High","Rabi","false"
"TN-MKT-VIR-149","TN-COM-SUG","Medium","Year-Round","false"
"TN-MKT-VIR-149","TN-COM-PAD","High","Kharif","false"
"TN-MKT-VIR-149","TN-COM-COT","Medium","Kharif","false"
"TN-MKT-VIR-149","TN-COM-MAN","High","Zaid","false"
"TN-MKT-VIR-149","TN-COM-JAS","Medium","Year-Round","false"
"TN-MKT-VIR-150","TN-COM-TOM","High","Year-Round","true"
"TN-MKT-VIR-150","TN-COM-ONI","Medium","Rabi","true"
"TN-MKT-VIR-150","TN-COM-POT","High","Rabi","true"
"TN-MKT-VIR-150","TN-COM-BRI","Medium","Year-Round","true"
"TN-MKT-VIR-150","TN-COM-CHL","High","Kharif","false"
"TN-MKT-VIR-150","TN-COM-BHE","Medium","Year-Round","false"
"TN-MKT-VIR-150","TN-COM-DRM","High","Year-Round","false"
"TN-MKT-VIR-150","TN-COM-BAN","Medium","Year-Round","false"
"TN-MKT-VIR-150","TN-COM-COC","High","Year-Round","false"
"TN-MKT-VIR-150","TN-COM-GND","Medium","Kharif","false"
"TN-MKT-VIR-150","TN-COM-TUR","High","Rabi","false"
"TN-MKT-VIR-150","TN-COM-SUG","Medium","Year-Round","false"
"TN-MKT-VIR-150","TN-COM-PAD","High","Kharif","false"
"TN-MKT-VIR-150","TN-COM-COT","Medium","Kharif","false"
"TN-MKT-VIR-150","TN-COM-MAN","High","Zaid","false"
"TN-MKT-VIR-150","TN-COM-JAS","Medium","Year-Round","false"
"TN-MKT-VIR-151","TN-COM-TOM","High","Year-Round","true"
"TN-MKT-VIR-151","TN-COM-ONI","Medium","Rabi","true"
"TN-MKT-VIR-151","TN-COM-POT","High","Rabi","true"
"TN-MKT-VIR-151","TN-COM-BRI","Medium","Year-Round","true"
"TN-MKT-VIR-151","TN-COM-CHL","High","Kharif","false"
"TN-MKT-VIR-151","TN-COM-BHE","Medium","Year-Round","false"
"TN-MKT-VIR-151","TN-COM-DRM","High","Year-Round","false"
"TN-MKT-VIR-151","TN-COM-BAN","Medium","Year-Round","false"
"TN-MKT-VIR-151","TN-COM-COC","High","Year-Round","false"
"TN-MKT-VIR-151","TN-COM-GND","Medium","Kharif","false"
"TN-MKT-VIR-151","TN-COM-TUR","High","Rabi","false"
"TN-MKT-VIR-151","TN-COM-SUG","Medium","Year-Round","false"
"TN-MKT-VIR-151","TN-COM-PAD","High","Kharif","false"
"TN-MKT-VIR-151","TN-COM-COT","Medium","Kharif","false"
"TN-MKT-VIR-151","TN-COM-MAN","High","Zaid","false"
"TN-MKT-VIR-151","TN-COM-JAS","Medium","Year-Round","false"
"TN-MKT-VIR-152","TN-COM-TOM","High","Year-Round","true"
"TN-MKT-VIR-152","TN-COM-ONI","Medium","Rabi","true"
"TN-MKT-VIR-152","TN-COM-POT","High","Rabi","true"
"TN-MKT-VIR-152","TN-COM-BRI","Medium","Year-Round","true"
"TN-MKT-VIR-152","TN-COM-CHL","High","Kharif","false"
"TN-MKT-VIR-152","TN-COM-BHE","Medium","Year-Round","false"
"TN-MKT-VIR-152","TN-COM-DRM","High","Year-Round","false"
"TN-MKT-VIR-152","TN-COM-BAN","Medium","Year-Round","false"
"TN-MKT-VIR-152","TN-COM-COC","High","Year-Round","false"
"TN-MKT-VIR-152","TN-COM-GND","Medium","Kharif","false"
"TN-MKT-VIR-152","TN-COM-TUR","High","Rabi","false"
"TN-MKT-VIR-152","TN-COM-SUG","Medium","Year-Round","false"
"TN-MKT-VIR-152","TN-COM-PAD","High","Kharif","false"
"TN-MKT-VIR-152","TN-COM-COT","Medium","Kharif","false"
"TN-MKT-VIR-152","TN-COM-MAN","High","Zaid","false"
"TN-MKT-VIR-152","TN-COM-JAS","Medium","Year-Round","false"
"TN-MKT-VIR-153","TN-COM-TOM","High","Year-Round","true"
"TN-MKT-VIR-153","TN-COM-ONI","Medium","Rabi","true"
"TN-MKT-VIR-153","TN-COM-POT","High","Rabi","true"
"TN-MKT-VIR-153","TN-COM-BRI","Medium","Year-Round","true"
"TN-MKT-VIR-153","TN-COM-CHL","High","Kharif","false"
"TN-MKT-VIR-153","TN-COM-BHE","Medium","Year-Round","false"
"TN-MKT-VIR-153","TN-COM-DRM","High","Year-Round","false"
"TN-MKT-VIR-153","TN-COM-BAN","Medium","Year-Round","false"
"TN-MKT-VIR-153","TN-COM-COC","High","Year-Round","false"
"TN-MKT-VIR-153","TN-COM-GND","Medium","Kharif","false"
"TN-MKT-VIR-153","TN-COM-TUR","High","Rabi","false"
"TN-MKT-VIR-153","TN-COM-SUG","Medium","Year-Round","false"
"TN-MKT-VIR-153","TN-COM-PAD","High","Kharif","false"
"TN-MKT-VIR-153","TN-COM-COT","Medium","Kharif","false"
"TN-MKT-VIR-153","TN-COM-MAN","High","Zaid","false"
"TN-MKT-VIR-153","TN-COM-JAS","Medium","Year-Round","false"
"TN-MKT-VIR-154","TN-COM-TOM","High","Year-Round","true"
"TN-MKT-VIR-154","TN-COM-ONI","Medium","Rabi","true"
"TN-MKT-VIR-154","TN-COM-POT","High","Rabi","true"
"TN-MKT-VIR-154","TN-COM-BRI","Medium","Year-Round","true"
"TN-MKT-VIR-154","TN-COM-CHL","High","Kharif","false"
"TN-MKT-VIR-154","TN-COM-BHE","Medium","Year-Round","false"
"TN-MKT-VIR-154","TN-COM-DRM","High","Year-Round","false"
"TN-MKT-VIR-154","TN-COM-BAN","Medium","Year-Round","false"
"TN-MKT-VIR-154","TN-COM-COC","High","Year-Round","false"
"TN-MKT-VIR-154","TN-COM-GND","Medium","Kharif","false"
"TN-MKT-VIR-154","TN-COM-TUR","High","Rabi","false"
"TN-MKT-VIR-154","TN-COM-SUG","Medium","Year-Round","false"
"TN-MKT-VIR-154","TN-COM-PAD","High","Kharif","false"
"TN-MKT-VIR-154","TN-COM-COT","Medium","Kharif","false"
"TN-MKT-VIR-154","TN-COM-MAN","High","Zaid","false"
"TN-MKT-VIR-154","TN-COM-JAS","Medium","Year-Round","false"
"TN-MKT-TIR-155","TN-COM-TOM","High","Year-Round","true"
"TN-MKT-TIR-155","TN-COM-ONI","Medium","Rabi","true"
"TN-MKT-TIR-155","TN-COM-POT","High","Rabi","true"
"TN-MKT-TIR-155","TN-COM-BRI","Medium","Year-Round","true"
"TN-MKT-TIR-155","TN-COM-CHL","High","Kharif","false"
"TN-MKT-TIR-155","TN-COM-BHE","Medium","Year-Round","false"
"TN-MKT-TIR-155","TN-COM-DRM","High","Year-Round","false"
"TN-MKT-TIR-155","TN-COM-BAN","Medium","Year-Round","false"
"TN-MKT-TIR-155","TN-COM-COC","High","Year-Round","false"
"TN-MKT-TIR-155","TN-COM-GND","Medium","Kharif","false"
"TN-MKT-TIR-155","TN-COM-TUR","High","Rabi","false"
"TN-MKT-TIR-155","TN-COM-SUG","Medium","Year-Round","false"
"TN-MKT-TIR-155","TN-COM-PAD","High","Kharif","false"
"TN-MKT-TIR-155","TN-COM-COT","Medium","Kharif","false"
"TN-MKT-TIR-155","TN-COM-MAN","High","Zaid","false"
"TN-MKT-TIR-155","TN-COM-JAS","Medium","Year-Round","false"
"TN-MKT-TIR-156","TN-COM-TOM","High","Year-Round","true"
"TN-MKT-TIR-156","TN-COM-ONI","Medium","Rabi","true"
"TN-MKT-TIR-156","TN-COM-POT","High","Rabi","true"
"TN-MKT-TIR-156","TN-COM-BRI","Medium","Year-Round","true"
"TN-MKT-TIR-156","TN-COM-CHL","High","Kharif","false"
"TN-MKT-TIR-156","TN-COM-BHE","Medium","Year-Round","false"
"TN-MKT-TIR-156","TN-COM-DRM","High","Year-Round","false"
"TN-MKT-TIR-156","TN-COM-BAN","Medium","Year-Round","false"
"TN-MKT-TIR-156","TN-COM-COC","High","Year-Round","false"
"TN-MKT-TIR-156","TN-COM-GND","Medium","Kharif","false"
"TN-MKT-TIR-156","TN-COM-TUR","High","Rabi","false"
"TN-MKT-TIR-156","TN-COM-SUG","Medium","Year-Round","false"
"TN-MKT-TIR-156","TN-COM-PAD","High","Kharif","false"
"TN-MKT-TIR-156","TN-COM-COT","Medium","Kharif","false"
"TN-MKT-TIR-156","TN-COM-MAN","High","Zaid","false"
"TN-MKT-TIR-156","TN-COM-JAS","Medium","Year-Round","false"
"TN-MKT-TIR-157","TN-COM-TOM","High","Year-Round","true"
"TN-MKT-TIR-157","TN-COM-ONI","Medium","Rabi","true"
"TN-MKT-TIR-157","TN-COM-POT","High","Rabi","true"
"TN-MKT-TIR-157","TN-COM-BRI","Medium","Year-Round","true"
"TN-MKT-TIR-157","TN-COM-CHL","High","Kharif","false"
"TN-MKT-TIR-157","TN-COM-BHE","Medium","Year-Round","false"
"TN-MKT-TIR-157","TN-COM-DRM","High","Year-Round","false"
"TN-MKT-TIR-157","TN-COM-BAN","Medium","Year-Round","false"
"TN-MKT-TIR-157","TN-COM-COC","High","Year-Round","false"
"TN-MKT-TIR-157","TN-COM-GND","Medium","Kharif","false"
"TN-MKT-TIR-157","TN-COM-TUR","High","Rabi","false"
"TN-MKT-TIR-157","TN-COM-SUG","Medium","Year-Round","false"
"TN-MKT-TIR-157","TN-COM-PAD","High","Kharif","false"
"TN-MKT-TIR-157","TN-COM-COT","Medium","Kharif","false"
"TN-MKT-TIR-157","TN-COM-MAN","High","Zaid","false"
"TN-MKT-TIR-157","TN-COM-JAS","Medium","Year-Round","false"
"TN-MKT-TIR-158","TN-COM-TOM","High","Year-Round","true"
"TN-MKT-TIR-158","TN-COM-ONI","Medium","Rabi","true"
"TN-MKT-TIR-158","TN-COM-POT","High","Rabi","true"
"TN-MKT-TIR-158","TN-COM-BRI","Medium","Year-Round","true"
"TN-MKT-TIR-158","TN-COM-CHL","High","Kharif","false"
"TN-MKT-TIR-158","TN-COM-BHE","Medium","Year-Round","false"
"TN-MKT-TIR-158","TN-COM-DRM","High","Year-Round","false"
"TN-MKT-TIR-158","TN-COM-BAN","Medium","Year-Round","false"
"TN-MKT-TIR-158","TN-COM-COC","High","Year-Round","false"
"TN-MKT-TIR-158","TN-COM-GND","Medium","Kharif","false"
"TN-MKT-TIR-158","TN-COM-TUR","High","Rabi","false"
"TN-MKT-TIR-158","TN-COM-SUG","Medium","Year-Round","false"
"TN-MKT-TIR-158","TN-COM-PAD","High","Kharif","false"
"TN-MKT-TIR-158","TN-COM-COT","Medium","Kharif","false"
"TN-MKT-TIR-158","TN-COM-MAN","High","Zaid","false"
"TN-MKT-TIR-158","TN-COM-JAS","Medium","Year-Round","false"
"TN-MKT-TIR-159","TN-COM-TOM","High","Year-Round","true"
"TN-MKT-TIR-159","TN-COM-ONI","Medium","Rabi","true"
"TN-MKT-TIR-159","TN-COM-POT","High","Rabi","true"
"TN-MKT-TIR-159","TN-COM-BRI","Medium","Year-Round","true"
"TN-MKT-TIR-159","TN-COM-CHL","High","Kharif","false"
"TN-MKT-TIR-159","TN-COM-BHE","Medium","Year-Round","false"
"TN-MKT-TIR-159","TN-COM-DRM","High","Year-Round","false"
"TN-MKT-TIR-159","TN-COM-BAN","Medium","Year-Round","false"
"TN-MKT-TIR-159","TN-COM-COC","High","Year-Round","false"
"TN-MKT-TIR-159","TN-COM-GND","Medium","Kharif","false"
"TN-MKT-TIR-159","TN-COM-TUR","High","Rabi","false"
"TN-MKT-TIR-159","TN-COM-SUG","Medium","Year-Round","false"
"TN-MKT-TIR-159","TN-COM-PAD","High","Kharif","false"
"TN-MKT-TIR-159","TN-COM-COT","Medium","Kharif","false"
"TN-MKT-TIR-159","TN-COM-MAN","High","Zaid","false"
"TN-MKT-TIR-159","TN-COM-JAS","Medium","Year-Round","false"
"TN-MKT-THO-160","TN-COM-TOM","High","Year-Round","true"
"TN-MKT-THO-160","TN-COM-ONI","Medium","Rabi","true"
"TN-MKT-THO-160","TN-COM-POT","High","Rabi","true"
"TN-MKT-THO-160","TN-COM-BRI","Medium","Year-Round","true"
"TN-MKT-THO-160","TN-COM-CHL","High","Kharif","false"
"TN-MKT-THO-160","TN-COM-BHE","Medium","Year-Round","false"
"TN-MKT-THO-160","TN-COM-DRM","High","Year-Round","false"
"TN-MKT-THO-160","TN-COM-BAN","Medium","Year-Round","false"
"TN-MKT-THO-160","TN-COM-COC","High","Year-Round","false"
"TN-MKT-THO-160","TN-COM-GND","Medium","Kharif","false"
"TN-MKT-THO-160","TN-COM-TUR","High","Rabi","false"
"TN-MKT-THO-160","TN-COM-SUG","Medium","Year-Round","false"
"TN-MKT-THO-160","TN-COM-PAD","High","Kharif","false"
"TN-MKT-THO-160","TN-COM-COT","Medium","Kharif","false"
"TN-MKT-THO-160","TN-COM-MAN","High","Zaid","false"
"TN-MKT-THO-160","TN-COM-JAS","Medium","Year-Round","false"
"TN-MKT-THO-161","TN-COM-TOM","High","Year-Round","true"
"TN-MKT-THO-161","TN-COM-ONI","Medium","Rabi","true"
"TN-MKT-THO-161","TN-COM-POT","High","Rabi","true"
"TN-MKT-THO-161","TN-COM-BRI","Medium","Year-Round","true"
"TN-MKT-THO-161","TN-COM-CHL","High","Kharif","false"
"TN-MKT-THO-161","TN-COM-BHE","Medium","Year-Round","false"
"TN-MKT-THO-161","TN-COM-DRM","High","Year-Round","false"
"TN-MKT-THO-161","TN-COM-BAN","Medium","Year-Round","false"
"TN-MKT-THO-161","TN-COM-COC","High","Year-Round","false"
"TN-MKT-THO-161","TN-COM-GND","Medium","Kharif","false"
"TN-MKT-THO-161","TN-COM-TUR","High","Rabi","false"
"TN-MKT-THO-161","TN-COM-SUG","Medium","Year-Round","false"
"TN-MKT-THO-161","TN-COM-PAD","High","Kharif","false"
"TN-MKT-THO-161","TN-COM-COT","Medium","Kharif","false"
"TN-MKT-THO-161","TN-COM-MAN","High","Zaid","false"
"TN-MKT-THO-161","TN-COM-JAS","Medium","Year-Round","false"
"TN-MKT-KAN-162","TN-COM-TOM","High","Year-Round","true"
"TN-MKT-KAN-162","TN-COM-ONI","Medium","Rabi","true"
"TN-MKT-KAN-162","TN-COM-POT","High","Rabi","true"
"TN-MKT-KAN-162","TN-COM-BRI","Medium","Year-Round","true"
"TN-MKT-KAN-162","TN-COM-CHL","High","Kharif","false"
"TN-MKT-KAN-162","TN-COM-BHE","Medium","Year-Round","false"
"TN-MKT-KAN-162","TN-COM-DRM","High","Year-Round","false"
"TN-MKT-KAN-162","TN-COM-BAN","Medium","Year-Round","false"
"TN-MKT-KAN-162","TN-COM-COC","High","Year-Round","false"
"TN-MKT-KAN-162","TN-COM-GND","Medium","Kharif","false"
"TN-MKT-KAN-162","TN-COM-TUR","High","Rabi","false"
"TN-MKT-KAN-162","TN-COM-SUG","Medium","Year-Round","false"
"TN-MKT-KAN-162","TN-COM-PAD","High","Kharif","false"
"TN-MKT-KAN-162","TN-COM-COT","Medium","Kharif","false"
"TN-MKT-KAN-162","TN-COM-MAN","High","Zaid","false"
"TN-MKT-KAN-162","TN-COM-JAS","Medium","Year-Round","false"
"TN-MKT-KAN-163","TN-COM-TOM","High","Year-Round","true"
"TN-MKT-KAN-163","TN-COM-ONI","Medium","Rabi","true"
"TN-MKT-KAN-163","TN-COM-POT","High","Rabi","true"
"TN-MKT-KAN-163","TN-COM-BRI","Medium","Year-Round","true"
"TN-MKT-KAN-163","TN-COM-CHL","High","Kharif","false"
"TN-MKT-KAN-163","TN-COM-BHE","Medium","Year-Round","false"
"TN-MKT-KAN-163","TN-COM-DRM","High","Year-Round","false"
"TN-MKT-KAN-163","TN-COM-BAN","Medium","Year-Round","false"
"TN-MKT-KAN-163","TN-COM-COC","High","Year-Round","false"
"TN-MKT-KAN-163","TN-COM-GND","Medium","Kharif","false"
"TN-MKT-KAN-163","TN-COM-TUR","High","Rabi","false"
"TN-MKT-KAN-163","TN-COM-SUG","Medium","Year-Round","false"
"TN-MKT-KAN-163","TN-COM-PAD","High","Kharif","false"
"TN-MKT-KAN-163","TN-COM-COT","Medium","Kharif","false"
"TN-MKT-KAN-163","TN-COM-MAN","High","Zaid","false"
"TN-MKT-KAN-163","TN-COM-JAS","Medium","Year-Round","false"
"TN-MKT-ARI-164","TN-COM-TOM","High","Year-Round","true"
"TN-MKT-ARI-164","TN-COM-ONI","Medium","Rabi","true"
"TN-MKT-ARI-164","TN-COM-POT","High","Rabi","true"
"TN-MKT-ARI-164","TN-COM-BRI","Medium","Year-Round","true"
"TN-MKT-ARI-164","TN-COM-CHL","High","Kharif","false"
"TN-MKT-ARI-164","TN-COM-BHE","Medium","Year-Round","false"
"TN-MKT-ARI-164","TN-COM-DRM","High","Year-Round","false"
"TN-MKT-ARI-164","TN-COM-BAN","Medium","Year-Round","false"
"TN-MKT-ARI-164","TN-COM-COC","High","Year-Round","false"
"TN-MKT-ARI-164","TN-COM-GND","Medium","Kharif","false"
"TN-MKT-ARI-164","TN-COM-TUR","High","Rabi","false"
"TN-MKT-ARI-164","TN-COM-SUG","Medium","Year-Round","false"
"TN-MKT-ARI-164","TN-COM-PAD","High","Kharif","false"
"TN-MKT-ARI-164","TN-COM-COT","Medium","Kharif","false"
"TN-MKT-ARI-164","TN-COM-MAN","High","Zaid","false"
"TN-MKT-ARI-164","TN-COM-JAS","Medium","Year-Round","false"
"TN-MKT-ARI-165","TN-COM-TOM","High","Year-Round","true"
"TN-MKT-ARI-165","TN-COM-ONI","Medium","Rabi","true"
"TN-MKT-ARI-165","TN-COM-POT","High","Rabi","true"
"TN-MKT-ARI-165","TN-COM-BRI","Medium","Year-Round","true"
"TN-MKT-ARI-165","TN-COM-CHL","High","Kharif","false"
"TN-MKT-ARI-165","TN-COM-BHE","Medium","Year-Round","false"
"TN-MKT-ARI-165","TN-COM-DRM","High","Year-Round","false"
"TN-MKT-ARI-165","TN-COM-BAN","Medium","Year-Round","false"
"TN-MKT-ARI-165","TN-COM-COC","High","Year-Round","false"
"TN-MKT-ARI-165","TN-COM-GND","Medium","Kharif","false"
"TN-MKT-ARI-165","TN-COM-TUR","High","Rabi","false"
"TN-MKT-ARI-165","TN-COM-SUG","Medium","Year-Round","false"
"TN-MKT-ARI-165","TN-COM-PAD","High","Kharif","false"
"TN-MKT-ARI-165","TN-COM-COT","Medium","Kharif","false"
"TN-MKT-ARI-165","TN-COM-MAN","High","Zaid","false"
"TN-MKT-ARI-165","TN-COM-JAS","Medium","Year-Round","false"
"TN-MKT-THE-166","TN-COM-TOM","High","Year-Round","true"
"TN-MKT-THE-166","TN-COM-ONI","Medium","Rabi","true"
"TN-MKT-THE-166","TN-COM-POT","High","Rabi","true"
"TN-MKT-THE-166","TN-COM-BRI","Medium","Year-Round","true"
"TN-MKT-THE-166","TN-COM-CHL","High","Kharif","false"
"TN-MKT-THE-166","TN-COM-BHE","Medium","Year-Round","false"
"TN-MKT-THE-166","TN-COM-DRM","High","Year-Round","false"
"TN-MKT-THE-166","TN-COM-BAN","Medium","Year-Round","false"
"TN-MKT-THE-166","TN-COM-COC","High","Year-Round","false"
"TN-MKT-THE-166","TN-COM-GND","Medium","Kharif","false"
"TN-MKT-THE-166","TN-COM-TUR","High","Rabi","false"
"TN-MKT-THE-166","TN-COM-SUG","Medium","Year-Round","false"
"TN-MKT-THE-166","TN-COM-PAD","High","Kharif","false"
"TN-MKT-THE-166","TN-COM-COT","Medium","Kharif","false"
"TN-MKT-THE-166","TN-COM-MAN","High","Zaid","false"
"TN-MKT-THE-166","TN-COM-JAS","Medium","Year-Round","false"
"TN-MKT-THE-167","TN-COM-TOM","High","Year-Round","true"
"TN-MKT-THE-167","TN-COM-ONI","Medium","Rabi","true"
"TN-MKT-THE-167","TN-COM-POT","High","Rabi","true"
"TN-MKT-THE-167","TN-COM-BRI","Medium","Year-Round","true"
"TN-MKT-THE-167","TN-COM-CHL","High","Kharif","false"
"TN-MKT-THE-167","TN-COM-BHE","Medium","Year-Round","false"
"TN-MKT-THE-167","TN-COM-DRM","High","Year-Round","false"
"TN-MKT-THE-167","TN-COM-BAN","Medium","Year-Round","false"
"TN-MKT-THE-167","TN-COM-COC","High","Year-Round","false"
"TN-MKT-THE-167","TN-COM-GND","Medium","Kharif","false"
"TN-MKT-THE-167","TN-COM-TUR","High","Rabi","false"
"TN-MKT-THE-167","TN-COM-SUG","Medium","Year-Round","false"
"TN-MKT-THE-167","TN-COM-PAD","High","Kharif","false"
"TN-MKT-THE-167","TN-COM-COT","Medium","Kharif","false"
"TN-MKT-THE-167","TN-COM-MAN","High","Zaid","false"
"TN-MKT-THE-167","TN-COM-JAS","Medium","Year-Round","false"
"TN-MKT-THE-168","TN-COM-TOM","High","Year-Round","true"
"TN-MKT-THE-168","TN-COM-ONI","Medium","Rabi","true"
"TN-MKT-THE-168","TN-COM-POT","High","Rabi","true"
"TN-MKT-THE-168","TN-COM-BRI","Medium","Year-Round","true"
"TN-MKT-THE-168","TN-COM-CHL","High","Kharif","false"
"TN-MKT-THE-168","TN-COM-BHE","Medium","Year-Round","false"
"TN-MKT-THE-168","TN-COM-DRM","High","Year-Round","false"
"TN-MKT-THE-168","TN-COM-BAN","Medium","Year-Round","false"
"TN-MKT-THE-168","TN-COM-COC","High","Year-Round","false"
"TN-MKT-THE-168","TN-COM-GND","Medium","Kharif","false"
"TN-MKT-THE-168","TN-COM-TUR","High","Rabi","false"
"TN-MKT-THE-168","TN-COM-SUG","Medium","Year-Round","false"
"TN-MKT-THE-168","TN-COM-PAD","High","Kharif","false"
"TN-MKT-THE-168","TN-COM-COT","Medium","Kharif","false"
"TN-MKT-THE-168","TN-COM-MAN","High","Zaid","false"
"TN-MKT-THE-168","TN-COM-JAS","Medium","Year-Round","false"
"TN-MKT-THE-169","TN-COM-TOM","High","Year-Round","true"
"TN-MKT-THE-169","TN-COM-ONI","Medium","Rabi","true"
"TN-MKT-THE-169","TN-COM-POT","High","Rabi","true"
"TN-MKT-THE-169","TN-COM-BRI","Medium","Year-Round","true"
"TN-MKT-THE-169","TN-COM-CHL","High","Kharif","false"
"TN-MKT-THE-169","TN-COM-BHE","Medium","Year-Round","false"
"TN-MKT-THE-169","TN-COM-DRM","High","Year-Round","false"
"TN-MKT-THE-169","TN-COM-BAN","Medium","Year-Round","false"
"TN-MKT-THE-169","TN-COM-COC","High","Year-Round","false"
"TN-MKT-THE-169","TN-COM-GND","Medium","Kharif","false"
"TN-MKT-THE-169","TN-COM-TUR","High","Rabi","false"
"TN-MKT-THE-169","TN-COM-SUG","Medium","Year-Round","false"
"TN-MKT-THE-169","TN-COM-PAD","High","Kharif","false"
"TN-MKT-THE-169","TN-COM-COT","Medium","Kharif","false"
"TN-MKT-THE-169","TN-COM-MAN","High","Zaid","false"
"TN-MKT-THE-169","TN-COM-JAS","Medium","Year-Round","false"
"TN-MKT-TIR-170","TN-COM-TOM","High","Year-Round","true"
"TN-MKT-TIR-170","TN-COM-ONI","Medium","Rabi","true"
"TN-MKT-TIR-170","TN-COM-POT","High","Rabi","true"
"TN-MKT-TIR-170","TN-COM-BRI","Medium","Year-Round","true"
"TN-MKT-TIR-170","TN-COM-CHL","High","Kharif","false"
"TN-MKT-TIR-170","TN-COM-BHE","Medium","Year-Round","false"
"TN-MKT-TIR-170","TN-COM-DRM","High","Year-Round","false"
"TN-MKT-TIR-170","TN-COM-BAN","Medium","Year-Round","false"
"TN-MKT-TIR-170","TN-COM-COC","High","Year-Round","false"
"TN-MKT-TIR-170","TN-COM-GND","Medium","Kharif","false"
"TN-MKT-TIR-170","TN-COM-TUR","High","Rabi","false"
"TN-MKT-TIR-170","TN-COM-SUG","Medium","Year-Round","false"
"TN-MKT-TIR-170","TN-COM-PAD","High","Kharif","false"
"TN-MKT-TIR-170","TN-COM-COT","Medium","Kharif","false"
"TN-MKT-TIR-170","TN-COM-MAN","High","Zaid","false"
"TN-MKT-TIR-170","TN-COM-JAS","Medium","Year-Round","false"
"TN-MKT-TIR-171","TN-COM-TOM","High","Year-Round","true"
"TN-MKT-TIR-171","TN-COM-ONI","Medium","Rabi","true"
"TN-MKT-TIR-171","TN-COM-POT","High","Rabi","true"
"TN-MKT-TIR-171","TN-COM-BRI","Medium","Year-Round","true"
"TN-MKT-TIR-171","TN-COM-CHL","High","Kharif","false"
"TN-MKT-TIR-171","TN-COM-BHE","Medium","Year-Round","false"
"TN-MKT-TIR-171","TN-COM-DRM","High","Year-Round","false"
"TN-MKT-TIR-171","TN-COM-BAN","Medium","Year-Round","false"
"TN-MKT-TIR-171","TN-COM-COC","High","Year-Round","false"
"TN-MKT-TIR-171","TN-COM-GND","Medium","Kharif","false"
"TN-MKT-TIR-171","TN-COM-TUR","High","Rabi","false"
"TN-MKT-TIR-171","TN-COM-SUG","Medium","Year-Round","false"
"TN-MKT-TIR-171","TN-COM-PAD","High","Kharif","false"
"TN-MKT-TIR-171","TN-COM-COT","Medium","Kharif","false"
"TN-MKT-TIR-171","TN-COM-MAN","High","Zaid","false"
"TN-MKT-TIR-171","TN-COM-JAS","Medium","Year-Round","false"
"TN-MKT-TIR-172","TN-COM-TOM","High","Year-Round","true"
"TN-MKT-TIR-172","TN-COM-ONI","Medium","Rabi","true"
"TN-MKT-TIR-172","TN-COM-POT","High","Rabi","true"
"TN-MKT-TIR-172","TN-COM-BRI","Medium","Year-Round","true"
"TN-MKT-TIR-172","TN-COM-CHL","High","Kharif","false"
"TN-MKT-TIR-172","TN-COM-BHE","Medium","Year-Round","false"
"TN-MKT-TIR-172","TN-COM-DRM","High","Year-Round","false"
"TN-MKT-TIR-172","TN-COM-BAN","Medium","Year-Round","false"
"TN-MKT-TIR-172","TN-COM-COC","High","Year-Round","false"
"TN-MKT-TIR-172","TN-COM-GND","Medium","Kharif","false"
"TN-MKT-TIR-172","TN-COM-TUR","High","Rabi","false"
"TN-MKT-TIR-172","TN-COM-SUG","Medium","Year-Round","false"
"TN-MKT-TIR-172","TN-COM-PAD","High","Kharif","false"
"TN-MKT-TIR-172","TN-COM-COT","Medium","Kharif","false"
"TN-MKT-TIR-172","TN-COM-MAN","High","Zaid","false"
"TN-MKT-TIR-172","TN-COM-JAS","Medium","Year-Round","false"
"TN-MKT-TIR-173","TN-COM-TOM","High","Year-Round","true"
"TN-MKT-TIR-173","TN-COM-ONI","Medium","Rabi","true"
"TN-MKT-TIR-173","TN-COM-POT","High","Rabi","true"
"TN-MKT-TIR-173","TN-COM-BRI","Medium","Year-Round","true"
"TN-MKT-TIR-173","TN-COM-CHL","High","Kharif","false"
"TN-MKT-TIR-173","TN-COM-BHE","Medium","Year-Round","false"
"TN-MKT-TIR-173","TN-COM-DRM","High","Year-Round","false"
"TN-MKT-TIR-173","TN-COM-BAN","Medium","Year-Round","false"
"TN-MKT-TIR-173","TN-COM-COC","High","Year-Round","false"
"TN-MKT-TIR-173","TN-COM-GND","Medium","Kharif","false"
"TN-MKT-TIR-173","TN-COM-TUR","High","Rabi","false"
"TN-MKT-TIR-173","TN-COM-SUG","Medium","Year-Round","false"
"TN-MKT-TIR-173","TN-COM-PAD","High","Kharif","false"
"TN-MKT-TIR-173","TN-COM-COT","Medium","Kharif","false"
"TN-MKT-TIR-173","TN-COM-MAN","High","Zaid","false"
"TN-MKT-TIR-173","TN-COM-JAS","Medium","Year-Round","false"
"TN-MKT-TIR-174","TN-COM-TOM","High","Year-Round","true"
"TN-MKT-TIR-174","TN-COM-ONI","Medium","Rabi","true"
"TN-MKT-TIR-174","TN-COM-POT","High","Rabi","true"
"TN-MKT-TIR-174","TN-COM-BRI","Medium","Year-Round","true"
"TN-MKT-TIR-174","TN-COM-CHL","High","Kharif","false"
"TN-MKT-TIR-174","TN-COM-BHE","Medium","Year-Round","false"
"TN-MKT-TIR-174","TN-COM-DRM","High","Year-Round","false"
"TN-MKT-TIR-174","TN-COM-BAN","Medium","Year-Round","false"
"TN-MKT-TIR-174","TN-COM-COC","High","Year-Round","false"
"TN-MKT-TIR-174","TN-COM-GND","Medium","Kharif","false"
"TN-MKT-TIR-174","TN-COM-TUR","High","Rabi","false"
"TN-MKT-TIR-174","TN-COM-SUG","Medium","Year-Round","false"
"TN-MKT-TIR-174","TN-COM-PAD","High","Kharif","false"
"TN-MKT-TIR-174","TN-COM-COT","Medium","Kharif","false"
"TN-MKT-TIR-174","TN-COM-MAN","High","Zaid","false"
"TN-MKT-TIR-174","TN-COM-JAS","Medium","Year-Round","false"
"TN-MKT-TIR-175","TN-COM-TOM","High","Year-Round","true"
"TN-MKT-TIR-175","TN-COM-ONI","Medium","Rabi","true"
"TN-MKT-TIR-175","TN-COM-POT","High","Rabi","true"
"TN-MKT-TIR-175","TN-COM-BRI","Medium","Year-Round","true"
"TN-MKT-TIR-175","TN-COM-CHL","High","Kharif","false"
"TN-MKT-TIR-175","TN-COM-BHE","Medium","Year-Round","false"
"TN-MKT-TIR-175","TN-COM-DRM","High","Year-Round","false"
"TN-MKT-TIR-175","TN-COM-BAN","Medium","Year-Round","false"
"TN-MKT-TIR-175","TN-COM-COC","High","Year-Round","false"
"TN-MKT-TIR-175","TN-COM-GND","Medium","Kharif","false"
"TN-MKT-TIR-175","TN-COM-TUR","High","Rabi","false"
"TN-MKT-TIR-175","TN-COM-SUG","Medium","Year-Round","false"
"TN-MKT-TIR-175","TN-COM-PAD","High","Kharif","false"
"TN-MKT-TIR-175","TN-COM-COT","Medium","Kharif","false"
"TN-MKT-TIR-175","TN-COM-MAN","High","Zaid","false"
"TN-MKT-TIR-175","TN-COM-JAS","Medium","Year-Round","false"
"TN-MKT-TEN-176","TN-COM-TOM","High","Year-Round","true"
"TN-MKT-TEN-176","TN-COM-ONI","Medium","Rabi","true"
"TN-MKT-TEN-176","TN-COM-POT","High","Rabi","true"
"TN-MKT-TEN-176","TN-COM-BRI","Medium","Year-Round","true"
"TN-MKT-TEN-176","TN-COM-CHL","High","Kharif","false"
"TN-MKT-TEN-176","TN-COM-BHE","Medium","Year-Round","false"
"TN-MKT-TEN-176","TN-COM-DRM","High","Year-Round","false"
"TN-MKT-TEN-176","TN-COM-BAN","Medium","Year-Round","false"
"TN-MKT-TEN-176","TN-COM-COC","High","Year-Round","false"
"TN-MKT-TEN-176","TN-COM-GND","Medium","Kharif","false"
"TN-MKT-TEN-176","TN-COM-TUR","High","Rabi","false"
"TN-MKT-TEN-176","TN-COM-SUG","Medium","Year-Round","false"
"TN-MKT-TEN-176","TN-COM-PAD","High","Kharif","false"
"TN-MKT-TEN-176","TN-COM-COT","Medium","Kharif","false"
"TN-MKT-TEN-176","TN-COM-MAN","High","Zaid","false"
"TN-MKT-TEN-176","TN-COM-JAS","Medium","Year-Round","false"
"TN-MKT-TEN-177","TN-COM-TOM","High","Year-Round","true"
"TN-MKT-TEN-177","TN-COM-ONI","Medium","Rabi","true"
"TN-MKT-TEN-177","TN-COM-POT","High","Rabi","true"
"TN-MKT-TEN-177","TN-COM-BRI","Medium","Year-Round","true"
"TN-MKT-TEN-177","TN-COM-CHL","High","Kharif","false"
"TN-MKT-TEN-177","TN-COM-BHE","Medium","Year-Round","false"
"TN-MKT-TEN-177","TN-COM-DRM","High","Year-Round","false"
"TN-MKT-TEN-177","TN-COM-BAN","Medium","Year-Round","false"
"TN-MKT-TEN-177","TN-COM-COC","High","Year-Round","false"
"TN-MKT-TEN-177","TN-COM-GND","Medium","Kharif","false"
"TN-MKT-TEN-177","TN-COM-TUR","High","Rabi","false"
"TN-MKT-TEN-177","TN-COM-SUG","Medium","Year-Round","false"
"TN-MKT-TEN-177","TN-COM-PAD","High","Kharif","false"
"TN-MKT-TEN-177","TN-COM-COT","Medium","Kharif","false"
"TN-MKT-TEN-177","TN-COM-MAN","High","Zaid","false"
"TN-MKT-TEN-177","TN-COM-JAS","Medium","Year-Round","false"
"TN-MKT-CHE-178","TN-COM-TOM","High","Year-Round","true"
"TN-MKT-CHE-178","TN-COM-ONI","Medium","Rabi","true"
"TN-MKT-CHE-178","TN-COM-POT","High","Rabi","true"
"TN-MKT-CHE-178","TN-COM-BRI","Medium","Year-Round","true"
"TN-MKT-CHE-178","TN-COM-CHL","High","Kharif","false"
"TN-MKT-CHE-178","TN-COM-BHE","Medium","Year-Round","false"
"TN-MKT-CHE-178","TN-COM-DRM","High","Year-Round","false"
"TN-MKT-CHE-178","TN-COM-BAN","Medium","Year-Round","false"
"TN-MKT-CHE-178","TN-COM-COC","High","Year-Round","false"
"TN-MKT-CHE-178","TN-COM-GND","Medium","Kharif","false"
"TN-MKT-CHE-178","TN-COM-TUR","High","Rabi","false"
"TN-MKT-CHE-178","TN-COM-SUG","Medium","Year-Round","false"
"TN-MKT-CHE-178","TN-COM-PAD","High","Kharif","false"
"TN-MKT-CHE-178","TN-COM-COT","Medium","Kharif","false"
"TN-MKT-CHE-178","TN-COM-MAN","High","Zaid","false"
"TN-MKT-CHE-178","TN-COM-JAS","Medium","Year-Round","false"
"TN-MKT-CHE-179","TN-COM-TOM","High","Year-Round","true"
"TN-MKT-CHE-179","TN-COM-ONI","Medium","Rabi","true"
"TN-MKT-CHE-179","TN-COM-POT","High","Rabi","true"
"TN-MKT-CHE-179","TN-COM-BRI","Medium","Year-Round","true"
"TN-MKT-CHE-179","TN-COM-CHL","High","Kharif","false"
"TN-MKT-CHE-179","TN-COM-BHE","Medium","Year-Round","false"
"TN-MKT-CHE-179","TN-COM-DRM","High","Year-Round","false"
"TN-MKT-CHE-179","TN-COM-BAN","Medium","Year-Round","false"
"TN-MKT-CHE-179","TN-COM-COC","High","Year-Round","false"
"TN-MKT-CHE-179","TN-COM-GND","Medium","Kharif","false"
"TN-MKT-CHE-179","TN-COM-TUR","High","Rabi","false"
"TN-MKT-CHE-179","TN-COM-SUG","Medium","Year-Round","false"
"TN-MKT-CHE-179","TN-COM-PAD","High","Kharif","false"
"TN-MKT-CHE-179","TN-COM-COT","Medium","Kharif","false"
"TN-MKT-CHE-179","TN-COM-MAN","High","Zaid","false"
"TN-MKT-CHE-179","TN-COM-JAS","Medium","Year-Round","false"
"TN-MKT-CHE-180","TN-COM-TOM","High","Year-Round","true"
"TN-MKT-CHE-180","TN-COM-ONI","Medium","Rabi","true"
"TN-MKT-CHE-180","TN-COM-POT","High","Rabi","true"
"TN-MKT-CHE-180","TN-COM-BRI","Medium","Year-Round","true"
"TN-MKT-CHE-180","TN-COM-CHL","High","Kharif","false"
"TN-MKT-CHE-180","TN-COM-BHE","Medium","Year-Round","false"
"TN-MKT-CHE-180","TN-COM-DRM","High","Year-Round","false"
"TN-MKT-CHE-180","TN-COM-BAN","Medium","Year-Round","false"
"TN-MKT-CHE-180","TN-COM-COC","High","Year-Round","false"
"TN-MKT-CHE-180","TN-COM-GND","Medium","Kharif","false"
"TN-MKT-CHE-180","TN-COM-TUR","High","Rabi","false"
"TN-MKT-CHE-180","TN-COM-SUG","Medium","Year-Round","false"
"TN-MKT-CHE-180","TN-COM-PAD","High","Kharif","false"
"TN-MKT-CHE-180","TN-COM-COT","Medium","Kharif","false"
"TN-MKT-CHE-180","TN-COM-MAN","High","Zaid","false"
"TN-MKT-CHE-180","TN-COM-JAS","Medium","Year-Round","false"
"TN-MKT-CHE-181","TN-COM-TOM","High","Year-Round","true"
"TN-MKT-CHE-181","TN-COM-ONI","Medium","Rabi","true"
"TN-MKT-CHE-181","TN-COM-POT","High","Rabi","true"
"TN-MKT-CHE-181","TN-COM-BRI","Medium","Year-Round","true"
"TN-MKT-CHE-181","TN-COM-CHL","High","Kharif","false"
"TN-MKT-CHE-181","TN-COM-BHE","Medium","Year-Round","false"
"TN-MKT-CHE-181","TN-COM-DRM","High","Year-Round","false"
"TN-MKT-CHE-181","TN-COM-BAN","Medium","Year-Round","false"
"TN-MKT-CHE-181","TN-COM-COC","High","Year-Round","false"
"TN-MKT-CHE-181","TN-COM-GND","Medium","Kharif","false"
"TN-MKT-CHE-181","TN-COM-TUR","High","Rabi","false"
"TN-MKT-CHE-181","TN-COM-SUG","Medium","Year-Round","false"
"TN-MKT-CHE-181","TN-COM-PAD","High","Kharif","false"
"TN-MKT-CHE-181","TN-COM-COT","Medium","Kharif","false"
"TN-MKT-CHE-181","TN-COM-MAN","High","Zaid","false"
"TN-MKT-CHE-181","TN-COM-JAS","Medium","Year-Round","false"
"TN-MKT-CHE-182","TN-COM-TOM","High","Year-Round","true"
"TN-MKT-CHE-182","TN-COM-ONI","Medium","Rabi","true"
"TN-MKT-CHE-182","TN-COM-POT","High","Rabi","true"
"TN-MKT-CHE-182","TN-COM-BRI","Medium","Year-Round","true"
"TN-MKT-CHE-182","TN-COM-CHL","High","Kharif","false"
"TN-MKT-CHE-182","TN-COM-BHE","Medium","Year-Round","false"
"TN-MKT-CHE-182","TN-COM-DRM","High","Year-Round","false"
"TN-MKT-CHE-182","TN-COM-BAN","Medium","Year-Round","false"
"TN-MKT-CHE-182","TN-COM-COC","High","Year-Round","false"
"TN-MKT-CHE-182","TN-COM-GND","Medium","Kharif","false"
"TN-MKT-CHE-182","TN-COM-TUR","High","Rabi","false"
"TN-MKT-CHE-182","TN-COM-SUG","Medium","Year-Round","false"
"TN-MKT-CHE-182","TN-COM-PAD","High","Kharif","false"
"TN-MKT-CHE-182","TN-COM-COT","Medium","Kharif","false"
"TN-MKT-CHE-182","TN-COM-MAN","High","Zaid","false"
"TN-MKT-CHE-182","TN-COM-JAS","Medium","Year-Round","false"
"TN-MKT-CHE-183","TN-COM-TOM","High","Year-Round","true"
"TN-MKT-CHE-183","TN-COM-ONI","Medium","Rabi","true"
"TN-MKT-CHE-183","TN-COM-POT","High","Rabi","true"
"TN-MKT-CHE-183","TN-COM-BRI","Medium","Year-Round","true"
"TN-MKT-CHE-183","TN-COM-CHL","High","Kharif","false"
"TN-MKT-CHE-183","TN-COM-BHE","Medium","Year-Round","false"
"TN-MKT-CHE-183","TN-COM-DRM","High","Year-Round","false"
"TN-MKT-CHE-183","TN-COM-BAN","Medium","Year-Round","false"
"TN-MKT-CHE-183","TN-COM-COC","High","Year-Round","false"
"TN-MKT-CHE-183","TN-COM-GND","Medium","Kharif","false"
"TN-MKT-CHE-183","TN-COM-TUR","High","Rabi","false"
"TN-MKT-CHE-183","TN-COM-SUG","Medium","Year-Round","false"
"TN-MKT-CHE-183","TN-COM-PAD","High","Kharif","false"
"TN-MKT-CHE-183","TN-COM-COT","Medium","Kharif","false"
"TN-MKT-CHE-183","TN-COM-MAN","High","Zaid","false"
"TN-MKT-CHE-183","TN-COM-JAS","Medium","Year-Round","false"
"TN-MKT-CHE-184","TN-COM-TOM","High","Year-Round","true"
"TN-MKT-CHE-184","TN-COM-ONI","Medium","Rabi","true"
"TN-MKT-CHE-184","TN-COM-POT","High","Rabi","true"
"TN-MKT-CHE-184","TN-COM-BRI","Medium","Year-Round","true"
"TN-MKT-CHE-184","TN-COM-CHL","High","Kharif","false"
"TN-MKT-CHE-184","TN-COM-BHE","Medium","Year-Round","false"
"TN-MKT-CHE-184","TN-COM-DRM","High","Year-Round","false"
"TN-MKT-CHE-184","TN-COM-BAN","Medium","Year-Round","false"
"TN-MKT-CHE-184","TN-COM-COC","High","Year-Round","false"
"TN-MKT-CHE-184","TN-COM-GND","Medium","Kharif","false"
"TN-MKT-CHE-184","TN-COM-TUR","High","Rabi","false"
"TN-MKT-CHE-184","TN-COM-SUG","Medium","Year-Round","false"
"TN-MKT-CHE-184","TN-COM-PAD","High","Kharif","false"
"TN-MKT-CHE-184","TN-COM-COT","Medium","Kharif","false"
"TN-MKT-CHE-184","TN-COM-MAN","High","Zaid","false"
"TN-MKT-CHE-184","TN-COM-JAS","Medium","Year-Round","false"
"TN-MKT-CHE-185","TN-COM-TOM","High","Year-Round","true"
"TN-MKT-CHE-185","TN-COM-ONI","Medium","Rabi","true"
"TN-MKT-CHE-185","TN-COM-POT","High","Rabi","true"
"TN-MKT-CHE-185","TN-COM-BRI","Medium","Year-Round","true"
"TN-MKT-CHE-185","TN-COM-CHL","High","Kharif","false"
"TN-MKT-CHE-185","TN-COM-BHE","Medium","Year-Round","false"
"TN-MKT-CHE-185","TN-COM-DRM","High","Year-Round","false"
"TN-MKT-CHE-185","TN-COM-BAN","Medium","Year-Round","false"
"TN-MKT-CHE-185","TN-COM-COC","High","Year-Round","false"
"TN-MKT-CHE-185","TN-COM-GND","Medium","Kharif","false"
"TN-MKT-CHE-185","TN-COM-TUR","High","Rabi","false"
"TN-MKT-CHE-185","TN-COM-SUG","Medium","Year-Round","false"
"TN-MKT-CHE-185","TN-COM-PAD","High","Kharif","false"
"TN-MKT-CHE-185","TN-COM-COT","Medium","Kharif","false"
"TN-MKT-CHE-185","TN-COM-MAN","High","Zaid","false"
"TN-MKT-CHE-185","TN-COM-JAS","Medium","Year-Round","false"
"TN-MKT-CHE-186","TN-COM-TOM","High","Year-Round","true"
"TN-MKT-CHE-186","TN-COM-ONI","Medium","Rabi","true"
"TN-MKT-CHE-186","TN-COM-POT","High","Rabi","true"
"TN-MKT-CHE-186","TN-COM-BRI","Medium","Year-Round","true"
"TN-MKT-CHE-186","TN-COM-CHL","High","Kharif","false"
"TN-MKT-CHE-186","TN-COM-BHE","Medium","Year-Round","false"
"TN-MKT-CHE-186","TN-COM-DRM","High","Year-Round","false"
"TN-MKT-CHE-186","TN-COM-BAN","Medium","Year-Round","false"
"TN-MKT-CHE-186","TN-COM-COC","High","Year-Round","false"
"TN-MKT-CHE-186","TN-COM-GND","Medium","Kharif","false"
"TN-MKT-CHE-186","TN-COM-TUR","High","Rabi","false"
"TN-MKT-CHE-186","TN-COM-SUG","Medium","Year-Round","false"
"TN-MKT-CHE-186","TN-COM-PAD","High","Kharif","false"
"TN-MKT-CHE-186","TN-COM-COT","Medium","Kharif","false"
"TN-MKT-CHE-186","TN-COM-MAN","High","Zaid","false"
"TN-MKT-CHE-186","TN-COM-JAS","Medium","Year-Round","false"
"TN-MKT-RAN-187","TN-COM-TOM","High","Year-Round","true"
"TN-MKT-RAN-187","TN-COM-ONI","Medium","Rabi","true"
"TN-MKT-RAN-187","TN-COM-POT","High","Rabi","true"
"TN-MKT-RAN-187","TN-COM-BRI","Medium","Year-Round","true"
"TN-MKT-RAN-187","TN-COM-CHL","High","Kharif","false"
"TN-MKT-RAN-187","TN-COM-BHE","Medium","Year-Round","false"
"TN-MKT-RAN-187","TN-COM-DRM","High","Year-Round","false"
"TN-MKT-RAN-187","TN-COM-BAN","Medium","Year-Round","false"
"TN-MKT-RAN-187","TN-COM-COC","High","Year-Round","false"
"TN-MKT-RAN-187","TN-COM-GND","Medium","Kharif","false"
"TN-MKT-RAN-187","TN-COM-TUR","High","Rabi","false"
"TN-MKT-RAN-187","TN-COM-SUG","Medium","Year-Round","false"
"TN-MKT-RAN-187","TN-COM-PAD","High","Kharif","false"
"TN-MKT-RAN-187","TN-COM-COT","Medium","Kharif","false"
"TN-MKT-RAN-187","TN-COM-MAN","High","Zaid","false"
"TN-MKT-RAN-187","TN-COM-JAS","Medium","Year-Round","false"
"TN-MKT-RAN-188","TN-COM-TOM","High","Year-Round","true"
"TN-MKT-RAN-188","TN-COM-ONI","Medium","Rabi","true"
"TN-MKT-RAN-188","TN-COM-POT","High","Rabi","true"
"TN-MKT-RAN-188","TN-COM-BRI","Medium","Year-Round","true"
"TN-MKT-RAN-188","TN-COM-CHL","High","Kharif","false"
"TN-MKT-RAN-188","TN-COM-BHE","Medium","Year-Round","false"
"TN-MKT-RAN-188","TN-COM-DRM","High","Year-Round","false"
"TN-MKT-RAN-188","TN-COM-BAN","Medium","Year-Round","false"
"TN-MKT-RAN-188","TN-COM-COC","High","Year-Round","false"
"TN-MKT-RAN-188","TN-COM-GND","Medium","Kharif","false"
"TN-MKT-RAN-188","TN-COM-TUR","High","Rabi","false"
"TN-MKT-RAN-188","TN-COM-SUG","Medium","Year-Round","false"
"TN-MKT-RAN-188","TN-COM-PAD","High","Kharif","false"
"TN-MKT-RAN-188","TN-COM-COT","Medium","Kharif","false"
"TN-MKT-RAN-188","TN-COM-MAN","High","Zaid","false"
"TN-MKT-RAN-188","TN-COM-JAS","Medium","Year-Round","false"
"TN-MKT-TIR-189","TN-COM-TOM","High","Year-Round","true"
"TN-MKT-TIR-189","TN-COM-ONI","Medium","Rabi","true"
"TN-MKT-TIR-189","TN-COM-POT","High","Rabi","true"
"TN-MKT-TIR-189","TN-COM-BRI","Medium","Year-Round","true"
"TN-MKT-TIR-189","TN-COM-CHL","High","Kharif","false"
"TN-MKT-TIR-189","TN-COM-BHE","Medium","Year-Round","false"
"TN-MKT-TIR-189","TN-COM-DRM","High","Year-Round","false"
"TN-MKT-TIR-189","TN-COM-BAN","Medium","Year-Round","false"
"TN-MKT-TIR-189","TN-COM-COC","High","Year-Round","false"
"TN-MKT-TIR-189","TN-COM-GND","Medium","Kharif","false"
"TN-MKT-TIR-189","TN-COM-TUR","High","Rabi","false"
"TN-MKT-TIR-189","TN-COM-SUG","Medium","Year-Round","false"
"TN-MKT-TIR-189","TN-COM-PAD","High","Kharif","false"
"TN-MKT-TIR-189","TN-COM-COT","Medium","Kharif","false"
"TN-MKT-TIR-189","TN-COM-MAN","High","Zaid","false"
"TN-MKT-TIR-189","TN-COM-JAS","Medium","Year-Round","false"
"TN-MKT-TIR-190","TN-COM-TOM","High","Year-Round","true"
"TN-MKT-TIR-190","TN-COM-ONI","Medium","Rabi","true"
"TN-MKT-TIR-190","TN-COM-POT","High","Rabi","true"
"TN-MKT-TIR-190","TN-COM-BRI","Medium","Year-Round","true"
"TN-MKT-TIR-190","TN-COM-CHL","High","Kharif","false"
"TN-MKT-TIR-190","TN-COM-BHE","Medium","Year-Round","false"
"TN-MKT-TIR-190","TN-COM-DRM","High","Year-Round","false"
"TN-MKT-TIR-190","TN-COM-BAN","Medium","Year-Round","false"
"TN-MKT-TIR-190","TN-COM-COC","High","Year-Round","false"
"TN-MKT-TIR-190","TN-COM-GND","Medium","Kharif","false"
"TN-MKT-TIR-190","TN-COM-TUR","High","Rabi","false"
"TN-MKT-TIR-190","TN-COM-SUG","Medium","Year-Round","false"
"TN-MKT-TIR-190","TN-COM-PAD","High","Kharif","false"
"TN-MKT-TIR-190","TN-COM-COT","Medium","Kharif","false"
"TN-MKT-TIR-190","TN-COM-MAN","High","Zaid","false"
"TN-MKT-TIR-190","TN-COM-JAS","Medium","Year-Round","false"
"TN-MKT-TIR-191","TN-COM-TOM","High","Year-Round","true"
"TN-MKT-TIR-191","TN-COM-ONI","Medium","Rabi","true"
"TN-MKT-TIR-191","TN-COM-POT","High","Rabi","true"
"TN-MKT-TIR-191","TN-COM-BRI","Medium","Year-Round","true"
"TN-MKT-TIR-191","TN-COM-CHL","High","Kharif","false"
"TN-MKT-TIR-191","TN-COM-BHE","Medium","Year-Round","false"
"TN-MKT-TIR-191","TN-COM-DRM","High","Year-Round","false"
"TN-MKT-TIR-191","TN-COM-BAN","Medium","Year-Round","false"
"TN-MKT-TIR-191","TN-COM-COC","High","Year-Round","false"
"TN-MKT-TIR-191","TN-COM-GND","Medium","Kharif","false"
"TN-MKT-TIR-191","TN-COM-TUR","High","Rabi","false"
"TN-MKT-TIR-191","TN-COM-SUG","Medium","Year-Round","false"
"TN-MKT-TIR-191","TN-COM-PAD","High","Kharif","false"
"TN-MKT-TIR-191","TN-COM-COT","Medium","Kharif","false"
"TN-MKT-TIR-191","TN-COM-MAN","High","Zaid","false"
"TN-MKT-TIR-191","TN-COM-JAS","Medium","Year-Round","false"
"TN-MKT-KAL-192","TN-COM-TOM","High","Year-Round","true"
"TN-MKT-KAL-192","TN-COM-ONI","Medium","Rabi","true"
"TN-MKT-KAL-192","TN-COM-POT","High","Rabi","true"
"TN-MKT-KAL-192","TN-COM-BRI","Medium","Year-Round","true"
"TN-MKT-KAL-192","TN-COM-CHL","High","Kharif","false"
"TN-MKT-KAL-192","TN-COM-BHE","Medium","Year-Round","false"
"TN-MKT-KAL-192","TN-COM-DRM","High","Year-Round","false"
"TN-MKT-KAL-192","TN-COM-BAN","Medium","Year-Round","false"
"TN-MKT-KAL-192","TN-COM-COC","High","Year-Round","false"
"TN-MKT-KAL-192","TN-COM-GND","Medium","Kharif","false"
"TN-MKT-KAL-192","TN-COM-TUR","High","Rabi","false"
"TN-MKT-KAL-192","TN-COM-SUG","Medium","Year-Round","false"
"TN-MKT-KAL-192","TN-COM-PAD","High","Kharif","false"
"TN-MKT-KAL-192","TN-COM-COT","Medium","Kharif","false"
"TN-MKT-KAL-192","TN-COM-MAN","High","Zaid","false"
"TN-MKT-KAL-192","TN-COM-JAS","Medium","Year-Round","false"
"TN-MKT-KAL-193","TN-COM-TOM","High","Year-Round","true"
"TN-MKT-KAL-193","TN-COM-ONI","Medium","Rabi","true"
"TN-MKT-KAL-193","TN-COM-POT","High","Rabi","true"
"TN-MKT-KAL-193","TN-COM-BRI","Medium","Year-Round","true"
"TN-MKT-KAL-193","TN-COM-CHL","High","Kharif","false"
"TN-MKT-KAL-193","TN-COM-BHE","Medium","Year-Round","false"
"TN-MKT-KAL-193","TN-COM-DRM","High","Year-Round","false"
"TN-MKT-KAL-193","TN-COM-BAN","Medium","Year-Round","false"
"TN-MKT-KAL-193","TN-COM-COC","High","Year-Round","false"
"TN-MKT-KAL-193","TN-COM-GND","Medium","Kharif","false"
"TN-MKT-KAL-193","TN-COM-TUR","High","Rabi","false"
"TN-MKT-KAL-193","TN-COM-SUG","Medium","Year-Round","false"
"TN-MKT-KAL-193","TN-COM-PAD","High","Kharif","false"
"TN-MKT-KAL-193","TN-COM-COT","Medium","Kharif","false"
"TN-MKT-KAL-193","TN-COM-MAN","High","Zaid","false"
"TN-MKT-KAL-193","TN-COM-JAS","Medium","Year-Round","false"
"TN-MKT-KAL-194","TN-COM-TOM","High","Year-Round","true"
"TN-MKT-KAL-194","TN-COM-ONI","Medium","Rabi","true"
"TN-MKT-KAL-194","TN-COM-POT","High","Rabi","true"
"TN-MKT-KAL-194","TN-COM-BRI","Medium","Year-Round","true"
"TN-MKT-KAL-194","TN-COM-CHL","High","Kharif","false"
"TN-MKT-KAL-194","TN-COM-BHE","Medium","Year-Round","false"
"TN-MKT-KAL-194","TN-COM-DRM","High","Year-Round","false"
"TN-MKT-KAL-194","TN-COM-BAN","Medium","Year-Round","false"
"TN-MKT-KAL-194","TN-COM-COC","High","Year-Round","false"
"TN-MKT-KAL-194","TN-COM-GND","Medium","Kharif","false"
"TN-MKT-KAL-194","TN-COM-TUR","High","Rabi","false"
"TN-MKT-KAL-194","TN-COM-SUG","Medium","Year-Round","false"
"TN-MKT-KAL-194","TN-COM-PAD","High","Kharif","false"
"TN-MKT-KAL-194","TN-COM-COT","Medium","Kharif","false"
"TN-MKT-KAL-194","TN-COM-MAN","High","Zaid","false"
"TN-MKT-KAL-194","TN-COM-JAS","Medium","Year-Round","false"